{"type":"FeatureCollection","bbox":[97.343473,5.613038,105.636965,20.465024],"features":[{"type":"Feature","id":"TH10","bbox":[100.327926,13.493426,100.938586,13.955229],"properties":{"ADM1_PCODE":"TH10","ADM1_TH":"กรุงเทพมหานคร","ADM1_EN":"Bangkok"},"geometry":{"type":"Polygon","coordinates":[[[100.913982,13.946548],[100.884847,13.942729],[100.839633,13.936479],[100.792584,13.931502],[100.75255,13.918423],[100.728594,13.917498],[100.686941,13.91634],[100.689746,13.931039],[100.66579,13.930345],[100.641187,13.931386],[100.639784,13.937636],[100.62554,13.938215],[100.624785,13.948979],[100.612807,13.955229],[100.604282,13.954303],[100.605685,13.944002],[100.591765,13.950368],[100.574931,13.954303],[100.567485,13.951178],[100.543637,13.849558],[100.536083,13.846086],[100.51871,13.830693],[100.515365,13.827105],[100.511048,13.826179],[100.5063,13.819466],[100.507379,13.815994],[100.515257,13.813216],[100.500042,13.800253],[100.472093,13.790299],[100.469611,13.794813],[100.458065,13.798285],[100.417275,13.801063],[100.348752,13.803378],[100.327926,13.804188],[100.330732,13.79817],[100.333645,13.783934],[100.330947,13.777568],[100.329976,13.766457],[100.335372,13.753263],[100.335156,13.746087],[100.337422,13.733934],[100.334724,13.728378],[100.335803,13.722939],[100.3303,13.719698],[100.333106,13.720855],[100.338825,13.712754],[100.334185,13.713101],[100.331271,13.697244],[100.333537,13.681272],[100.337638,13.677221],[100.341199,13.661365],[100.339364,13.654999],[100.346918,13.655347],[100.345515,13.644698],[100.348537,13.640995],[100.354256,13.640879],[100.359112,13.632777],[100.364939,13.633935],[100.376485,13.619699],[100.377133,13.606388],[100.379938,13.592268],[100.384363,13.58949],[100.385981,13.585092],[100.385226,13.578842],[100.390729,13.567616],[100.391377,13.563217],[100.395801,13.553495],[100.399254,13.552685],[100.4108,13.555116],[100.420081,13.545278],[100.414146,13.536019],[100.406268,13.535787],[100.406808,13.502223],[100.40875,13.493426],[100.436267,13.496667],[100.439612,13.49875],[100.45364,13.501991],[100.444468,13.553611],[100.446626,13.582315],[100.446518,13.586944],[100.455583,13.605231],[100.463892,13.605926],[100.466913,13.597014],[100.469611,13.592847],[100.473604,13.593773],[100.473388,13.599444],[100.480618,13.598055],[100.482021,13.592615],[100.488603,13.58949],[100.491193,13.586134],[100.495941,13.588102],[100.499286,13.594699],[100.504142,13.597477],[100.511588,13.596782],[100.513854,13.602685],[100.521084,13.605231],[100.520329,13.608935],[100.516336,13.61287],[100.516336,13.618541],[100.514178,13.628495],[100.518062,13.634861],[100.515149,13.63949],[100.516983,13.64574],[100.516228,13.651296],[100.517631,13.667268],[100.521516,13.671897],[100.52335,13.677916],[100.530472,13.671897],[100.538565,13.668888],[100.545903,13.671319],[100.550759,13.677221],[100.552593,13.687985],[100.551299,13.698865],[100.553457,13.704536],[100.558097,13.706272],[100.565435,13.705115],[100.580326,13.698749],[100.587232,13.692615],[100.588743,13.682893],[100.579463,13.669235],[100.596513,13.662175],[100.596621,13.660671],[100.608706,13.657198],[100.616368,13.652569],[100.619821,13.654652],[100.636331,13.648518],[100.640755,13.654652],[100.649712,13.652453],[100.650791,13.660439],[100.655431,13.67236],[100.661042,13.671666],[100.666438,13.667152],[100.6782,13.661481],[100.688344,13.65824],[100.698271,13.656388],[100.699242,13.662638],[100.703883,13.67155],[100.705501,13.678842],[100.709818,13.691226],[100.712299,13.70118],[100.710033,13.716804],[100.716292,13.718193],[100.744996,13.71692],[100.772405,13.716341],[100.788052,13.716573],[100.828842,13.701758],[100.85938,13.689606],[100.860783,13.696897],[100.855064,13.699212],[100.877509,13.735786],[100.89035,13.756156],[100.909774,13.790415],[100.928226,13.801295],[100.938586,13.814258],[100.908155,13.837521],[100.912579,13.846665],[100.904163,13.848517],[100.905889,13.855229],[100.906429,13.881155],[100.908479,13.902104],[100.913982,13.946548]]]}},{"type":"Feature","id":"TH11","bbox":[100.444468,13.47838,100.963944,13.718193],"properties":{"ADM1_PCODE":"TH11","ADM1_TH":"สมุทรปราการ","ADM1_EN":"Samut Prakan"},"geometry":{"type":"Polygon","coordinates":[[[100.860783,13.696897],[100.85938,13.689606],[100.828842,13.701758],[100.788052,13.716573],[100.772405,13.716341],[100.744996,13.71692],[100.716292,13.718193],[100.710033,13.716804],[100.712299,13.70118],[100.709818,13.691226],[100.705501,13.678842],[100.703883,13.67155],[100.699242,13.662638],[100.698271,13.656388],[100.688344,13.65824],[100.6782,13.661481],[100.666438,13.667152],[100.661042,13.671666],[100.655431,13.67236],[100.650791,13.660439],[100.649712,13.652453],[100.640755,13.654652],[100.636331,13.648518],[100.619821,13.654652],[100.616368,13.652569],[100.608706,13.657198],[100.596621,13.660671],[100.596513,13.662175],[100.579463,13.669235],[100.588743,13.682893],[100.587232,13.692615],[100.580326,13.698749],[100.565435,13.705115],[100.558097,13.706272],[100.553457,13.704536],[100.551299,13.698865],[100.552593,13.687985],[100.550759,13.677221],[100.545903,13.671319],[100.538565,13.668888],[100.530472,13.671897],[100.52335,13.677916],[100.521516,13.671897],[100.517631,13.667268],[100.516228,13.651296],[100.516983,13.64574],[100.515149,13.63949],[100.518062,13.634861],[100.514178,13.628495],[100.516336,13.618541],[100.516336,13.61287],[100.520329,13.608935],[100.521084,13.605231],[100.513854,13.602685],[100.511588,13.596782],[100.504142,13.597477],[100.499286,13.594699],[100.495941,13.588102],[100.491193,13.586134],[100.488603,13.58949],[100.482021,13.592615],[100.480618,13.598055],[100.473388,13.599444],[100.473604,13.593773],[100.469611,13.592847],[100.466913,13.597014],[100.463892,13.605926],[100.455583,13.605231],[100.446518,13.586944],[100.446626,13.582315],[100.444468,13.553611],[100.45364,13.501991],[100.458388,13.502454],[100.460331,13.499329],[100.46551,13.502685],[100.47069,13.503264],[100.480726,13.500718],[100.486984,13.504074],[100.499394,13.505579],[100.502523,13.507084],[100.513746,13.507084],[100.520005,13.50882],[100.533601,13.509398],[100.538457,13.510787],[100.549572,13.511366],[100.569427,13.515996],[100.572449,13.514954],[100.582161,13.522708],[100.588096,13.534051],[100.584427,13.539259],[100.611944,13.538912],[100.622087,13.529537],[100.622627,13.526991],[100.631152,13.520625],[100.636871,13.518658],[100.654136,13.516343],[100.681114,13.506273],[100.703667,13.505463],[100.707767,13.501644],[100.721903,13.500023],[100.729349,13.500486],[100.763449,13.493079],[100.776506,13.490533],[100.783628,13.492963],[100.79075,13.493079],[100.798627,13.488565],[100.80467,13.487639],[100.812763,13.489144],[100.832834,13.482547],[100.847294,13.480695],[100.848373,13.47838],[100.8501,13.483241],[100.860135,13.484514],[100.863157,13.489607],[100.869632,13.488218],[100.872437,13.494815],[100.872545,13.507778],[100.871574,13.512292],[100.874056,13.520162],[100.872113,13.523403],[100.879559,13.548171],[100.884307,13.551875],[100.886465,13.557199],[100.889811,13.558356],[100.890566,13.564259],[100.904055,13.554074],[100.908263,13.562176],[100.913874,13.56912],[100.913659,13.577106],[100.906968,13.580578],[100.907076,13.592037],[100.913982,13.592384],[100.917867,13.594467],[100.923586,13.593773],[100.929629,13.600023],[100.944737,13.618657],[100.959736,13.633009],[100.963944,13.644583],[100.954233,13.646897],[100.952614,13.654999],[100.955851,13.662407],[100.91668,13.675948],[100.89348,13.684397],[100.877401,13.689721],[100.860783,13.696897]]]}},{"type":"Feature","id":"TH12","bbox":[100.262425,13.790299,100.567485,14.140181],"properties":{"ADM1_PCODE":"TH12","ADM1_TH":"นนทบุรี","ADM1_EN":"Nonthaburi"},"geometry":{"type":"Polygon","coordinates":[[[100.567485,13.951178],[100.56155,13.949326],[100.54191,13.953608],[100.538997,13.955692],[100.535328,13.947706],[100.527558,13.943886],[100.508782,13.943192],[100.501768,13.93671],[100.488387,13.943539],[100.486229,13.950136],[100.476194,13.960437],[100.466805,13.968886],[100.462381,13.970738],[100.460655,13.976525],[100.45677,13.974789],[100.453425,13.967382],[100.436914,13.979766],[100.429037,13.982428],[100.381773,13.994696],[100.380478,13.988793],[100.365155,13.992034],[100.355767,14.000483],[100.347134,14.015298],[100.336559,14.037867],[100.331595,14.056386],[100.332026,14.064835],[100.33494,14.07826],[100.341415,14.096895],[100.344112,14.115066],[100.340443,14.121431],[100.333106,14.128955],[100.320804,14.129649],[100.299977,14.140181],[100.293179,14.136015],[100.281849,14.126871],[100.283683,14.100714],[100.277208,14.101177],[100.276021,14.079649],[100.272029,14.072126],[100.272353,14.068191],[100.264151,14.060089],[100.268684,14.037404],[100.276885,14.023863],[100.269655,14.0234],[100.269007,14.01877],[100.264151,14.010205],[100.263288,14.004303],[100.265554,14.001178],[100.262425,13.998053],[100.268036,13.993539],[100.274079,13.982775],[100.286381,13.971201],[100.298143,13.963446],[100.287028,13.947243],[100.27246,13.931965],[100.265446,13.920623],[100.276129,13.912984],[100.327926,13.804188],[100.348752,13.803378],[100.417275,13.801063],[100.458065,13.798285],[100.469611,13.794813],[100.472093,13.790299],[100.500042,13.800253],[100.515257,13.813216],[100.507379,13.815994],[100.5063,13.819466],[100.511048,13.826179],[100.515365,13.827105],[100.51871,13.830693],[100.536083,13.846086],[100.543637,13.849558],[100.567485,13.951178]]]}},{"type":"Feature","id":"TH13","bbox":[100.331595,13.91634,100.951211,14.275944],"properties":{"ADM1_PCODE":"TH13","ADM1_TH":"ปทุมธานี","ADM1_EN":"Pathum Thani"},"geometry":{"type":"Polygon","coordinates":[[[100.951211,14.271662],[100.8924,14.243653],[100.891645,14.243653],[100.891537,14.275944],[100.821504,14.242727],[100.736795,14.202334],[100.692228,14.181269],[100.619713,14.143075],[100.619821,14.128955],[100.614857,14.128955],[100.606872,14.136246],[100.597484,14.132311],[100.593383,14.132311],[100.579679,14.12745],[100.574283,14.122936],[100.562845,14.122473],[100.560255,14.118191],[100.555831,14.120274],[100.546874,14.11576],[100.539428,14.118538],[100.530904,14.119695],[100.520436,14.124904],[100.517739,14.130112],[100.508674,14.124904],[100.500042,14.117728],[100.49184,14.11414],[100.473927,14.111131],[100.462813,14.112751],[100.453317,14.116455],[100.442634,14.114256],[100.419217,14.113908],[100.414577,14.114719],[100.394614,14.115066],[100.366018,14.114834],[100.355011,14.113561],[100.344112,14.115066],[100.341415,14.096895],[100.33494,14.07826],[100.332026,14.064835],[100.331595,14.056386],[100.336559,14.037867],[100.347134,14.015298],[100.355767,14.000483],[100.365155,13.992034],[100.380478,13.988793],[100.381773,13.994696],[100.429037,13.982428],[100.436914,13.979766],[100.453425,13.967382],[100.45677,13.974789],[100.460655,13.976525],[100.462381,13.970738],[100.466805,13.968886],[100.476194,13.960437],[100.486229,13.950136],[100.488387,13.943539],[100.501768,13.93671],[100.508782,13.943192],[100.527558,13.943886],[100.535328,13.947706],[100.538997,13.955692],[100.54191,13.953608],[100.56155,13.949326],[100.567485,13.951178],[100.574931,13.954303],[100.591765,13.950368],[100.605685,13.944002],[100.604282,13.954303],[100.612807,13.955229],[100.624785,13.948979],[100.62554,13.938215],[100.639784,13.937636],[100.641187,13.931386],[100.66579,13.930345],[100.689746,13.931039],[100.686941,13.91634],[100.728594,13.917498],[100.75255,13.918423],[100.792584,13.931502],[100.839633,13.936479],[100.884847,13.942729],[100.913982,13.946548],[100.914198,13.961247],[100.914953,14.083353],[100.913551,14.113908],[100.913659,14.156269],[100.91409,14.221662],[100.946463,14.237171],[100.945384,14.249208],[100.949269,14.254995],[100.950887,14.261708],[100.9497,14.266685],[100.951211,14.271662]]]}},{"type":"Feature","id":"TH14","bbox":[100.212894,14.111131,100.823123,14.672932],"properties":{"ADM1_PCODE":"TH14","ADM1_TH":"พระนครศรีอยุธยา","ADM1_EN":"Phra Nakhon Si Ayutthaya"},"geometry":{"type":"Polygon","coordinates":[[[100.602232,14.654993],[100.599966,14.657076],[100.585398,14.66321],[100.580758,14.664368],[100.574283,14.661011],[100.562629,14.662863],[100.558636,14.660085],[100.55227,14.661243],[100.552701,14.666567],[100.54914,14.671428],[100.542774,14.669229],[100.538781,14.669923],[100.535544,14.666567],[100.530904,14.669345],[100.521731,14.664136],[100.508458,14.660664],[100.507811,14.665872],[100.510077,14.670155],[100.506732,14.672932],[100.503387,14.669923],[100.503603,14.657771],[100.508135,14.652562],[100.500257,14.650595],[100.500905,14.646312],[100.498962,14.634738],[100.502955,14.629761],[100.499826,14.627099],[100.499934,14.617493],[100.492056,14.611243],[100.492488,14.603373],[100.491085,14.597933],[100.493351,14.591914],[100.491625,14.582077],[100.492704,14.579299],[100.490545,14.571891],[100.486121,14.568188],[100.481049,14.568304],[100.47997,14.562979],[100.483747,14.562401],[100.490006,14.551984],[100.490869,14.542609],[100.493351,14.540989],[100.492596,14.531382],[100.496912,14.526637],[100.497883,14.517725],[100.490977,14.514832],[100.493027,14.509971],[100.500149,14.502332],[100.49238,14.49585],[100.490977,14.488327],[100.493783,14.483582],[100.493783,14.467841],[100.496912,14.459508],[100.490977,14.458119],[100.478891,14.450827],[100.476409,14.445503],[100.464216,14.441684],[100.457633,14.4418],[100.44231,14.444925],[100.435512,14.448513],[100.429685,14.447008],[100.426555,14.448513],[100.420189,14.447124],[100.419217,14.470735],[100.41652,14.476869],[100.418786,14.487748],[100.426771,14.493073],[100.418138,14.498744],[100.415117,14.498628],[100.411232,14.50592],[100.401304,14.506961],[100.398499,14.508929],[100.388895,14.509623],[100.377133,14.508582],[100.377348,14.504647],[100.374219,14.500017],[100.351558,14.496776],[100.341307,14.494461],[100.327818,14.489253],[100.324581,14.490758],[100.31379,14.489253],[100.308071,14.49423],[100.294366,14.496776],[100.287028,14.495272],[100.284978,14.484739],[100.281201,14.483698],[100.273971,14.486128],[100.267281,14.490179],[100.25854,14.491336],[100.253145,14.482887],[100.253037,14.47629],[100.248828,14.468536],[100.246023,14.468651],[100.244404,14.458582],[100.252066,14.440064],[100.248612,14.43555],[100.258864,14.4293],[100.263504,14.427795],[100.261562,14.422124],[100.272676,14.41217],[100.273432,14.406152],[100.279475,14.400133],[100.275914,14.387633],[100.27559,14.382425],[100.272137,14.374208],[100.267173,14.374092],[100.267497,14.362055],[100.272892,14.358698],[100.274619,14.34805],[100.278503,14.345851],[100.278719,14.340064],[100.276345,14.330689],[100.282496,14.329532],[100.278503,14.321083],[100.269979,14.317842],[100.268576,14.31275],[100.255734,14.299092],[100.250986,14.291916],[100.250986,14.287171],[100.248181,14.274787],[100.250879,14.262981],[100.248289,14.252102],[100.243433,14.240991],[100.233613,14.24157],[100.234692,14.231963],[100.231779,14.227681],[100.231455,14.213098],[100.23534,14.210898],[100.236634,14.200019],[100.233829,14.194695],[100.228433,14.195274],[100.217319,14.187982],[100.212894,14.179186],[100.245159,14.17363],[100.268899,14.171663],[100.284115,14.169579],[100.281525,14.14076],[100.281849,14.126871],[100.293179,14.136015],[100.299977,14.140181],[100.320804,14.129649],[100.333106,14.128955],[100.340443,14.121431],[100.344112,14.115066],[100.355011,14.113561],[100.366018,14.114834],[100.394614,14.115066],[100.414577,14.114719],[100.419217,14.113908],[100.442634,14.114256],[100.453317,14.116455],[100.462813,14.112751],[100.473927,14.111131],[100.49184,14.11414],[100.500042,14.117728],[100.508674,14.124904],[100.517739,14.130112],[100.520436,14.124904],[100.530904,14.119695],[100.539428,14.118538],[100.546874,14.11576],[100.555831,14.120274],[100.560255,14.118191],[100.562845,14.122473],[100.574283,14.122936],[100.579679,14.12745],[100.593383,14.132311],[100.597484,14.132311],[100.606872,14.136246],[100.614857,14.128955],[100.619821,14.128955],[100.619713,14.143075],[100.692228,14.181269],[100.736795,14.202334],[100.821504,14.242727],[100.823015,14.245273],[100.823123,14.329648],[100.811252,14.325018],[100.803591,14.325018],[100.785138,14.323166],[100.775534,14.318537],[100.772189,14.32525],[100.777585,14.327796],[100.774347,14.334162],[100.781038,14.340874],[100.781362,14.347009],[100.783736,14.349439],[100.78352,14.35511],[100.788591,14.357194],[100.790965,14.362634],[100.787512,14.365064],[100.78503,14.379763],[100.790858,14.38312],[100.793771,14.394462],[100.786217,14.395156],[100.780498,14.397703],[100.783196,14.40268],[100.780282,14.411476],[100.774995,14.41217],[100.771866,14.406962],[100.762585,14.409277],[100.759456,14.411707],[100.768412,14.422703],[100.762585,14.427448],[100.772405,14.434624],[100.761075,14.451522],[100.766146,14.453952],[100.766578,14.460897],[100.770247,14.466684],[100.768089,14.468883],[100.766362,14.478489],[100.773808,14.48092],[100.772945,14.483698],[100.765607,14.484392],[100.767441,14.489832],[100.77165,14.49423],[100.767333,14.498397],[100.760427,14.49967],[100.755355,14.505688],[100.751471,14.50592],[100.747478,14.51298],[100.749744,14.51842],[100.759348,14.518998],[100.761938,14.522818],[100.775319,14.526984],[100.778664,14.530804],[100.775858,14.54423],[100.777045,14.556498],[100.780714,14.560086],[100.782764,14.56703],[100.768844,14.566104],[100.763233,14.568419],[100.746183,14.57004],[100.73086,14.569345],[100.72417,14.571544],[100.724277,14.575942],[100.717371,14.576521],[100.712515,14.574901],[100.701185,14.579183],[100.685106,14.582192],[100.68025,14.585665],[100.679171,14.59203],[100.672697,14.598396],[100.665575,14.599901],[100.656618,14.603488],[100.66169,14.588789],[100.66892,14.58254],[100.671618,14.575479],[100.674747,14.574438],[100.673992,14.564947],[100.676797,14.564021],[100.676258,14.558118],[100.666654,14.556614],[100.657805,14.549669],[100.64777,14.548512],[100.63277,14.552447],[100.62144,14.563095],[100.618418,14.564368],[100.601908,14.554183],[100.601153,14.558697],[100.602879,14.567378],[100.603635,14.578489],[100.594678,14.583118],[100.588311,14.589368],[100.579895,14.591104],[100.575362,14.59585],[100.578276,14.598396],[100.576765,14.602447],[100.577736,14.610086],[100.58324,14.614484],[100.580002,14.619461],[100.5827,14.623164],[100.583779,14.630109],[100.597052,14.650363],[100.602232,14.654993]]]}},{"type":"Feature","id":"TH15","bbox":[100.191636,14.441684,100.508135,14.801172],"properties":{"ADM1_PCODE":"TH15","ADM1_TH":"อ่างทอง","ADM1_EN":"Ang Thong"},"geometry":{"type":"Polygon","coordinates":[[[100.457957,14.721196],[100.450727,14.721196],[100.43767,14.727793],[100.422455,14.728603],[100.416196,14.72571],[100.41652,14.732191],[100.41339,14.738557],[100.41652,14.743997],[100.412203,14.752793],[100.402923,14.759274],[100.399686,14.750825],[100.392672,14.743881],[100.382744,14.744113],[100.379938,14.746427],[100.371413,14.763094],[100.355982,14.761589],[100.35199,14.769112],[100.348321,14.772237],[100.348645,14.779876],[100.343141,14.782075],[100.339796,14.788904],[100.335695,14.790409],[100.336559,14.794344],[100.331163,14.801172],[100.311739,14.798163],[100.314329,14.78983],[100.304294,14.788209],[100.297495,14.788441],[100.294798,14.781034],[100.290265,14.785085],[100.277964,14.790177],[100.27354,14.798163],[100.265446,14.795733],[100.254871,14.795501],[100.246454,14.800594],[100.24149,14.797932],[100.226383,14.795038],[100.229728,14.783927],[100.224009,14.783001],[100.222498,14.779298],[100.216024,14.778719],[100.211492,14.773742],[100.205449,14.770733],[100.207283,14.758812],[100.20437,14.758812],[100.206528,14.737747],[100.212139,14.738557],[100.212571,14.729414],[100.218614,14.731613],[100.218722,14.725478],[100.211276,14.722932],[100.212247,14.718303],[100.209333,14.71321],[100.214297,14.708233],[100.215916,14.694807],[100.223577,14.688905],[100.222822,14.68196],[100.224657,14.677215],[100.221096,14.670965],[100.222283,14.665409],[100.226383,14.661474],[100.231994,14.660085],[100.233289,14.655687],[100.242677,14.653025],[100.243001,14.649437],[100.23426,14.646659],[100.229512,14.642724],[100.214621,14.642261],[100.213542,14.637285],[100.209333,14.637979],[100.208362,14.632423],[100.210952,14.629183],[100.207283,14.622817],[100.201888,14.623974],[100.201348,14.619808],[100.194442,14.620618],[100.191636,14.61703],[100.191744,14.609044],[100.197571,14.606382],[100.199837,14.602794],[100.218182,14.597817],[100.216348,14.59203],[100.206851,14.582887],[100.210089,14.579299],[100.209657,14.573396],[100.198219,14.567378],[100.196061,14.561359],[100.197032,14.555688],[100.201564,14.548628],[100.206528,14.543998],[100.208254,14.53879],[100.204801,14.530572],[100.206744,14.523281],[100.212031,14.516221],[100.22498,14.508582],[100.231779,14.502679],[100.233937,14.495735],[100.230484,14.488096],[100.231347,14.485318],[100.238577,14.479994],[100.249584,14.485086],[100.253145,14.482887],[100.25854,14.491336],[100.267281,14.490179],[100.273971,14.486128],[100.281201,14.483698],[100.284978,14.484739],[100.287028,14.495272],[100.294366,14.496776],[100.308071,14.49423],[100.31379,14.489253],[100.324581,14.490758],[100.327818,14.489253],[100.341307,14.494461],[100.351558,14.496776],[100.374219,14.500017],[100.377348,14.504647],[100.377133,14.508582],[100.388895,14.509623],[100.398499,14.508929],[100.401304,14.506961],[100.411232,14.50592],[100.415117,14.498628],[100.418138,14.498744],[100.426771,14.493073],[100.418786,14.487748],[100.41652,14.476869],[100.419217,14.470735],[100.420189,14.447124],[100.426555,14.448513],[100.429685,14.447008],[100.435512,14.448513],[100.44231,14.444925],[100.457633,14.4418],[100.464216,14.441684],[100.476409,14.445503],[100.478891,14.450827],[100.490977,14.458119],[100.496912,14.459508],[100.493783,14.467841],[100.493783,14.483582],[100.490977,14.488327],[100.49238,14.49585],[100.500149,14.502332],[100.493027,14.509971],[100.490977,14.514832],[100.497883,14.517725],[100.496912,14.526637],[100.492596,14.531382],[100.493351,14.540989],[100.490869,14.542609],[100.490006,14.551984],[100.483747,14.562401],[100.47997,14.562979],[100.481049,14.568304],[100.486121,14.568188],[100.490545,14.571891],[100.492704,14.579299],[100.491625,14.582077],[100.493351,14.591914],[100.491085,14.597933],[100.492488,14.603373],[100.492056,14.611243],[100.499934,14.617493],[100.499826,14.627099],[100.502955,14.629761],[100.498962,14.634738],[100.500905,14.646312],[100.500257,14.650595],[100.508135,14.652562],[100.503603,14.657771],[100.503387,14.669923],[100.496265,14.676289],[100.497775,14.680803],[100.504034,14.685317],[100.500365,14.688905],[100.495401,14.700479],[100.489143,14.698742],[100.474899,14.703488],[100.474791,14.70696],[100.469072,14.708696],[100.467992,14.715293],[100.463352,14.720617],[100.457957,14.721196]]]}},{"type":"Feature","id":"TH16","bbox":[100.419973,14.647007,101.403783,15.756143],"properties":{"ADM1_PCODE":"TH16","ADM1_TH":"ลพบุรี","ADM1_EN":"Lop Buri"},"geometry":{"type":"Polygon","coordinates":[[[101.381986,15.331377],[101.382525,15.339016],[101.377993,15.353252],[101.376374,15.3639],[101.376051,15.379178],[101.380367,15.385891],[101.377777,15.389826],[101.377238,15.404409],[101.378101,15.409155],[101.377777,15.43346],[101.382094,15.456608],[101.384791,15.467719],[101.385763,15.486469],[101.384144,15.490057],[101.378641,15.511584],[101.375943,15.517603],[101.373677,15.527557],[101.374216,15.530681],[101.373137,15.556723],[101.370008,15.571422],[101.369684,15.584964],[101.370655,15.598274],[101.374108,15.613436],[101.374648,15.618644],[101.379288,15.637047],[101.389,15.656607],[101.392669,15.673968],[101.394719,15.678366],[101.395259,15.691097],[101.399791,15.701861],[101.400222,15.713088],[101.396877,15.721305],[101.400978,15.72906],[101.403783,15.738435],[101.400222,15.742023],[101.390942,15.745611],[101.386302,15.737972],[101.381446,15.736814],[101.363749,15.742717],[101.359972,15.746074],[101.351124,15.748504],[101.340656,15.756143],[101.33634,15.753018],[101.33893,15.746537],[101.337743,15.740518],[101.333966,15.738203],[101.336772,15.732185],[101.335261,15.728481],[101.338067,15.718759],[101.34152,15.717139],[101.343354,15.71193],[101.346376,15.711236],[101.35285,15.704291],[101.353282,15.694454],[101.36008,15.688551],[101.354361,15.676861],[101.351016,15.673852],[101.351555,15.667833],[101.345512,15.660773],[101.340764,15.658921],[101.339469,15.654292],[101.342922,15.651861],[101.344002,15.63994],[101.342922,15.634847],[101.335585,15.62825],[101.336124,15.623736],[101.332455,15.622116],[101.331808,15.610311],[101.328463,15.605334],[101.323607,15.606723],[101.317024,15.602556],[101.31778,15.596538],[101.315621,15.588089],[101.311952,15.584385],[101.309686,15.578714],[101.311629,15.573737],[101.309686,15.568644],[101.307636,15.552441],[101.300838,15.540751],[101.290263,15.536931],[101.287565,15.530103],[101.28832,15.525126],[101.29609,15.528714],[101.304291,15.519339],[101.302133,15.517024],[101.301054,15.505913],[101.301701,15.499547],[101.304723,15.490173],[101.30332,15.482649],[101.307204,15.47177],[101.303643,15.467256],[101.302672,15.46089],[101.297708,15.456376],[101.299435,15.447349],[101.302564,15.442719],[101.301701,15.437164],[101.307204,15.435196],[101.30278,15.430798],[101.302241,15.422233],[101.304723,15.414942],[101.303428,15.410196],[101.302564,15.393298],[101.305154,15.391678],[101.299003,15.38022],[101.285191,15.374433],[101.279364,15.363784],[101.27494,15.360775],[101.270623,15.361007],[101.261667,15.355451],[101.253142,15.351632],[101.248394,15.352558],[101.241703,15.350359],[101.237927,15.345845],[101.227891,15.340521],[101.221956,15.339711],[101.212352,15.333924],[101.213647,15.330104],[101.211381,15.325359],[101.205446,15.319456],[101.197784,15.327326],[101.189259,15.329641],[101.18559,15.327211],[101.179224,15.328947],[101.173181,15.326516],[101.158397,15.332535],[101.157102,15.335544],[101.145772,15.337164],[101.137787,15.339595],[101.129909,15.337627],[101.127643,15.331493],[101.122356,15.325937],[101.110054,15.325243],[101.107572,15.329873],[101.096997,15.333924],[101.088796,15.339942],[101.085235,15.34434],[101.082213,15.356261],[101.07671,15.348507],[101.073796,15.341447],[101.070343,15.338437],[101.066135,15.327905],[101.050919,15.320961],[101.047466,15.324664],[101.033654,15.327326],[101.02664,15.337627],[101.020489,15.337511],[101.014986,15.335197],[101.01013,15.33022],[101.001389,15.31853],[100.996533,15.318299],[100.986066,15.32478],[100.984555,15.329757],[100.978404,15.333345],[100.977001,15.33647],[100.983908,15.347349],[100.977217,15.358692],[100.978728,15.369571],[100.976246,15.373275],[100.977973,15.377326],[100.977325,15.385775],[100.975383,15.389016],[100.97657,15.402326],[100.972901,15.402442],[100.973009,15.410428],[100.977109,15.411817],[100.974843,15.416562],[100.967937,15.415057],[100.963405,15.411585],[100.953909,15.412395],[100.948729,15.40765],[100.945276,15.40765],[100.938694,15.412048],[100.931572,15.41471],[100.931032,15.424895],[100.925744,15.432997],[100.924989,15.442719],[100.928334,15.451747],[100.926716,15.456608],[100.92909,15.464362],[100.932111,15.466214],[100.928118,15.472349],[100.926284,15.480219],[100.928766,15.487626],[100.923155,15.49052],[100.916464,15.488784],[100.915601,15.494918],[100.907076,15.494918],[100.903947,15.496422],[100.898767,15.503946],[100.900278,15.512858],[100.887868,15.51795],[100.889703,15.524084],[100.88517,15.52883],[100.879775,15.527904],[100.867473,15.529524],[100.854308,15.52501],[100.856359,15.531839],[100.853769,15.54133],[100.854416,15.547927],[100.847834,15.550242],[100.845676,15.555334],[100.838877,15.559501],[100.837474,15.563436],[100.831,15.562626],[100.815245,15.552556],[100.806289,15.548853],[100.790642,15.537742],[100.782764,15.537742],[100.776074,15.534038],[100.768952,15.533691],[100.760751,15.525936],[100.75924,15.518992],[100.755355,15.515867],[100.746075,15.513205],[100.751471,15.507302],[100.752873,15.501631],[100.767225,15.498622],[100.770463,15.490867],[100.766146,15.484501],[100.771326,15.46471],[100.768305,15.462626],[100.759888,15.461006],[100.757837,15.457881],[100.748989,15.458691],[100.745644,15.454062],[100.739924,15.450474],[100.731076,15.447117],[100.725572,15.449895],[100.721472,15.446539],[100.717371,15.447233],[100.711976,15.44133],[100.705177,15.439478],[100.696868,15.444802],[100.687264,15.447812],[100.687264,15.450126],[100.679279,15.452557],[100.675934,15.451284],[100.666762,15.432997],[100.658884,15.435312],[100.65964,15.429062],[100.652949,15.425242],[100.648957,15.41934],[100.644424,15.417951],[100.645935,15.412048],[100.643669,15.407534],[100.646151,15.403483],[100.642914,15.395497],[100.645288,15.389247],[100.64259,15.381261],[100.642266,15.372581],[100.632231,15.361933],[100.634605,15.353947],[100.635252,15.345845],[100.631152,15.341678],[100.629965,15.334039],[100.634497,15.327789],[100.632878,15.323275],[100.627914,15.322465],[100.621979,15.319109],[100.622087,15.31228],[100.613886,15.306725],[100.612699,15.296077],[100.608814,15.293299],[100.593275,15.287743],[100.597052,15.278253],[100.590038,15.268299],[100.595649,15.267026],[100.601153,15.261586],[100.602124,15.256956],[100.60903,15.251054],[100.617555,15.246424],[100.615181,15.241332],[100.610649,15.244688],[100.605685,15.243994],[100.59252,15.247234],[100.586261,15.244572],[100.582916,15.238091],[100.59047,15.232188],[100.590254,15.229642],[100.583995,15.226401],[100.576657,15.21529],[100.554536,15.193878],[100.547953,15.188438],[100.540076,15.185198],[100.531875,15.183693],[100.529825,15.178138],[100.524969,15.172351],[100.521731,15.161471],[100.51817,15.154874],[100.518602,15.147698],[100.506948,15.130337],[100.499286,15.128138],[100.491517,15.121078],[100.483639,15.117258],[100.481589,15.112513],[100.475007,15.106726],[100.466697,15.115175],[100.459252,15.116332],[100.457849,15.104064],[100.452885,15.103601],[100.443605,15.089133],[100.443605,15.084157],[100.436051,15.07374],[100.432166,15.071425],[100.427418,15.061124],[100.446626,15.055222],[100.467453,15.032189],[100.469179,15.023509],[100.461194,15.00256],[100.451374,15.003949],[100.446842,15.003139],[100.447274,14.996773],[100.444252,14.995963],[100.450403,14.982884],[100.451266,14.957653],[100.449108,14.942722],[100.445547,14.939829],[100.421268,14.929991],[100.419973,14.927097],[100.422778,14.920269],[100.422886,14.908348],[100.424613,14.898394],[100.428713,14.88925],[100.426987,14.885547],[100.430224,14.880454],[100.435296,14.882653],[100.438425,14.875825],[100.449324,14.874204],[100.445331,14.862399],[100.447813,14.857306],[100.45677,14.857538],[100.459468,14.851404],[100.457417,14.841681],[100.45472,14.835894],[100.460762,14.832075],[100.46605,14.826867],[100.464216,14.820501],[100.482668,14.811242],[100.472956,14.800709],[100.469072,14.799205],[100.471877,14.793649],[100.469503,14.787978],[100.473927,14.781034],[100.472201,14.770848],[100.476949,14.765293],[100.472417,14.761705],[100.484287,14.756612],[100.488064,14.748048],[100.482992,14.744344],[100.484718,14.739483],[100.478352,14.738789],[100.477381,14.732886],[100.473604,14.73115],[100.47533,14.723627],[100.469179,14.721659],[100.463244,14.725941],[100.457957,14.721196],[100.463352,14.720617],[100.467992,14.715293],[100.469072,14.708696],[100.474791,14.70696],[100.474899,14.703488],[100.489143,14.698742],[100.495401,14.700479],[100.500365,14.688905],[100.504034,14.685317],[100.497775,14.680803],[100.496265,14.676289],[100.503387,14.669923],[100.506732,14.672932],[100.510077,14.670155],[100.507811,14.665872],[100.508458,14.660664],[100.521731,14.664136],[100.530904,14.669345],[100.535544,14.666567],[100.538781,14.669923],[100.542774,14.669229],[100.54914,14.671428],[100.552701,14.666567],[100.55227,14.661243],[100.558636,14.660085],[100.562629,14.662863],[100.574283,14.661011],[100.580758,14.664368],[100.585398,14.66321],[100.599966,14.657076],[100.602232,14.654993],[100.606009,14.653488],[100.608814,14.648164],[100.614318,14.647007],[100.619174,14.648743],[100.626943,14.654761],[100.630504,14.650016],[100.6359,14.662979],[100.640432,14.668419],[100.636007,14.670386],[100.641727,14.676405],[100.646259,14.686937],[100.649388,14.690872],[100.650899,14.698164],[100.655107,14.698742],[100.65705,14.704529],[100.650467,14.706613],[100.651439,14.710548],[100.665251,14.735316],[100.674747,14.74446],[100.680358,14.74446],[100.685862,14.749205],[100.686509,14.756034],[100.689207,14.759159],[100.695034,14.760548],[100.712192,14.761821],[100.724493,14.760085],[100.73755,14.776751],[100.750392,14.778835],[100.765283,14.791334],[100.766686,14.796659],[100.774563,14.794575],[100.778448,14.79527],[100.789131,14.793996],[100.793987,14.79145],[100.80413,14.794344],[100.814058,14.795154],[100.819346,14.803024],[100.837151,14.804645],[100.845999,14.802677],[100.848158,14.793534],[100.845784,14.789483],[100.864883,14.782191],[100.867473,14.768071],[100.870495,14.77108],[100.879559,14.770501],[100.889271,14.7727],[100.894019,14.769344],[100.901896,14.769691],[100.90535,14.766335],[100.906752,14.760779],[100.913011,14.756728],[100.918515,14.755455],[100.928334,14.750594],[100.934269,14.752677],[100.941068,14.750363],[100.943442,14.74446],[100.948513,14.742724],[100.955312,14.746543],[100.95952,14.743765],[100.962973,14.745617],[100.96621,14.75152],[100.970311,14.748974],[100.977325,14.748858],[100.989843,14.741219],[100.990382,14.750594],[100.992217,14.754992],[100.990922,14.763094],[100.998044,14.777677],[101.006029,14.784506],[101.015093,14.795038],[101.016712,14.800825],[101.020165,14.802677],[101.023834,14.809853],[101.029014,14.807654],[101.034086,14.80152],[101.042071,14.79851],[101.045092,14.794691],[101.054373,14.790177],[101.054804,14.785547],[101.058473,14.778835],[101.054588,14.77652],[101.058041,14.768418],[101.061818,14.767492],[101.062897,14.759622],[101.070235,14.760316],[101.072825,14.767029],[101.065379,14.77733],[101.062034,14.789598],[101.063005,14.792145],[101.072933,14.791913],[101.069156,14.802561],[101.068077,14.810895],[101.070667,14.815756],[101.079515,14.812746],[101.078544,14.818881],[101.088904,14.832075],[101.078328,14.835547],[101.071422,14.831381],[101.067969,14.831149],[101.065379,14.840177],[101.068401,14.84388],[101.075523,14.846311],[101.08081,14.851172],[101.081674,14.845732],[101.088796,14.846195],[101.09376,14.856959],[101.090091,14.865292],[101.081997,14.877792],[101.081674,14.882885],[101.084911,14.890639],[101.090954,14.892375],[101.09117,14.902676],[101.093867,14.906727],[101.099587,14.909274],[101.102392,14.906264],[101.108651,14.907537],[101.122356,14.902213],[101.128398,14.903487],[101.134765,14.901866],[101.139405,14.898047],[101.152462,14.897237],[101.156563,14.900362],[101.165088,14.902561],[101.174368,14.91182],[101.180627,14.916102],[101.184835,14.915639],[101.192712,14.921195],[101.20577,14.919111],[101.208575,14.91726],[101.213539,14.920269],[101.221309,14.918417],[101.232531,14.920385],[101.238142,14.917838],[101.241488,14.918417],[101.247638,14.914945],[101.257998,14.91263],[101.266738,14.918996],[101.268465,14.924783],[101.271918,14.92675],[101.272781,14.932769],[101.279795,14.93763],[101.286054,14.944806],[101.292745,14.946773],[101.305802,14.956495],[101.320262,14.964829],[101.329218,14.965523],[101.329973,14.972468],[101.333858,14.978139],[101.331808,14.982884],[101.334721,14.98462],[101.336556,14.990407],[101.341088,14.990407],[101.347563,14.992954],[101.349505,14.999898],[101.349181,15.012282],[101.35749,15.030106],[101.362994,15.036472],[101.363102,15.047004],[101.371303,15.046078],[101.372598,15.053023],[101.376374,15.056263],[101.377777,15.064828],[101.381554,15.068185],[101.392992,15.071425],[101.395798,15.074434],[101.400222,15.07374],[101.397956,15.098393],[101.399683,15.101865],[101.400654,15.110893],[101.399035,15.122235],[101.399575,15.1308],[101.401949,15.138207],[101.400762,15.143416],[101.401949,15.152559],[101.399575,15.159388],[101.400115,15.167721],[101.397633,15.179526],[101.395474,15.183924],[101.391158,15.213438],[101.388784,15.220151],[101.387273,15.230683],[101.390079,15.2411],[101.385223,15.248044],[101.384899,15.257651],[101.382957,15.263091],[101.382957,15.272813],[101.380367,15.289711],[101.382094,15.315752],[101.381986,15.331377]]]}},{"type":"Feature","id":"TH17","bbox":[100.181924,14.721196,100.488064,15.118416],"properties":{"ADM1_PCODE":"TH17","ADM1_TH":"สิงห์บุรี","ADM1_EN":"Sing Buri"},"geometry":{"type":"Polygon","coordinates":[[[100.427418,15.061124],[100.424397,15.051634],[100.413498,15.059041],[100.374867,15.086703],[100.354687,15.096772],[100.353069,15.101402],[100.355982,15.117605],[100.351558,15.118416],[100.335372,15.10499],[100.314545,15.089249],[100.305373,15.086008],[100.299438,15.086008],[100.293179,15.081263],[100.291129,15.076749],[100.294582,15.069921],[100.293611,15.064597],[100.286597,15.065638],[100.279906,15.063786],[100.27764,15.066101],[100.261885,15.059041],[100.25854,15.049087],[100.247857,15.040175],[100.240843,15.038787],[100.218722,15.044342],[100.221203,15.032768],[100.225628,15.027097],[100.2348,15.023972],[100.245267,15.023509],[100.243541,15.017375],[100.25131,15.017375],[100.249907,15.012861],[100.256166,15.007537],[100.26523,15.011703],[100.268468,15.00962],[100.271597,14.999551],[100.275374,14.995847],[100.275374,14.992143],[100.281633,14.991565],[100.285625,14.988092],[100.291129,14.976634],[100.287244,14.975014],[100.288539,14.956264],[100.274834,14.950477],[100.26318,14.949898],[100.258972,14.943764],[100.244404,14.946079],[100.23685,14.951982],[100.215376,14.953602],[100.202751,14.953486],[100.198219,14.939945],[100.193579,14.937514],[100.189262,14.937746],[100.181924,14.933579],[100.182464,14.925014],[100.186241,14.919343],[100.186996,14.907653],[100.19455,14.903949],[100.212463,14.908695],[100.215808,14.910315],[100.222283,14.907537],[100.224225,14.903487],[100.216024,14.89851],[100.208038,14.897352],[100.206312,14.895269],[100.207607,14.887514],[100.213973,14.883811],[100.218722,14.88601],[100.224333,14.884158],[100.223362,14.879644],[100.217103,14.874204],[100.221096,14.862862],[100.21775,14.858695],[100.218398,14.852908],[100.216455,14.848973],[100.217966,14.842376],[100.209981,14.834505],[100.209225,14.822121],[100.204262,14.809737],[100.206312,14.808001],[100.214837,14.806496],[100.215808,14.800131],[100.219153,14.79689],[100.223685,14.797932],[100.226383,14.795038],[100.24149,14.797932],[100.246454,14.800594],[100.254871,14.795501],[100.265446,14.795733],[100.27354,14.798163],[100.277964,14.790177],[100.290265,14.785085],[100.294798,14.781034],[100.297495,14.788441],[100.304294,14.788209],[100.314329,14.78983],[100.311739,14.798163],[100.331163,14.801172],[100.336559,14.794344],[100.335695,14.790409],[100.339796,14.788904],[100.343141,14.782075],[100.348645,14.779876],[100.348321,14.772237],[100.35199,14.769112],[100.355982,14.761589],[100.371413,14.763094],[100.379938,14.746427],[100.382744,14.744113],[100.392672,14.743881],[100.399686,14.750825],[100.402923,14.759274],[100.412203,14.752793],[100.41652,14.743997],[100.41339,14.738557],[100.41652,14.732191],[100.416196,14.72571],[100.422455,14.728603],[100.43767,14.727793],[100.450727,14.721196],[100.457957,14.721196],[100.463244,14.725941],[100.469179,14.721659],[100.47533,14.723627],[100.473604,14.73115],[100.477381,14.732886],[100.478352,14.738789],[100.484718,14.739483],[100.482992,14.744344],[100.488064,14.748048],[100.484287,14.756612],[100.472417,14.761705],[100.476949,14.765293],[100.472201,14.770848],[100.473927,14.781034],[100.469503,14.787978],[100.471877,14.793649],[100.469072,14.799205],[100.472956,14.800709],[100.482668,14.811242],[100.464216,14.820501],[100.46605,14.826867],[100.460762,14.832075],[100.45472,14.835894],[100.457417,14.841681],[100.459468,14.851404],[100.45677,14.857538],[100.447813,14.857306],[100.445331,14.862399],[100.449324,14.874204],[100.438425,14.875825],[100.435296,14.882653],[100.430224,14.880454],[100.426987,14.885547],[100.428713,14.88925],[100.424613,14.898394],[100.422886,14.908348],[100.422778,14.920269],[100.419973,14.927097],[100.421268,14.929991],[100.445547,14.939829],[100.449108,14.942722],[100.451266,14.957653],[100.450403,14.982884],[100.444252,14.995963],[100.447274,14.996773],[100.446842,15.003139],[100.451374,15.003949],[100.461194,15.00256],[100.469179,15.023509],[100.467453,15.032189],[100.446626,15.055222],[100.427418,15.061124]]]}},{"type":"Feature","id":"TH18","bbox":[99.719748,14.906611,100.351558,15.417256],"properties":{"ADM1_PCODE":"TH18","ADM1_TH":"ชัยนาท","ADM1_EN":"Chai Nat"},"geometry":{"type":"Polygon","coordinates":[[[100.351558,15.118416],[100.350695,15.123392],[100.347242,15.125823],[100.344976,15.130916],[100.343573,15.140059],[100.339796,15.150707],[100.319725,15.15823],[100.311632,15.168415],[100.302459,15.173276],[100.298251,15.180105],[100.293719,15.194341],[100.295445,15.194457],[100.292208,15.218184],[100.274295,15.224318],[100.274403,15.239017],[100.278503,15.249896],[100.268792,15.253831],[100.268899,15.26772],[100.265015,15.268415],[100.267065,15.276054],[100.262425,15.27941],[100.262641,15.287743],[100.256382,15.291447],[100.254332,15.298854],[100.251202,15.301169],[100.251634,15.305799],[100.262101,15.313438],[100.265015,15.318646],[100.265015,15.323275],[100.261454,15.329988],[100.260806,15.339826],[100.250447,15.349201],[100.250447,15.355104],[100.243325,15.358576],[100.229836,15.361701],[100.224657,15.365521],[100.221203,15.359039],[100.217858,15.363437],[100.205125,15.366678],[100.203722,15.36934],[100.196816,15.371655],[100.192931,15.374664],[100.18268,15.376516],[100.178255,15.379178],[100.166925,15.381145],[100.162285,15.380914],[100.158076,15.386585],[100.145667,15.390983],[100.142753,15.394571],[100.14189,15.400127],[100.138761,15.404062],[100.130559,15.404641],[100.12484,15.412395],[100.118366,15.412511],[100.101856,15.417256],[100.094518,15.416562],[100.088367,15.411006],[100.087827,15.400705],[100.090417,15.394571],[100.097323,15.388321],[100.104122,15.383807],[100.106496,15.380104],[100.105632,15.374664],[100.100776,15.373159],[100.085885,15.378946],[100.078763,15.380104],[100.073691,15.374085],[100.07531,15.367141],[100.081137,15.362511],[100.092899,15.355451],[100.100669,15.347002],[100.101208,15.338437],[100.098942,15.33184],[100.093007,15.325937],[100.081137,15.320382],[100.077684,15.316215],[100.081784,15.303947],[100.078223,15.295614],[100.070778,15.288322],[100.065382,15.287396],[100.058476,15.278716],[100.055886,15.270382],[100.058152,15.263669],[100.051893,15.263091],[100.047685,15.264827],[100.045743,15.271655],[100.041103,15.278253],[100.038621,15.290868],[100.035491,15.292141],[100.026427,15.290753],[100.020168,15.291331],[100.015852,15.297234],[100.005816,15.301748],[99.99891,15.302095],[99.995888,15.300127],[99.990385,15.302558],[99.971069,15.298854],[99.961789,15.300706],[99.958983,15.30441],[99.933625,15.301748],[99.930927,15.29897],[99.922942,15.29816],[99.917978,15.299317],[99.906863,15.294109],[99.900173,15.293646],[99.895641,15.290637],[99.889166,15.291215],[99.885173,15.287165],[99.877943,15.290868],[99.878807,15.296655],[99.876972,15.301864],[99.871577,15.304989],[99.86521,15.304063],[99.858304,15.30522],[99.851398,15.311123],[99.844384,15.308924],[99.83165,15.309734],[99.826039,15.31309],[99.817838,15.314016],[99.809313,15.31772],[99.794637,15.316563],[99.786112,15.318299],[99.777695,15.313785],[99.765718,15.31147],[99.758919,15.311817],[99.758703,15.308461],[99.764315,15.307535],[99.763451,15.300243],[99.753524,15.294572],[99.749315,15.279873],[99.741438,15.276169],[99.738093,15.266447],[99.734532,15.269804],[99.727302,15.249665],[99.73356,15.241216],[99.732805,15.233577],[99.729784,15.227327],[99.730971,15.217373],[99.730215,15.213091],[99.735179,15.204179],[99.74802,15.188554],[99.753416,15.185892],[99.760646,15.17536],[99.757085,15.173624],[99.756006,15.167952],[99.750934,15.169688],[99.748884,15.165638],[99.753955,15.15823],[99.761185,15.15198],[99.764746,15.146193],[99.771653,15.140638],[99.768523,15.136124],[99.767444,15.130337],[99.77435,15.121656],[99.77748,15.113902],[99.786328,15.102675],[99.791184,15.098393],[99.792695,15.091911],[99.790968,15.083694],[99.78471,15.080916],[99.78212,15.07455],[99.781149,15.067027],[99.776508,15.063786],[99.772516,15.058347],[99.77694,15.053254],[99.771976,15.046773],[99.769063,15.022699],[99.756114,15.016333],[99.754171,15.011356],[99.74802,15.010315],[99.746402,15.005569],[99.72892,14.995037],[99.728165,14.990407],[99.723525,14.988092],[99.719748,14.981611],[99.720503,14.976403],[99.723525,14.973972],[99.723741,14.962051],[99.7341,14.963556],[99.742517,14.962398],[99.745754,14.958347],[99.749531,14.960431],[99.762049,14.955685],[99.765502,14.95557],[99.773919,14.951403],[99.781149,14.950245],[99.794206,14.94307],[99.807047,14.940176],[99.820104,14.942607],[99.821291,14.93763],[99.832082,14.934852],[99.84352,14.937398],[99.842765,14.933579],[99.849239,14.930338],[99.859275,14.929991],[99.873843,14.923278],[99.881828,14.923741],[99.888303,14.926287],[99.89154,14.922236],[99.895317,14.922005],[99.900604,14.917838],[99.910748,14.915292],[99.914309,14.912977],[99.920352,14.912861],[99.931898,14.906959],[99.949595,14.910662],[99.954775,14.906611],[99.959523,14.906727],[99.96276,14.911588],[99.970422,14.912861],[99.988874,14.907885],[100.000313,14.909736],[100.005708,14.908],[100.011427,14.910315],[100.012075,14.91425],[100.027614,14.911588],[100.036462,14.914482],[100.04175,14.914945],[100.043045,14.931611],[100.045419,14.941333],[100.038836,14.947352],[100.036354,14.953139],[100.040023,14.961125],[100.048764,14.958926],[100.053296,14.962398],[100.057505,14.961357],[100.062576,14.956148],[100.069267,14.957421],[100.076389,14.95094],[100.084158,14.95256],[100.090417,14.955454],[100.098834,14.953139],[100.105956,14.945732],[100.108762,14.946773],[100.119769,14.946542],[100.12484,14.944806],[100.130128,14.946542],[100.138221,14.937167],[100.133149,14.935662],[100.126567,14.929991],[100.126351,14.922931],[100.134013,14.924667],[100.14243,14.923741],[100.149444,14.92594],[100.15171,14.930338],[100.157753,14.928949],[100.167572,14.935662],[100.167141,14.939134],[100.172968,14.940755],[100.181816,14.954065],[100.187751,14.958],[100.199945,14.960199],[100.202751,14.953486],[100.215376,14.953602],[100.23685,14.951982],[100.244404,14.946079],[100.258972,14.943764],[100.26318,14.949898],[100.274834,14.950477],[100.288539,14.956264],[100.287244,14.975014],[100.291129,14.976634],[100.285625,14.988092],[100.281633,14.991565],[100.275374,14.992143],[100.275374,14.995847],[100.271597,14.999551],[100.268468,15.00962],[100.26523,15.011703],[100.256166,15.007537],[100.249907,15.012861],[100.25131,15.017375],[100.243541,15.017375],[100.245267,15.023509],[100.2348,15.023972],[100.225628,15.027097],[100.221203,15.032768],[100.218722,15.044342],[100.240843,15.038787],[100.247857,15.040175],[100.25854,15.049087],[100.261885,15.059041],[100.27764,15.066101],[100.279906,15.063786],[100.286597,15.065638],[100.293611,15.064597],[100.294582,15.069921],[100.291129,15.076749],[100.293179,15.081263],[100.299438,15.086008],[100.305373,15.086008],[100.314545,15.089249],[100.335372,15.10499],[100.351558,15.118416]]]}},{"type":"Feature","id":"TH19","bbox":[100.575362,14.242727,101.453961,15.074434],"properties":{"ADM1_PCODE":"TH19","ADM1_TH":"สระบุรี","ADM1_EN":"Saraburi"},"geometry":{"type":"Polygon","coordinates":[[[101.400222,15.07374],[101.395798,15.074434],[101.392992,15.071425],[101.381554,15.068185],[101.377777,15.064828],[101.376374,15.056263],[101.372598,15.053023],[101.371303,15.046078],[101.363102,15.047004],[101.362994,15.036472],[101.35749,15.030106],[101.349181,15.012282],[101.349505,14.999898],[101.347563,14.992954],[101.341088,14.990407],[101.336556,14.990407],[101.334721,14.98462],[101.331808,14.982884],[101.333858,14.978139],[101.329973,14.972468],[101.329218,14.965523],[101.320262,14.964829],[101.305802,14.956495],[101.292745,14.946773],[101.286054,14.944806],[101.279795,14.93763],[101.272781,14.932769],[101.271918,14.92675],[101.268465,14.924783],[101.266738,14.918996],[101.257998,14.91263],[101.247638,14.914945],[101.241488,14.918417],[101.238142,14.917838],[101.232531,14.920385],[101.221309,14.918417],[101.213539,14.920269],[101.208575,14.91726],[101.20577,14.919111],[101.192712,14.921195],[101.184835,14.915639],[101.180627,14.916102],[101.174368,14.91182],[101.165088,14.902561],[101.156563,14.900362],[101.152462,14.897237],[101.139405,14.898047],[101.134765,14.901866],[101.128398,14.903487],[101.122356,14.902213],[101.108651,14.907537],[101.102392,14.906264],[101.099587,14.909274],[101.093867,14.906727],[101.09117,14.902676],[101.090954,14.892375],[101.084911,14.890639],[101.081674,14.882885],[101.081997,14.877792],[101.090091,14.865292],[101.09376,14.856959],[101.088796,14.846195],[101.081674,14.845732],[101.08081,14.851172],[101.075523,14.846311],[101.068401,14.84388],[101.065379,14.840177],[101.067969,14.831149],[101.071422,14.831381],[101.078328,14.835547],[101.088904,14.832075],[101.078544,14.818881],[101.079515,14.812746],[101.070667,14.815756],[101.068077,14.810895],[101.069156,14.802561],[101.072933,14.791913],[101.063005,14.792145],[101.062034,14.789598],[101.065379,14.77733],[101.072825,14.767029],[101.070235,14.760316],[101.062897,14.759622],[101.061818,14.767492],[101.058041,14.768418],[101.054588,14.77652],[101.058473,14.778835],[101.054804,14.785547],[101.054373,14.790177],[101.045092,14.794691],[101.042071,14.79851],[101.034086,14.80152],[101.029014,14.807654],[101.023834,14.809853],[101.020165,14.802677],[101.016712,14.800825],[101.015093,14.795038],[101.006029,14.784506],[100.998044,14.777677],[100.990922,14.763094],[100.992217,14.754992],[100.990382,14.750594],[100.989843,14.741219],[100.977325,14.748858],[100.970311,14.748974],[100.96621,14.75152],[100.962973,14.745617],[100.95952,14.743765],[100.955312,14.746543],[100.948513,14.742724],[100.943442,14.74446],[100.941068,14.750363],[100.934269,14.752677],[100.928334,14.750594],[100.918515,14.755455],[100.913011,14.756728],[100.906752,14.760779],[100.90535,14.766335],[100.901896,14.769691],[100.894019,14.769344],[100.889271,14.7727],[100.879559,14.770501],[100.870495,14.77108],[100.867473,14.768071],[100.864883,14.782191],[100.845784,14.789483],[100.848158,14.793534],[100.845999,14.802677],[100.837151,14.804645],[100.819346,14.803024],[100.814058,14.795154],[100.80413,14.794344],[100.793987,14.79145],[100.789131,14.793996],[100.778448,14.79527],[100.774563,14.794575],[100.766686,14.796659],[100.765283,14.791334],[100.750392,14.778835],[100.73755,14.776751],[100.724493,14.760085],[100.712192,14.761821],[100.695034,14.760548],[100.689207,14.759159],[100.686509,14.756034],[100.685862,14.749205],[100.680358,14.74446],[100.674747,14.74446],[100.665251,14.735316],[100.651439,14.710548],[100.650467,14.706613],[100.65705,14.704529],[100.655107,14.698742],[100.650899,14.698164],[100.649388,14.690872],[100.646259,14.686937],[100.641727,14.676405],[100.636007,14.670386],[100.640432,14.668419],[100.6359,14.662979],[100.630504,14.650016],[100.626943,14.654761],[100.619174,14.648743],[100.614318,14.647007],[100.608814,14.648164],[100.606009,14.653488],[100.602232,14.654993],[100.597052,14.650363],[100.583779,14.630109],[100.5827,14.623164],[100.580002,14.619461],[100.58324,14.614484],[100.577736,14.610086],[100.576765,14.602447],[100.578276,14.598396],[100.575362,14.59585],[100.579895,14.591104],[100.588311,14.589368],[100.594678,14.583118],[100.603635,14.578489],[100.602879,14.567378],[100.601153,14.558697],[100.601908,14.554183],[100.618418,14.564368],[100.62144,14.563095],[100.63277,14.552447],[100.64777,14.548512],[100.657805,14.549669],[100.666654,14.556614],[100.676258,14.558118],[100.676797,14.564021],[100.673992,14.564947],[100.674747,14.574438],[100.671618,14.575479],[100.66892,14.58254],[100.66169,14.588789],[100.656618,14.603488],[100.665575,14.599901],[100.672697,14.598396],[100.679171,14.59203],[100.68025,14.585665],[100.685106,14.582192],[100.701185,14.579183],[100.712515,14.574901],[100.717371,14.576521],[100.724277,14.575942],[100.72417,14.571544],[100.73086,14.569345],[100.746183,14.57004],[100.763233,14.568419],[100.768844,14.566104],[100.782764,14.56703],[100.780714,14.560086],[100.777045,14.556498],[100.775858,14.54423],[100.778664,14.530804],[100.775319,14.526984],[100.761938,14.522818],[100.759348,14.518998],[100.749744,14.51842],[100.747478,14.51298],[100.751471,14.50592],[100.755355,14.505688],[100.760427,14.49967],[100.767333,14.498397],[100.77165,14.49423],[100.767441,14.489832],[100.765607,14.484392],[100.772945,14.483698],[100.773808,14.48092],[100.766362,14.478489],[100.768089,14.468883],[100.770247,14.466684],[100.766578,14.460897],[100.766146,14.453952],[100.761075,14.451522],[100.772405,14.434624],[100.762585,14.427448],[100.768412,14.422703],[100.759456,14.411707],[100.762585,14.409277],[100.771866,14.406962],[100.774995,14.41217],[100.780282,14.411476],[100.783196,14.40268],[100.780498,14.397703],[100.786217,14.395156],[100.793771,14.394462],[100.790858,14.38312],[100.78503,14.379763],[100.787512,14.365064],[100.790965,14.362634],[100.788591,14.357194],[100.78352,14.35511],[100.783736,14.349439],[100.781362,14.347009],[100.781038,14.340874],[100.774347,14.334162],[100.777585,14.327796],[100.772189,14.32525],[100.775534,14.318537],[100.785138,14.323166],[100.803591,14.325018],[100.811252,14.325018],[100.823123,14.329648],[100.823015,14.245273],[100.821504,14.242727],[100.891537,14.275944],[100.891645,14.243653],[100.8924,14.243653],[100.951211,14.271662],[100.965563,14.279532],[100.964268,14.281731],[100.981426,14.291569],[100.989951,14.290528],[100.988656,14.297472],[101.015417,14.302217],[101.01477,14.306268],[101.019302,14.315643],[101.033654,14.328837],[101.040668,14.333699],[101.042718,14.337865],[101.048222,14.339833],[101.048653,14.352217],[101.051243,14.35893],[101.055128,14.35893],[101.056639,14.363907],[101.062897,14.37224],[101.063221,14.379416],[101.057178,14.385666],[101.05448,14.3918],[101.057718,14.397008],[101.056423,14.41055],[101.061926,14.414601],[101.067537,14.406268],[101.071854,14.405226],[101.073041,14.396661],[101.07671,14.388328],[101.08545,14.383235],[101.095486,14.381615],[101.101097,14.384508],[101.106385,14.385087],[101.116313,14.382541],[101.122356,14.384508],[101.128398,14.382194],[101.132391,14.376638],[101.143937,14.373397],[101.151167,14.370157],[101.157642,14.357425],[101.157534,14.347356],[101.163901,14.345157],[101.168109,14.348976],[101.178145,14.34724],[101.185483,14.3543],[101.18667,14.367147],[101.192712,14.370504],[101.20005,14.369578],[101.210086,14.372009],[101.211812,14.381499],[101.204151,14.39099],[101.205014,14.397703],[101.202532,14.402911],[101.211273,14.413559],[101.210949,14.420967],[101.209223,14.428142],[101.214942,14.437633],[101.223683,14.434045],[101.226704,14.430689],[101.230049,14.433814],[101.224438,14.443883],[101.223467,14.447702],[101.227459,14.451522],[101.231452,14.451869],[101.234258,14.458813],[101.231992,14.462517],[101.226704,14.462864],[101.225085,14.470619],[101.22897,14.473975],[101.24289,14.471082],[101.238574,14.478837],[101.227675,14.492262],[101.223143,14.504068],[101.216668,14.507077],[101.210841,14.5146],[101.21041,14.520156],[101.203611,14.521776],[101.197353,14.525133],[101.195842,14.530572],[101.190123,14.528142],[101.18354,14.534739],[101.183756,14.539716],[101.181382,14.54747],[101.190878,14.554646],[101.194331,14.561706],[101.200698,14.564716],[101.199511,14.568419],[101.204583,14.576637],[101.20523,14.580225],[101.213431,14.586243],[101.215805,14.59041],[101.212028,14.592725],[101.21041,14.599438],[101.204259,14.608234],[101.208036,14.612748],[101.204583,14.615525],[101.20523,14.627678],[101.207928,14.630109],[101.204906,14.644229],[101.206309,14.647933],[101.20264,14.6624],[101.200374,14.665525],[101.201237,14.689252],[101.194007,14.70615],[101.186454,14.71159],[101.189151,14.714483],[101.187101,14.725247],[101.190662,14.725826],[101.194007,14.731613],[101.192389,14.735316],[101.194115,14.740525],[101.188396,14.745386],[101.18872,14.749321],[101.200158,14.755571],[101.207064,14.751288],[101.209115,14.754761],[101.215589,14.753603],[101.217963,14.745386],[101.224006,14.742724],[101.227459,14.736474],[101.237495,14.732423],[101.242135,14.733464],[101.246559,14.731265],[101.250552,14.732191],[101.258969,14.730108],[101.263069,14.733464],[101.267062,14.728603],[101.272242,14.726636],[101.280875,14.726289],[101.282817,14.729877],[101.283249,14.741913],[101.286054,14.745617],[101.291665,14.736358],[101.298572,14.737052],[101.30332,14.742376],[101.301485,14.750594],[101.303967,14.755455],[101.313679,14.7602],[101.322959,14.760316],[101.327815,14.758696],[101.337419,14.770386],[101.336016,14.777446],[101.336124,14.785779],[101.339685,14.787747],[101.347563,14.787747],[101.347455,14.793534],[101.356843,14.797584],[101.357814,14.799899],[101.365476,14.802793],[101.368065,14.80557],[101.376267,14.80557],[101.38123,14.809506],[101.389,14.812515],[101.397956,14.822584],[101.401733,14.823742],[101.408855,14.836936],[101.415222,14.844459],[101.420078,14.84388],[101.425473,14.848973],[101.433782,14.850478],[101.440149,14.855223],[101.450292,14.857306],[101.453961,14.863209],[101.451264,14.873047],[101.453422,14.882306],[101.449105,14.899204],[101.44835,14.913672],[101.444249,14.918996],[101.445113,14.922931],[101.441228,14.925593],[101.440041,14.931033],[101.429898,14.960083],[101.433135,14.965986],[101.430977,14.970268],[101.430329,14.977097],[101.425042,14.988324],[101.423963,14.994458],[101.420509,14.996541],[101.423099,15.011472],[101.416517,15.027097],[101.417488,15.031263],[101.413819,15.036703],[101.415977,15.039944],[101.408963,15.057189],[101.406157,15.058925],[101.40033,15.069573],[101.400222,15.07374]]]}},{"type":"Feature","id":"TH20","bbox":[100.648093,12.508479,101.719742,13.589259],"properties":{"ADM1_PCODE":"TH20","ADM1_TH":"ชลบุรี","ADM1_EN":"Chon Buri"},"geometry":{"type":"MultiPolygon","coordinates":[[[[100.97193,12.522946],[100.967182,12.522946],[100.968045,12.517044],[100.974304,12.51334],[100.974627,12.51878],[100.97193,12.522946]]],[[[100.955959,12.530585],[100.952398,12.529775],[100.953693,12.523062],[100.952074,12.51496],[100.958333,12.508479],[100.960491,12.515423],[100.959844,12.520979],[100.955959,12.530585]]],[[[100.947218,12.587992],[100.946139,12.583247],[100.942578,12.580122],[100.947003,12.57202],[100.947434,12.567738],[100.953585,12.552807],[100.963189,12.561141],[100.957901,12.566233],[100.954448,12.586256],[100.947218,12.587992]]],[[[100.964592,12.589728],[100.961247,12.58996],[100.960599,12.581395],[100.966534,12.581164],[100.967074,12.585446],[100.964592,12.589728]]],[[[100.874056,12.642274],[100.865531,12.641927],[100.863804,12.639034],[100.86866,12.632668],[100.876322,12.635677],[100.874056,12.642274]]],[[[100.775858,12.720283],[100.774671,12.717621],[100.775642,12.706626],[100.769276,12.705237],[100.767549,12.712876],[100.765067,12.71357],[100.764096,12.702343],[100.774671,12.689959],[100.776829,12.679774],[100.776506,12.673293],[100.781146,12.671325],[100.788591,12.675608],[100.789778,12.682089],[100.795066,12.689381],[100.80262,12.691927],[100.806073,12.697482],[100.803483,12.702575],[100.804778,12.70651],[100.803159,12.717853],[100.799598,12.718663],[100.791073,12.716811],[100.786433,12.718431],[100.779959,12.717158],[100.775858,12.720283]]],[[[100.789994,12.930467],[100.789886,12.938106],[100.783736,12.932319],[100.775858,12.927111],[100.768736,12.928152],[100.767657,12.917967],[100.765823,12.913916],[100.769599,12.908824],[100.770571,12.901995],[100.773484,12.896902],[100.78093,12.901069],[100.783196,12.909287],[100.787297,12.9138],[100.789455,12.920745],[100.789994,12.930467]]],[[[100.680035,12.94887],[100.676689,12.952342],[100.667517,12.946786],[100.662553,12.946208],[100.666114,12.938916],[100.667301,12.931972],[100.670862,12.923986],[100.675071,12.918777],[100.681869,12.920282],[100.685538,12.927689],[100.682085,12.936023],[100.677229,12.942735],[100.680035,12.94887]]],[[[100.652626,12.963106],[100.648093,12.963106],[100.648093,12.956856],[100.65392,12.960212],[100.652626,12.963106]]],[[[100.810281,13.117966],[100.804778,13.116693],[100.806289,13.111369],[100.810389,13.113799],[100.810281,13.117966]]],[[[100.82377,13.170743],[100.82118,13.165419],[100.824094,13.163799],[100.827331,13.168081],[100.82377,13.170743]]],[[[100.808231,13.178961],[100.800785,13.177919],[100.801756,13.171322],[100.798951,13.168891],[100.801541,13.158706],[100.80521,13.155234],[100.804238,13.149679],[100.80726,13.143429],[100.803375,13.138452],[100.807152,13.13498],[100.807799,13.125836],[100.80985,13.125373],[100.815569,13.131392],[100.819777,13.138683],[100.817511,13.142734],[100.818051,13.14991],[100.815245,13.15153],[100.812547,13.159401],[100.808986,13.161253],[100.807584,13.16704],[100.809526,13.172016],[100.808231,13.178961]]],[[[101.717153,13.182201],[101.712405,13.193544],[101.713376,13.201877],[101.712297,13.206044],[101.703988,13.209979],[101.701506,13.216229],[101.695571,13.220396],[101.689312,13.229539],[101.68737,13.241576],[101.683916,13.250604],[101.676794,13.25396],[101.672694,13.258358],[101.668701,13.27271],[101.656184,13.276182],[101.65068,13.2844],[101.64604,13.286136],[101.639458,13.292617],[101.635249,13.292617],[101.63212,13.295627],[101.625322,13.295627],[101.617013,13.302571],[101.610322,13.299446],[101.599639,13.302687],[101.597049,13.311483],[101.592301,13.311367],[101.590898,13.316228],[101.582266,13.322826],[101.582697,13.330001],[101.579028,13.333358],[101.572878,13.329886],[101.565648,13.33058],[101.564784,13.337409],[101.561871,13.339839],[101.558094,13.347247],[101.556475,13.35801],[101.55626,13.367848],[101.548706,13.370395],[101.549138,13.375371],[101.5459,13.377455],[101.548922,13.388334],[101.538778,13.411482],[101.533167,13.414723],[101.532412,13.426876],[101.523887,13.423519],[101.518275,13.422941],[101.508995,13.409862],[101.501657,13.410441],[101.500147,13.416691],[101.490974,13.427917],[101.495291,13.435209],[101.490003,13.444584],[101.480291,13.44007],[101.476299,13.436366],[101.470256,13.426181],[101.447379,13.440417],[101.445005,13.443427],[101.43853,13.443658],[101.434646,13.449561],[101.42925,13.446436],[101.416733,13.45338],[101.412416,13.450024],[101.409395,13.451644],[101.402489,13.450255],[101.402812,13.455579],[101.409826,13.465996],[101.407992,13.470973],[101.394072,13.474908],[101.38382,13.469352],[101.377561,13.469931],[101.371411,13.468426],[101.365152,13.463102],[101.36008,13.466112],[101.356843,13.474098],[101.351555,13.480579],[101.348642,13.481158],[101.340009,13.487639],[101.335693,13.493542],[101.330297,13.494468],[101.323823,13.498056],[101.314111,13.507662],[101.310873,13.515648],[101.302564,13.518079],[101.299327,13.524908],[101.295011,13.525486],[101.294471,13.533704],[101.290371,13.536366],[101.284004,13.548287],[101.274832,13.553843],[101.270839,13.564375],[101.265875,13.567153],[101.255408,13.566342],[101.24807,13.569583],[101.239114,13.570278],[101.232639,13.573866],[101.224654,13.57618],[101.216237,13.576875],[101.216668,13.57919],[101.201453,13.584514],[101.185698,13.585555],[101.182785,13.586944],[101.175447,13.585555],[101.152678,13.584282],[101.143506,13.589259],[101.140808,13.588333],[101.135305,13.580116],[101.129478,13.578148],[101.129909,13.56993],[101.121816,13.564954],[101.118471,13.564954],[101.114154,13.56993],[101.110378,13.569352],[101.1025,13.561597],[101.104335,13.558819],[101.094407,13.553727],[101.087285,13.55338],[101.076926,13.555463],[101.069804,13.555116],[101.068401,13.557315],[101.05502,13.552106],[101.051891,13.557546],[101.047251,13.559514],[101.043474,13.558241],[101.041747,13.549907],[101.056207,13.547708],[101.05502,13.542616],[101.057178,13.539607],[101.064948,13.537639],[101.069048,13.532546],[101.070883,13.525371],[101.067322,13.525371],[101.070775,13.517732],[101.068077,13.515533],[101.073796,13.506621],[101.071962,13.50338],[101.061818,13.50801],[101.052646,13.510556],[101.049625,13.509283],[101.050919,13.503496],[101.039697,13.492732],[101.040992,13.489723],[101.035812,13.485672],[101.039373,13.480348],[101.033006,13.474908],[101.023618,13.475024],[101.011209,13.47294],[101.009051,13.468658],[101.013367,13.461945],[101.00495,13.46044],[101.003547,13.46345],[100.995454,13.465649],[100.986066,13.462987],[100.980778,13.465996],[100.974088,13.473403],[100.963081,13.460903],[100.969879,13.455348],[100.967182,13.438681],[100.967613,13.432894],[100.973009,13.417964],[100.984231,13.395742],[100.984123,13.388913],[100.985958,13.38139],[100.983152,13.376413],[100.978728,13.375256],[100.974304,13.362293],[100.975383,13.357779],[100.970095,13.352571],[100.962326,13.349214],[100.947974,13.347015],[100.935456,13.338566],[100.926068,13.340997],[100.924234,13.335673],[100.920457,13.333589],[100.91927,13.32896],[100.920349,13.321321],[100.915709,13.314029],[100.902976,13.312756],[100.902652,13.305233],[100.89758,13.302455],[100.902544,13.297941],[100.915817,13.282432],[100.921428,13.273636],[100.927903,13.258011],[100.931572,13.235789],[100.93632,13.21947],[100.934161,13.209748],[100.936427,13.202803],[100.932759,13.192039],[100.929845,13.190072],[100.92855,13.180581],[100.926284,13.177688],[100.924665,13.168313],[100.909666,13.155003],[100.906752,13.147248],[100.900602,13.143776],[100.898228,13.134517],[100.898983,13.126762],[100.89348,13.119239],[100.889271,13.119007],[100.881178,13.112179],[100.878912,13.108128],[100.874919,13.088221],[100.871898,13.083475],[100.874595,13.076647],[100.878912,13.081045],[100.886034,13.076299],[100.878372,13.071207],[100.882365,13.063568],[100.896285,13.070975],[100.897256,13.067387],[100.884631,13.060212],[100.889055,13.051994],[100.904918,13.056624],[100.906321,13.051647],[100.890458,13.046901],[100.893048,13.038915],[100.914738,13.04505],[100.921104,13.035559],[100.926608,13.022133],[100.928011,13.009517],[100.92445,12.997249],[100.919594,12.987758],[100.912903,12.980235],[100.900925,12.970744],[100.892724,12.974795],[100.883012,12.970629],[100.884631,12.961833],[100.882365,12.95593],[100.884415,12.948291],[100.884199,12.941809],[100.881717,12.935212],[100.875567,12.928384],[100.869416,12.925143],[100.864776,12.9263],[100.858733,12.924796],[100.856251,12.919703],[100.85733,12.914379],[100.855819,12.910212],[100.877617,12.88637],[100.887005,12.874449],[100.898443,12.85593],[100.907939,12.832204],[100.911177,12.822829],[100.913335,12.807204],[100.911069,12.802806],[100.908263,12.790306],[100.903839,12.779426],[100.89758,12.770051],[100.889271,12.763223],[100.878912,12.760792],[100.869847,12.769588],[100.860135,12.766811],[100.855819,12.764033],[100.856682,12.758246],[100.850639,12.752922],[100.844704,12.754426],[100.840928,12.753153],[100.839848,12.741464],[100.836827,12.740653],[100.833913,12.732899],[100.837474,12.723755],[100.833913,12.713339],[100.839201,12.708593],[100.838014,12.699913],[100.843302,12.695052],[100.849345,12.698177],[100.854524,12.691811],[100.843194,12.68452],[100.840712,12.676302],[100.844273,12.670631],[100.847402,12.675723],[100.855819,12.676186],[100.861754,12.66739],[100.85938,12.65952],[100.848481,12.654427],[100.849884,12.649798],[100.853229,12.648293],[100.861538,12.652344],[100.865855,12.64864],[100.87125,12.652112],[100.885386,12.653964],[100.891969,12.660098],[100.903623,12.662413],[100.911932,12.660909],[100.922291,12.655122],[100.930385,12.645978],[100.925852,12.637066],[100.927363,12.631511],[100.921212,12.62908],[100.913982,12.628154],[100.913443,12.623409],[100.918838,12.620978],[100.924989,12.612529],[100.924342,12.608015],[100.929737,12.607552],[100.934809,12.609404],[100.94506,12.602576],[100.95542,12.601997],[100.960168,12.5954],[100.963513,12.595284],[100.96211,12.60246],[100.966426,12.614613],[100.965563,12.622714],[100.963405,12.628038],[100.964268,12.633131],[100.970743,12.639728],[100.968045,12.644358],[100.970527,12.647135],[100.979915,12.651997],[100.992217,12.656279],[100.992864,12.664381],[100.989519,12.671672],[100.99254,12.675723],[100.990274,12.679427],[100.984987,12.695746],[100.986174,12.700955],[100.989843,12.705121],[100.989735,12.708593],[100.994267,12.716695],[100.990706,12.725839],[100.996533,12.730584],[101.000957,12.731163],[101.003008,12.73776],[101.007648,12.745052],[101.009158,12.752112],[101.011748,12.753385],[101.015093,12.760098],[101.011748,12.766],[101.011748,12.772482],[101.01423,12.776417],[101.013043,12.785792],[101.017144,12.79725],[101.020165,12.799449],[101.029661,12.802111],[101.031927,12.80894],[101.036352,12.812296],[101.044445,12.811949],[101.048545,12.813801],[101.053617,12.823755],[101.063005,12.833824],[101.062142,12.841116],[101.06484,12.852342],[101.061818,12.853847],[101.061926,12.858824],[101.065487,12.861833],[101.067861,12.870398],[101.074552,12.88012],[101.071962,12.883477],[101.074336,12.892736],[101.079839,12.895514],[101.080595,12.900027],[101.076062,12.903731],[101.079192,12.907319],[101.084263,12.909287],[101.088688,12.915421],[101.088688,12.932203],[101.09117,12.943314],[101.088796,12.946786],[101.091493,12.959749],[101.098723,12.963916],[101.102824,12.972249],[101.096349,12.974795],[101.09322,12.980698],[101.094191,12.98961],[101.09063,12.997828],[101.082753,13.004193],[101.085127,13.005582],[101.086098,13.012874],[101.089443,13.018082],[101.092033,13.02873],[101.094623,13.033823],[101.104766,13.027573],[101.110809,13.03255],[101.115126,13.033707],[101.121492,13.031624],[101.128183,13.026763],[101.135197,13.016578],[101.143506,13.021323],[101.150412,13.028614],[101.1557,13.029888],[101.158829,13.026068],[101.16649,13.025605],[101.173397,13.021323],[101.173936,13.02792],[101.183864,13.026647],[101.18818,13.03961],[101.195087,13.044239],[101.194223,13.054656],[101.187101,13.057087],[101.177929,13.054887],[101.171994,13.058475],[101.175123,13.066577],[101.173181,13.071786],[101.175123,13.07873],[101.17944,13.084401],[101.194979,13.088915],[101.208144,13.080466],[101.215805,13.077225],[101.218827,13.07792],[101.229402,13.071438],[101.235337,13.06623],[101.239869,13.065073],[101.252818,13.075605],[101.259508,13.074795],[101.263501,13.071207],[101.264149,13.067387],[101.270839,13.061716],[101.277853,13.05917],[101.293068,13.059054],[101.292313,13.064725],[101.298248,13.067735],[101.300622,13.072248],[101.311521,13.073753],[101.31206,13.076531],[101.317456,13.081276],[101.324686,13.084401],[101.331484,13.081392],[101.334829,13.075721],[101.340441,13.075373],[101.344109,13.068776],[101.347994,13.06542],[101.350584,13.059633],[101.358569,13.056276],[101.364396,13.045165],[101.372166,13.043313],[101.380583,13.039031],[101.385331,13.033244],[101.391698,13.029077],[101.394072,13.024795],[101.399359,13.025374],[101.408316,13.023406],[101.416733,13.027226],[101.420078,13.039147],[101.426444,13.044934],[101.432164,13.046438],[101.43594,13.051647],[101.446731,13.047017],[101.454825,13.03579],[101.462594,13.032434],[101.470472,13.026068],[101.472738,13.032318],[101.464321,13.042388],[101.468961,13.051878],[101.473493,13.048638],[101.479428,13.048522],[101.486334,13.052573],[101.484931,13.05836],[101.502521,13.058128],[101.513527,13.05917],[101.512448,13.066809],[101.521189,13.071901],[101.522268,13.07711],[101.530145,13.071207],[101.540073,13.072248],[101.544497,13.070975],[101.553993,13.073985],[101.559389,13.076878],[101.565432,13.082781],[101.567806,13.088105],[101.573633,13.086947],[101.574388,13.093313],[101.57741,13.095396],[101.576115,13.10072],[101.57946,13.111137],[101.579568,13.116924],[101.584748,13.122595],[101.582266,13.128267],[101.595215,13.13579],[101.5991,13.134054],[101.60633,13.136137],[101.613128,13.136021],[101.63417,13.154077],[101.636113,13.160095],[101.648306,13.163452],[101.65327,13.160327],[101.656292,13.1616],[101.661687,13.15454],[101.669025,13.153266],[101.673557,13.155581],[101.681219,13.148405],[101.695787,13.146669],[101.700211,13.157317],[101.702801,13.16079],[101.709815,13.160905],[101.715102,13.163104],[101.71726,13.170049],[101.716721,13.174331],[101.719742,13.178845],[101.717153,13.182201]]]]}},{"type":"Feature","id":"TH21","bbox":[100.984987,12.536025,101.830242,13.163452],"properties":{"ADM1_PCODE":"TH21","ADM1_TH":"ระยอง","ADM1_EN":"Rayong"},"geometry":{"type":"MultiPolygon","coordinates":[[[[101.451372,12.582668],[101.445652,12.579543],[101.446624,12.572715],[101.449105,12.568085],[101.447055,12.56415],[101.445437,12.5454],[101.445544,12.536025],[101.450292,12.541118],[101.447595,12.546094],[101.451372,12.551187],[101.455796,12.561372],[101.459141,12.565076],[101.468421,12.567969],[101.468745,12.571905],[101.464536,12.574335],[101.45817,12.574682],[101.453206,12.57827],[101.451372,12.582668]]],[[[101.69147,12.607668],[101.694707,12.612182],[101.689528,12.619011],[101.685211,12.612066],[101.687801,12.607089],[101.69147,12.607668]]],[[[101.695787,13.146669],[101.681219,13.148405],[101.673557,13.155581],[101.669025,13.153266],[101.661687,13.15454],[101.656292,13.1616],[101.65327,13.160327],[101.648306,13.163452],[101.636113,13.160095],[101.63417,13.154077],[101.613128,13.136021],[101.60633,13.136137],[101.5991,13.134054],[101.595215,13.13579],[101.582266,13.128267],[101.584748,13.122595],[101.579568,13.116924],[101.57946,13.111137],[101.576115,13.10072],[101.57741,13.095396],[101.574388,13.093313],[101.573633,13.086947],[101.567806,13.088105],[101.565432,13.082781],[101.559389,13.076878],[101.553993,13.073985],[101.544497,13.070975],[101.540073,13.072248],[101.530145,13.071207],[101.522268,13.07711],[101.521189,13.071901],[101.512448,13.066809],[101.513527,13.05917],[101.502521,13.058128],[101.484931,13.05836],[101.486334,13.052573],[101.479428,13.048522],[101.473493,13.048638],[101.468961,13.051878],[101.464321,13.042388],[101.472738,13.032318],[101.470472,13.026068],[101.462594,13.032434],[101.454825,13.03579],[101.446731,13.047017],[101.43594,13.051647],[101.432164,13.046438],[101.426444,13.044934],[101.420078,13.039147],[101.416733,13.027226],[101.408316,13.023406],[101.399359,13.025374],[101.394072,13.024795],[101.391698,13.029077],[101.385331,13.033244],[101.380583,13.039031],[101.372166,13.043313],[101.364396,13.045165],[101.358569,13.056276],[101.350584,13.059633],[101.347994,13.06542],[101.344109,13.068776],[101.340441,13.075373],[101.334829,13.075721],[101.331484,13.081392],[101.324686,13.084401],[101.317456,13.081276],[101.31206,13.076531],[101.311521,13.073753],[101.300622,13.072248],[101.298248,13.067735],[101.292313,13.064725],[101.293068,13.059054],[101.277853,13.05917],[101.270839,13.061716],[101.264149,13.067387],[101.263501,13.071207],[101.259508,13.074795],[101.252818,13.075605],[101.239869,13.065073],[101.235337,13.06623],[101.229402,13.071438],[101.218827,13.07792],[101.215805,13.077225],[101.208144,13.080466],[101.194979,13.088915],[101.17944,13.084401],[101.175123,13.07873],[101.173181,13.071786],[101.175123,13.066577],[101.171994,13.058475],[101.177929,13.054887],[101.187101,13.057087],[101.194223,13.054656],[101.195087,13.044239],[101.18818,13.03961],[101.183864,13.026647],[101.173936,13.02792],[101.173397,13.021323],[101.16649,13.025605],[101.158829,13.026068],[101.1557,13.029888],[101.150412,13.028614],[101.143506,13.021323],[101.135197,13.016578],[101.128183,13.026763],[101.121492,13.031624],[101.115126,13.033707],[101.110809,13.03255],[101.104766,13.027573],[101.094623,13.033823],[101.092033,13.02873],[101.089443,13.018082],[101.086098,13.012874],[101.085127,13.005582],[101.082753,13.004193],[101.09063,12.997828],[101.094191,12.98961],[101.09322,12.980698],[101.096349,12.974795],[101.102824,12.972249],[101.098723,12.963916],[101.091493,12.959749],[101.088796,12.946786],[101.09117,12.943314],[101.088688,12.932203],[101.088688,12.915421],[101.084263,12.909287],[101.079192,12.907319],[101.076062,12.903731],[101.080595,12.900027],[101.079839,12.895514],[101.074336,12.892736],[101.071962,12.883477],[101.074552,12.88012],[101.067861,12.870398],[101.065487,12.861833],[101.061926,12.858824],[101.061818,12.853847],[101.06484,12.852342],[101.062142,12.841116],[101.063005,12.833824],[101.053617,12.823755],[101.048545,12.813801],[101.044445,12.811949],[101.036352,12.812296],[101.031927,12.80894],[101.029661,12.802111],[101.020165,12.799449],[101.017144,12.79725],[101.013043,12.785792],[101.01423,12.776417],[101.011748,12.772482],[101.011748,12.766],[101.015093,12.760098],[101.011748,12.753385],[101.009158,12.752112],[101.007648,12.745052],[101.003008,12.73776],[101.000957,12.731163],[100.996533,12.730584],[100.990706,12.725839],[100.994267,12.716695],[100.989735,12.708593],[100.989843,12.705121],[100.986174,12.700955],[100.984987,12.695746],[100.990274,12.679427],[100.99254,12.675723],[100.989519,12.671672],[100.992864,12.664381],[100.992217,12.656279],[101.008079,12.660098],[101.027935,12.663108],[101.037431,12.663802],[101.04369,12.665538],[101.049193,12.669705],[101.056962,12.669936],[101.063545,12.673987],[101.073796,12.675376],[101.092896,12.67526],[101.097428,12.678038],[101.106817,12.679311],[101.121924,12.678038],[101.132067,12.675376],[101.132391,12.665307],[101.140161,12.658362],[101.138218,12.666348],[101.139513,12.673408],[101.151491,12.673524],[101.151383,12.658131],[101.15721,12.658131],[101.157102,12.640075],[101.166275,12.63996],[101.16649,12.661603],[101.157966,12.661603],[101.157858,12.670052],[101.16185,12.67202],[101.17944,12.669242],[101.192712,12.669821],[101.20728,12.667969],[101.223467,12.666927],[101.235013,12.665307],[101.263177,12.65952],[101.27645,12.655353],[101.283896,12.655006],[101.307312,12.645515],[101.31983,12.641464],[101.369468,12.619474],[101.401841,12.601418],[101.411769,12.594821],[101.418567,12.585215],[101.422128,12.592159],[101.42515,12.610793],[101.423423,12.614613],[101.436588,12.626302],[101.44889,12.6307],[101.460004,12.632437],[101.473925,12.633478],[101.487953,12.632668],[101.497125,12.629774],[101.50565,12.631742],[101.528527,12.630816],[101.551835,12.628617],[101.55626,12.627344],[101.561331,12.631279],[101.565432,12.641811],[101.564892,12.646557],[101.572014,12.650723],[101.577194,12.651997],[101.591762,12.652344],[101.593272,12.653501],[101.607409,12.652228],[101.623163,12.648409],[101.634926,12.643316],[101.641076,12.643779],[101.651004,12.651649],[101.655968,12.66195],[101.66104,12.665885],[101.659529,12.669821],[101.666327,12.674682],[101.671615,12.683825],[101.691362,12.694589],[101.70129,12.695746],[101.704203,12.698293],[101.712405,12.700029],[101.724814,12.705584],[101.745101,12.706857],[101.750065,12.70813],[101.761719,12.7057],[101.767546,12.703385],[101.773913,12.697135],[101.78438,12.6932],[101.790639,12.700839],[101.785028,12.709867],[101.793229,12.715654],[101.799595,12.724566],[101.798948,12.731741],[101.796682,12.737181],[101.801862,12.73857],[101.802941,12.742042],[101.79884,12.746672],[101.806286,12.756163],[101.81125,12.754658],[101.814703,12.750839],[101.820206,12.764727],[101.816969,12.767042],[101.818048,12.777111],[101.821285,12.781278],[101.819667,12.787065],[101.822149,12.791],[101.818911,12.797366],[101.821501,12.804542],[101.827544,12.811371],[101.827652,12.821787],[101.830242,12.826185],[101.82776,12.829426],[101.828947,12.836833],[101.824523,12.841926],[101.826897,12.845167],[101.827004,12.85512],[101.824523,12.860444],[101.819343,12.866347],[101.81589,12.872713],[101.819882,12.879194],[101.816645,12.890884],[101.818911,12.893662],[101.818156,12.899796],[101.813192,12.899101],[101.813624,12.891],[101.811681,12.885328],[101.806825,12.88718],[101.806933,12.900722],[101.804343,12.9035],[101.802077,12.911138],[101.802185,12.918662],[101.799272,12.926648],[101.794092,12.927111],[101.790963,12.930698],[101.79215,12.934981],[101.790315,12.944009],[101.783733,12.947249],[101.779093,12.953615],[101.772079,12.950606],[101.767654,12.944472],[101.758698,12.940305],[101.754166,12.942272],[101.751468,12.951532],[101.745533,12.952573],[101.738842,12.959055],[101.739382,12.96762],[101.741324,12.978268],[101.737763,12.981277],[101.742511,12.990652],[101.749633,12.997249],[101.752223,13.005119],[101.756,13.007318],[101.753842,13.01461],[101.752763,13.029077],[101.760856,13.035906],[101.760532,13.040536],[101.756863,13.049563],[101.752655,13.049563],[101.746936,13.045513],[101.744777,13.038105],[101.737871,13.033707],[101.732476,13.034054],[101.726217,13.030351],[101.719311,13.03255],[101.716397,13.035675],[101.713915,13.04748],[101.710354,13.050142],[101.711218,13.055119],[101.707549,13.059633],[101.706793,13.064378],[101.702909,13.07167],[101.706577,13.076299],[101.699024,13.080466],[101.694384,13.088452],[101.692657,13.097943],[101.695787,13.103267],[101.700211,13.106276],[101.699455,13.109632],[101.692118,13.10917],[101.687046,13.111716],[101.684672,13.122711],[101.688772,13.12954],[101.695355,13.133938],[101.696866,13.139841],[101.695787,13.146669]]]]}},{"type":"Feature","id":"TH22","bbox":[101.684672,12.286837,102.536401,13.334631],"properties":{"ADM1_PCODE":"TH22","ADM1_TH":"จันทบุรี","ADM1_EN":"Chanthaburi"},"geometry":{"type":"MultiPolygon","coordinates":[[[[102.241485,12.296096],[102.235334,12.295286],[102.237816,12.286837],[102.240406,12.287184],[102.243967,12.293666],[102.241485,12.296096]]],[[[102.353603,13.298867],[102.346265,13.304191],[102.344107,13.307779],[102.335042,13.31565],[102.33051,13.316228],[102.330942,13.30859],[102.322956,13.300256],[102.321877,13.294469],[102.3181,13.294701],[102.315619,13.289608],[102.310547,13.286946],[102.303425,13.290418],[102.297598,13.28984],[102.298029,13.295511],[102.291663,13.300603],[102.283785,13.303613],[102.277419,13.290187],[102.272779,13.288451],[102.261124,13.287988],[102.256053,13.284747],[102.24483,13.285557],[102.238355,13.291113],[102.23242,13.292386],[102.22832,13.301761],[102.218608,13.30396],[102.216558,13.308011],[102.212349,13.303613],[102.196594,13.295974],[102.189904,13.295627],[102.189364,13.301182],[102.184077,13.304076],[102.180948,13.314608],[102.170372,13.320048],[102.168538,13.323404],[102.164222,13.324214],[102.150625,13.319585],[102.143395,13.323751],[102.135626,13.333705],[102.127532,13.334631],[102.126345,13.327571],[102.129043,13.326413],[102.124079,13.310673],[102.118576,13.30315],[102.119763,13.295164],[102.118144,13.277571],[102.112317,13.272131],[102.108972,13.26484],[102.103469,13.261599],[102.095375,13.259863],[102.08793,13.26021],[102.079081,13.258127],[102.076383,13.253266],[102.070232,13.254539],[102.069477,13.250835],[102.061492,13.251877],[102.060844,13.245627],[102.057607,13.242039],[102.052535,13.242386],[102.049622,13.23903],[102.043363,13.242386],[102.039694,13.239493],[102.028256,13.236715],[102.027824,13.246553],[102.029766,13.249331],[102.028579,13.256969],[102.029982,13.262872],[102.028256,13.265997],[102.035917,13.274793],[102.036241,13.280349],[102.032896,13.286367],[102.02545,13.287988],[102.021241,13.286599],[102.015306,13.291229],[102.011745,13.290418],[102.006458,13.304307],[102.005271,13.309863],[101.999768,13.31889],[101.995235,13.320164],[101.988869,13.333242],[101.981962,13.330927],[101.975164,13.326761],[101.968042,13.324562],[101.96297,13.315765],[101.960381,13.308242],[101.955956,13.30315],[101.955848,13.299678],[101.950129,13.29609],[101.938691,13.294006],[101.933835,13.290534],[101.932108,13.286599],[101.928008,13.287178],[101.923476,13.292039],[101.919051,13.285673],[101.9129,13.287525],[101.905239,13.287641],[101.905023,13.269006],[101.902109,13.262872],[101.898333,13.261599],[101.896498,13.252224],[101.896282,13.243891],[101.900383,13.240882],[101.901678,13.234747],[101.8897,13.228382],[101.889484,13.233821],[101.882578,13.236484],[101.87988,13.234053],[101.879233,13.225141],[101.874053,13.222363],[101.872542,13.228266],[101.872866,13.240187],[101.8706,13.243775],[101.8706,13.252108],[101.868226,13.252687],[101.862399,13.247826],[101.856787,13.253845],[101.854306,13.254192],[101.849665,13.248289],[101.845349,13.240187],[101.839414,13.237872],[101.835853,13.233821],[101.832939,13.238683],[101.827328,13.237641],[101.825062,13.232896],[101.822364,13.222016],[101.81589,13.215419],[101.796034,13.20315],[101.790315,13.203382],[101.77715,13.18822],[101.771215,13.184169],[101.761072,13.188451],[101.756324,13.18822],[101.752655,13.182086],[101.741001,13.186715],[101.732692,13.179308],[101.726433,13.178729],[101.717153,13.182201],[101.719742,13.178845],[101.716721,13.174331],[101.71726,13.170049],[101.715102,13.163104],[101.709815,13.160905],[101.702801,13.16079],[101.700211,13.157317],[101.695787,13.146669],[101.696866,13.139841],[101.695355,13.133938],[101.688772,13.12954],[101.684672,13.122711],[101.687046,13.111716],[101.692118,13.10917],[101.699455,13.109632],[101.700211,13.106276],[101.695787,13.103267],[101.692657,13.097943],[101.694384,13.088452],[101.699024,13.080466],[101.706577,13.076299],[101.702909,13.07167],[101.706793,13.064378],[101.707549,13.059633],[101.711218,13.055119],[101.710354,13.050142],[101.713915,13.04748],[101.716397,13.035675],[101.719311,13.03255],[101.726217,13.030351],[101.732476,13.034054],[101.737871,13.033707],[101.744777,13.038105],[101.746936,13.045513],[101.752655,13.049563],[101.756863,13.049563],[101.760532,13.040536],[101.760856,13.035906],[101.752763,13.029077],[101.753842,13.01461],[101.756,13.007318],[101.752223,13.005119],[101.749633,12.997249],[101.742511,12.990652],[101.737763,12.981277],[101.741324,12.978268],[101.739382,12.96762],[101.738842,12.959055],[101.745533,12.952573],[101.751468,12.951532],[101.754166,12.942272],[101.758698,12.940305],[101.767654,12.944472],[101.772079,12.950606],[101.779093,12.953615],[101.783733,12.947249],[101.790315,12.944009],[101.79215,12.934981],[101.790963,12.930698],[101.794092,12.927111],[101.799272,12.926648],[101.802185,12.918662],[101.802077,12.911138],[101.804343,12.9035],[101.806933,12.900722],[101.806825,12.88718],[101.811681,12.885328],[101.813624,12.891],[101.813192,12.899101],[101.818156,12.899796],[101.818911,12.893662],[101.816645,12.890884],[101.819882,12.879194],[101.81589,12.872713],[101.819343,12.866347],[101.824523,12.860444],[101.827004,12.85512],[101.826897,12.845167],[101.824523,12.841926],[101.828947,12.836833],[101.82776,12.829426],[101.830242,12.826185],[101.827652,12.821787],[101.827544,12.811371],[101.821501,12.804542],[101.818911,12.797366],[101.822149,12.791],[101.819667,12.787065],[101.821285,12.781278],[101.818048,12.777111],[101.816969,12.767042],[101.820206,12.764727],[101.814703,12.750839],[101.81125,12.754658],[101.806286,12.756163],[101.79884,12.746672],[101.802941,12.742042],[101.801862,12.73857],[101.796682,12.737181],[101.798948,12.731741],[101.799595,12.724566],[101.793229,12.715654],[101.785028,12.709867],[101.790639,12.700839],[101.78438,12.6932],[101.805099,12.684288],[101.822364,12.674682],[101.826897,12.67283],[101.842759,12.659057],[101.852579,12.653501],[101.853874,12.64945],[101.862507,12.642969],[101.864989,12.624335],[101.867147,12.613687],[101.871247,12.6079],[101.877398,12.603039],[101.879341,12.593895],[101.884628,12.601302],[101.890455,12.603502],[101.894772,12.603154],[101.904483,12.597715],[101.909663,12.577113],[101.900167,12.573293],[101.895095,12.576766],[101.892182,12.581395],[101.885599,12.58209],[101.885599,12.576187],[101.889376,12.569937],[101.892829,12.57283],[101.897361,12.570747],[101.912361,12.559173],[101.924339,12.547368],[101.928224,12.538687],[101.931137,12.536835],[101.948942,12.53128],[101.947863,12.537993],[101.954446,12.54077],[101.969013,12.543317],[101.982826,12.541465],[101.998365,12.535446],[102.010666,12.528733],[102.020378,12.522368],[102.028687,12.515308],[102.041097,12.501187],[102.046708,12.486488],[102.040773,12.47966],[102.043471,12.477924],[102.042931,12.472831],[102.052212,12.472715],[102.057391,12.468549],[102.057067,12.480701],[102.061708,12.48047],[102.070448,12.477461],[102.089332,12.465308],[102.102282,12.454081],[102.112209,12.44135],[102.119115,12.429313],[102.124295,12.422831],[102.126345,12.416697],[102.129691,12.412531],[102.137244,12.411605],[102.160013,12.398179],[102.167243,12.392508],[102.191199,12.367623],[102.212349,12.340309],[102.223464,12.328619],[102.240729,12.317739],[102.254218,12.306628],[102.257779,12.292971],[102.261772,12.297832],[102.267383,12.300147],[102.285943,12.299105],[102.30472,12.301652],[102.311626,12.304314],[102.325978,12.317739],[102.338387,12.326883],[102.345833,12.337531],[102.347884,12.35061],[102.344754,12.363225],[102.351552,12.372369],[102.359754,12.376883],[102.362235,12.383364],[102.365904,12.386721],[102.371192,12.387299],[102.367847,12.402577],[102.35738,12.405933],[102.351768,12.412068],[102.341841,12.416697],[102.334287,12.418202],[102.331158,12.422947],[102.325223,12.427808],[102.326841,12.437067],[102.329755,12.445169],[102.324683,12.448178],[102.319935,12.44841],[102.320043,12.452692],[102.326949,12.455702],[102.33105,12.461604],[102.333639,12.461489],[102.338172,12.466465],[102.337416,12.470863],[102.341625,12.476072],[102.339467,12.485794],[102.334503,12.491234],[102.334503,12.49922],[102.338064,12.504197],[102.336445,12.50871],[102.337632,12.514035],[102.331158,12.520053],[102.323604,12.520863],[102.314539,12.523872],[102.312165,12.528849],[102.317237,12.535331],[102.314539,12.542622],[102.306123,12.549104],[102.305259,12.556627],[102.312165,12.556974],[102.320043,12.560099],[102.32382,12.559173],[102.327165,12.562993],[102.33515,12.563571],[102.342488,12.571789],[102.344646,12.578849],[102.345725,12.589728],[102.359106,12.596673],[102.364717,12.595631],[102.371839,12.597715],[102.37648,12.595978],[102.378746,12.591233],[102.380256,12.583016],[102.384249,12.583826],[102.392126,12.574335],[102.396551,12.572599],[102.397522,12.569127],[102.405183,12.567506],[102.416946,12.571557],[102.422989,12.569474],[102.423636,12.573178],[102.41673,12.578733],[102.414464,12.583594],[102.407234,12.58915],[102.403457,12.589728],[102.398493,12.597946],[102.392666,12.601418],[102.38835,12.609983],[102.395903,12.609173],[102.396443,12.614497],[102.400759,12.614728],[102.401622,12.618548],[102.396874,12.628501],[102.391587,12.630122],[102.391263,12.635446],[102.393529,12.641464],[102.387702,12.64864],[102.387486,12.658478],[102.384789,12.663223],[102.386623,12.665538],[102.383494,12.671441],[102.38522,12.679427],[102.394069,12.678733],[102.393745,12.688107],[102.402917,12.692274],[102.400435,12.698524],[102.407234,12.698756],[102.415543,12.707089],[102.424176,12.711255],[102.425147,12.723871],[102.431405,12.724566],[102.434859,12.729195],[102.440038,12.730931],[102.441117,12.736718],[102.458707,12.733015],[102.465073,12.73313],[102.475756,12.736487],[102.48072,12.74563],[102.489677,12.752806],[102.491187,12.757204],[102.498309,12.756626],[102.50759,12.752459],[102.510827,12.753501],[102.517841,12.751996],[102.521402,12.754889],[102.525826,12.762875],[102.532409,12.767852],[102.535646,12.778037],[102.536401,12.784519],[102.529495,12.792621],[102.528092,12.797135],[102.528956,12.803847],[102.532409,12.809866],[102.531438,12.81357],[102.52561,12.819588],[102.522157,12.819357],[102.515467,12.822713],[102.515143,12.835792],[102.51633,12.839264],[102.509748,12.845514],[102.50187,12.849333],[102.497878,12.859518],[102.503165,12.864495],[102.507805,12.865768],[102.505323,12.882319],[102.507374,12.892273],[102.510287,12.896555],[102.502734,12.901416],[102.503381,12.906393],[102.500899,12.91681],[102.495396,12.922712],[102.496367,12.926069],[102.491943,12.933129],[102.491295,12.938337],[102.486223,12.947481],[102.489784,12.950606],[102.497446,12.952921],[102.501439,12.960907],[102.494209,12.971092],[102.485576,12.978962],[102.48741,12.98336],[102.496475,12.986948],[102.508237,12.995629],[102.516762,12.995513],[102.526474,12.999332],[102.52669,13.005351],[102.518057,13.005351],[102.494317,13.013568],[102.459246,13.082781],[102.451153,13.083128],[102.444678,13.08741],[102.441873,13.084633],[102.43788,13.086369],[102.433024,13.094702],[102.433132,13.102225],[102.420938,13.11785],[102.417053,13.131044],[102.418564,13.1366],[102.405831,13.1491],[102.401515,13.151762],[102.401515,13.158359],[102.396874,13.17491],[102.393313,13.176762],[102.391803,13.186252],[102.39504,13.18903],[102.39504,13.194123],[102.38986,13.211947],[102.384789,13.222132],[102.376911,13.232201],[102.377451,13.240882],[102.371516,13.243891],[102.370976,13.250257],[102.366444,13.25072],[102.366012,13.262872],[102.360941,13.268196],[102.351121,13.275256],[102.349502,13.287178],[102.353603,13.298867]]]]}},{"type":"Feature","id":"TH23","bbox":[102.251736,11.561842,102.914624,12.757204],"properties":{"ADM1_PCODE":"TH23","ADM1_TH":"ตราด","ADM1_EN":"Trat"},"geometry":{"type":"MultiPolygon","coordinates":[[[[102.516978,11.724919],[102.515035,11.717165],[102.521186,11.708253],[102.525718,11.71566],[102.522157,11.723415],[102.516978,11.724919]]],[[[102.555178,11.760799],[102.550969,11.761493],[102.546976,11.758831],[102.54471,11.754317],[102.546329,11.748646],[102.545358,11.742165],[102.547408,11.738229],[102.539962,11.732905],[102.54007,11.726192],[102.534459,11.724341],[102.536293,11.715429],[102.539207,11.712419],[102.541041,11.705822],[102.539962,11.701193],[102.533488,11.696563],[102.527337,11.69529],[102.527661,11.686146],[102.530251,11.684526],[102.533812,11.677234],[102.532085,11.673762],[102.534459,11.666239],[102.530358,11.663924],[102.527661,11.656748],[102.533488,11.65316],[102.537049,11.6461],[102.537265,11.640661],[102.543523,11.637651],[102.545466,11.630823],[102.545466,11.622721],[102.542552,11.619712],[102.532732,11.61867],[102.536186,11.611726],[102.528416,11.609874],[102.526797,11.604202],[102.538452,11.60374],[102.542013,11.60154],[102.544171,11.595753],[102.548271,11.594365],[102.554206,11.596679],[102.560681,11.591124],[102.564889,11.594365],[102.571472,11.589272],[102.570717,11.581749],[102.568343,11.578855],[102.570717,11.573994],[102.576328,11.573184],[102.585069,11.564967],[102.593378,11.561842],[102.593485,11.570754],[102.595967,11.578161],[102.593162,11.593323],[102.596723,11.597027],[102.596615,11.609527],[102.589817,11.604897],[102.588522,11.612883],[102.591975,11.613925],[102.592298,11.620638],[102.600931,11.6233],[102.598234,11.627119],[102.604276,11.633716],[102.607837,11.644364],[102.608593,11.656401],[102.603845,11.667281],[102.600823,11.677234],[102.602118,11.686146],[102.608377,11.68985],[102.605032,11.695869],[102.600284,11.699919],[102.598341,11.694364],[102.59068,11.694364],[102.583666,11.709179],[102.572335,11.707211],[102.570717,11.701308],[102.564782,11.697836],[102.564674,11.706748],[102.5623,11.712188],[102.565753,11.717743],[102.564134,11.7211],[102.56694,11.730243],[102.5664,11.74066],[102.5623,11.747952],[102.559818,11.74853],[102.558307,11.756979],[102.555178,11.760799]]],[[[102.394716,11.771678],[102.394392,11.777118],[102.389321,11.776424],[102.390508,11.771447],[102.394716,11.771678]]],[[[102.385328,11.810914],[102.380364,11.807905],[102.380796,11.798993],[102.384681,11.795521],[102.383817,11.782095],[102.388242,11.778275],[102.389213,11.784757],[102.392018,11.785799],[102.390724,11.793785],[102.393421,11.796678],[102.385328,11.810914]]],[[[102.471979,11.839618],[102.46885,11.839386],[102.470684,11.828854],[102.467555,11.822141],[102.461404,11.820983],[102.455469,11.817743],[102.446729,11.818669],[102.444139,11.811493],[102.451477,11.81346],[102.460973,11.813923],[102.468203,11.811956],[102.476512,11.806053],[102.479857,11.798993],[102.489784,11.797373],[102.486331,11.802465],[102.487518,11.812187],[102.491403,11.815659],[102.508345,11.816007],[102.508021,11.8189],[102.51169,11.826539],[102.506403,11.830358],[102.498417,11.828159],[102.489677,11.827812],[102.480936,11.828854],[102.471224,11.83302],[102.471979,11.839618]]],[[[102.530035,11.834757],[102.532948,11.842511],[102.5282,11.85258],[102.52561,11.852928],[102.519028,11.833831],[102.523129,11.83302],[102.530035,11.834757]]],[[[102.452556,11.892048],[102.453311,11.899802],[102.448995,11.901886],[102.446081,11.900034],[102.452556,11.892048]]],[[[102.397738,11.909177],[102.393205,11.904895],[102.399896,11.901886],[102.397522,11.896562],[102.411118,11.897488],[102.417053,11.901539],[102.41209,11.904548],[102.40432,11.903275],[102.397738,11.909177]]],[[[102.364502,11.923992],[102.354142,11.922372],[102.348747,11.917511],[102.342812,11.906978],[102.346589,11.900728],[102.352524,11.908714],[102.357595,11.912997],[102.363099,11.920057],[102.364502,11.923992]]],[[[102.497986,11.959293],[102.493238,11.95802],[102.487303,11.953043],[102.492698,11.95177],[102.500468,11.954432],[102.497986,11.959293]]],[[[102.473598,11.930358],[102.476296,11.936145],[102.479749,11.937418],[102.482878,11.955473],[102.478562,11.960566],[102.469929,11.954084],[102.467231,11.946446],[102.466584,11.934293],[102.468095,11.931052],[102.473598,11.930358]]],[[[102.251736,12.156745],[102.252492,12.151884],[102.256053,12.151768],[102.260369,12.146907],[102.268138,12.145171],[102.269002,12.142393],[102.267059,12.132671],[102.260585,12.132903],[102.256053,12.135102],[102.252492,12.130356],[102.259398,12.124222],[102.269325,12.109986],[102.27375,12.102],[102.276663,12.084871],[102.276447,12.07538],[102.274397,12.072602],[102.277095,12.068551],[102.283893,12.065542],[102.28972,12.057325],[102.294252,12.042857],[102.289936,12.029315],[102.291231,12.024223],[102.287778,12.015542],[102.288102,12.01288],[102.293713,12.00663],[102.2949,11.999802],[102.297706,11.997718],[102.297166,11.98707],[102.294145,11.982209],[102.301482,11.980936],[102.305259,11.975381],[102.309899,11.963922],[102.31659,11.955936],[102.319503,11.95883],[102.317453,11.963112],[102.31141,11.965427],[102.311086,11.970751],[102.316698,11.974339],[102.326517,11.973876],[102.333855,11.975381],[102.355006,11.963807],[102.35738,11.965774],[102.361912,11.962302],[102.37389,11.963228],[102.37853,11.966006],[102.378314,11.975381],[102.376587,11.982209],[102.37335,11.984061],[102.36925,11.993436],[102.371947,11.997024],[102.382199,12.000265],[102.386515,11.993552],[102.393745,11.992047],[102.396443,11.98707],[102.400435,11.984061],[102.40022,11.978969],[102.403781,11.97758],[102.41209,11.969941],[102.412629,11.96751],[102.421909,11.964733],[102.423312,11.960913],[102.430003,11.959871],[102.432269,11.953506],[102.437125,11.954895],[102.433887,11.961029],[102.438096,11.969015],[102.443168,11.970983],[102.446621,11.976307],[102.440901,11.982904],[102.429139,11.989848],[102.427629,11.99633],[102.419212,12.008598],[102.417161,12.016237],[102.406478,12.030589],[102.398493,12.035565],[102.399356,12.043436],[102.396982,12.04957],[102.390724,12.05119],[102.386299,12.047602],[102.381767,12.058713],[102.382738,12.067973],[102.376587,12.069709],[102.375616,12.073065],[102.370437,12.077463],[102.36612,12.083713],[102.363099,12.095172],[102.357595,12.098181],[102.355437,12.101769],[102.355761,12.108366],[102.351229,12.113806],[102.347128,12.112533],[102.332452,12.123875],[102.32123,12.136259],[102.315726,12.13568],[102.312705,12.138574],[102.302885,12.142278],[102.292526,12.144014],[102.284109,12.140657],[102.275476,12.142393],[102.272671,12.145171],[102.267815,12.145634],[102.265656,12.149222],[102.25929,12.152579],[102.25616,12.156166],[102.251736,12.156745]]],[[[102.50759,12.752459],[102.498309,12.756626],[102.491187,12.757204],[102.489677,12.752806],[102.48072,12.74563],[102.475756,12.736487],[102.465073,12.73313],[102.458707,12.733015],[102.441117,12.736718],[102.440038,12.730931],[102.434859,12.729195],[102.431405,12.724566],[102.425147,12.723871],[102.424176,12.711255],[102.415543,12.707089],[102.407234,12.698756],[102.400435,12.698524],[102.402917,12.692274],[102.393745,12.688107],[102.394069,12.678733],[102.38522,12.679427],[102.383494,12.671441],[102.386623,12.665538],[102.384789,12.663223],[102.387486,12.658478],[102.387702,12.64864],[102.393529,12.641464],[102.391263,12.635446],[102.391587,12.630122],[102.396874,12.628501],[102.401622,12.618548],[102.400759,12.614728],[102.396443,12.614497],[102.395903,12.609173],[102.38835,12.609983],[102.392666,12.601418],[102.398493,12.597946],[102.403457,12.589728],[102.407234,12.58915],[102.414464,12.583594],[102.41673,12.578733],[102.423636,12.573178],[102.422989,12.569474],[102.416946,12.571557],[102.405183,12.567506],[102.397522,12.569127],[102.396551,12.572599],[102.392126,12.574335],[102.384249,12.583826],[102.380256,12.583016],[102.378746,12.591233],[102.37648,12.595978],[102.371839,12.597715],[102.364717,12.595631],[102.359106,12.596673],[102.345725,12.589728],[102.344646,12.578849],[102.342488,12.571789],[102.33515,12.563571],[102.327165,12.562993],[102.32382,12.559173],[102.320043,12.560099],[102.312165,12.556974],[102.305259,12.556627],[102.306123,12.549104],[102.314539,12.542622],[102.317237,12.535331],[102.312165,12.528849],[102.314539,12.523872],[102.323604,12.520863],[102.331158,12.520053],[102.337632,12.514035],[102.336445,12.50871],[102.338064,12.504197],[102.334503,12.49922],[102.334503,12.491234],[102.339467,12.485794],[102.341625,12.476072],[102.337416,12.470863],[102.338172,12.466465],[102.333639,12.461489],[102.33105,12.461604],[102.326949,12.455702],[102.320043,12.452692],[102.319935,12.44841],[102.324683,12.448178],[102.329755,12.445169],[102.326841,12.437067],[102.325223,12.427808],[102.331158,12.422947],[102.334287,12.418202],[102.341841,12.416697],[102.351768,12.412068],[102.35738,12.405933],[102.367847,12.402577],[102.371192,12.387299],[102.365904,12.386721],[102.362235,12.383364],[102.359754,12.376883],[102.351552,12.372369],[102.344754,12.363225],[102.347884,12.35061],[102.345833,12.337531],[102.338387,12.326883],[102.325978,12.317739],[102.311626,12.304314],[102.30472,12.301652],[102.285943,12.299105],[102.267383,12.300147],[102.261772,12.297832],[102.257779,12.292971],[102.264469,12.281397],[102.265872,12.274568],[102.264901,12.268897],[102.279793,12.251073],[102.28713,12.2373],[102.288857,12.230009],[102.28713,12.22399],[102.283893,12.221212],[102.278282,12.223643],[102.282382,12.213805],[102.278174,12.207787],[102.281411,12.198296],[102.285404,12.197486],[102.288857,12.191004],[102.295332,12.187532],[102.303101,12.186722],[102.306446,12.188921],[102.313352,12.182902],[102.324899,12.18024],[102.326086,12.190078],[102.333316,12.19656],[102.341733,12.199222],[102.34702,12.199222],[102.356085,12.193782],[102.368494,12.193435],[102.378314,12.183828],[102.38781,12.179777],[102.391047,12.171907],[102.398385,12.168319],[102.414787,12.170055],[102.434966,12.169245],[102.445542,12.165541],[102.460217,12.163805],[102.466368,12.164963],[102.473922,12.162648],[102.468418,12.158828],[102.467447,12.152579],[102.472303,12.143667],[102.48072,12.137648],[102.504892,12.128736],[102.524963,12.119245],[102.531869,12.113574],[102.54007,12.102579],[102.542444,12.095056],[102.545358,12.093088],[102.551401,12.082903],[102.548379,12.075496],[102.550969,12.06994],[102.547624,12.058945],[102.566616,12.050959],[102.57363,12.051653],[102.582047,12.046329],[102.586903,12.047487],[102.589169,12.053737],[102.580213,12.074107],[102.575141,12.076653],[102.573199,12.080125],[102.572767,12.087301],[102.56845,12.087764],[102.560573,12.092509],[102.558847,12.095403],[102.563595,12.113921],[102.566616,12.117625],[102.56176,12.122023],[102.556904,12.132671],[102.560573,12.139731],[102.560897,12.146907],[102.557552,12.153389],[102.555286,12.161722],[102.557767,12.164963],[102.567803,12.166815],[102.573091,12.169129],[102.568774,12.17399],[102.566508,12.179314],[102.557875,12.182324],[102.561976,12.185101],[102.566508,12.192509],[102.562192,12.198643],[102.570069,12.197486],[102.591219,12.210449],[102.601255,12.203157],[102.611938,12.200611],[102.616902,12.194361],[102.633844,12.185449],[102.644419,12.176652],[102.647548,12.162995],[102.644958,12.159639],[102.645822,12.154662],[102.636541,12.157324],[102.630498,12.156977],[102.624779,12.151421],[102.62629,12.148065],[102.637836,12.139616],[102.642153,12.133597],[102.656181,12.126074],[102.667188,12.117741],[102.672367,12.111259],[102.678626,12.105935],[102.693733,12.094593],[102.696755,12.091121],[102.713157,12.077463],[102.727509,12.067047],[102.732149,12.061028],[102.74294,12.052463],[102.753839,12.042047],[102.760098,12.033366],[102.766356,12.02214],[102.765709,12.006862],[102.770241,11.995056],[102.77132,11.987186],[102.766896,11.980242],[102.778874,11.961492],[102.784269,11.947835],[102.784593,11.9417],[102.78168,11.9292],[102.775745,11.928159],[102.773371,11.924224],[102.773371,11.91589],[102.777147,11.906978],[102.783406,11.898761],[102.80283,11.875728],[102.81675,11.857673],[102.835526,11.831979],[102.868007,11.792627],[102.876316,11.78059],[102.881064,11.770868],[102.888726,11.759178],[102.894769,11.746794],[102.898546,11.736493],[102.89779,11.734641],[102.906099,11.71485],[102.90556,11.70316],[102.904157,11.694248],[102.900704,11.687072],[102.904589,11.676193],[102.903833,11.670174],[102.906207,11.659179],[102.905668,11.656633],[102.909337,11.650036],[102.914624,11.651309],[102.913329,11.658137],[102.912682,11.672836],[102.911387,11.680128],[102.912358,11.702929],[102.910739,11.718091],[102.911387,11.729549],[102.910739,11.73985],[102.912034,11.745405],[102.909444,11.749572],[102.904589,11.768206],[102.902322,11.772604],[102.894769,11.781632],[102.892503,11.787187],[102.882035,11.789965],[102.886352,11.799919],[102.866712,11.806169],[102.863151,11.812187],[102.862612,11.823993],[102.859482,11.826655],[102.85495,11.825613],[102.849339,11.832095],[102.846317,11.84309],[102.83844,11.849918],[102.832829,11.858483],[102.82862,11.870057],[102.826246,11.872488],[102.819987,11.892048],[102.822469,11.905126],[102.818477,11.91265],[102.820095,11.916237],[102.813729,11.922024],[102.813513,11.926538],[102.816426,11.931978],[102.810707,11.943089],[102.805312,11.947372],[102.801211,11.948182],[102.796032,11.957672],[102.797111,11.962071],[102.79096,11.976885],[102.785025,11.977348],[102.780493,11.989501],[102.780493,11.996214],[102.776932,12.00501],[102.776392,12.013806],[102.780816,12.023413],[102.774342,12.033829],[102.774342,12.05501],[102.770997,12.060681],[102.769594,12.067047],[102.770781,12.074107],[102.765817,12.074801],[102.758047,12.080704],[102.756321,12.088227],[102.752328,12.094361],[102.746609,12.097255],[102.74553,12.100264],[102.736573,12.107787],[102.734092,12.113343],[102.734955,12.116931],[102.733228,12.123759],[102.729667,12.130009],[102.720495,12.135218],[102.711646,12.150379],[102.708733,12.168666],[102.705927,12.171328],[102.706143,12.181051],[102.711862,12.19274],[102.712618,12.19737],[102.709488,12.203967],[102.713157,12.219939],[102.718121,12.22156],[102.719308,12.22781],[102.718337,12.233481],[102.718121,12.250032],[102.714668,12.255934],[102.71402,12.264615],[102.716826,12.268087],[102.720279,12.276999],[102.727401,12.302925],[102.726322,12.319823],[102.726754,12.329313],[102.72438,12.33348],[102.725783,12.339499],[102.724703,12.34598],[102.726214,12.364267],[102.732797,12.370748],[102.732473,12.373526],[102.737653,12.376767],[102.742508,12.386605],[102.752005,12.392045],[102.759019,12.393665],[102.771428,12.393665],[102.779198,12.400031],[102.784377,12.400378],[102.787615,12.41091],[102.786428,12.419822],[102.78114,12.434984],[102.773694,12.4351],[102.769378,12.442623],[102.769702,12.44841],[102.764954,12.456627],[102.754163,12.456743],[102.750278,12.462414],[102.746501,12.457785],[102.741106,12.466234],[102.737437,12.465655],[102.737868,12.475725],[102.740458,12.482437],[102.730962,12.490308],[102.725243,12.486257],[102.720711,12.486373],[102.720495,12.491465],[102.725783,12.496789],[102.723516,12.501766],[102.729128,12.509058],[102.72438,12.512993],[102.715099,12.507206],[102.704848,12.513919],[102.703877,12.520169],[102.696971,12.51959],[102.697294,12.525609],[102.69341,12.531858],[102.684022,12.537877],[102.678087,12.538803],[102.678626,12.543201],[102.684561,12.546789],[102.677223,12.558594],[102.668806,12.563455],[102.667835,12.573409],[102.659634,12.58209],[102.651649,12.582205],[102.644527,12.585678],[102.645498,12.59459],[102.648088,12.597599],[102.646145,12.610677],[102.642153,12.612066],[102.631901,12.609751],[102.627045,12.615191],[102.617549,12.615191],[102.608377,12.623987],[102.605571,12.628386],[102.598341,12.630816],[102.59273,12.638571],[102.58809,12.640538],[102.581831,12.645747],[102.580536,12.652807],[102.570717,12.65408],[102.567587,12.658131],[102.553451,12.65246],[102.549998,12.655816],[102.544387,12.655932],[102.538991,12.652112],[102.533919,12.652922],[102.509748,12.671788],[102.508884,12.676996],[102.505108,12.683478],[102.5091,12.686371],[102.510287,12.691117],[102.50705,12.696441],[102.497446,12.70408],[102.503705,12.71276],[102.502842,12.72063],[102.504244,12.732667],[102.500468,12.740306],[102.505539,12.746556],[102.50759,12.752459]]]]}},{"type":"Feature","id":"TH24","bbox":[100.848373,13.178729,101.990056,13.976641],"properties":{"ADM1_PCODE":"TH24","ADM1_TH":"ฉะเชิงเทรา","ADM1_EN":"Chachoengsao"},"geometry":{"type":"Polygon","coordinates":[[[101.137787,13.969812],[101.102824,13.974442],[101.048761,13.976641],[101.043474,13.976525],[101.022539,13.971201],[100.982181,13.970622],[100.914198,13.961247],[100.913982,13.946548],[100.908479,13.902104],[100.906429,13.881155],[100.905889,13.855229],[100.904163,13.848517],[100.912579,13.846665],[100.908155,13.837521],[100.938586,13.814258],[100.928226,13.801295],[100.909774,13.790415],[100.89035,13.756156],[100.877509,13.735786],[100.855064,13.699212],[100.860783,13.696897],[100.877401,13.689721],[100.89348,13.684397],[100.91668,13.675948],[100.955851,13.662407],[100.952614,13.654999],[100.954233,13.646897],[100.963944,13.644583],[100.959736,13.633009],[100.944737,13.618657],[100.929629,13.600023],[100.923586,13.593773],[100.917867,13.594467],[100.913982,13.592384],[100.907076,13.592037],[100.906968,13.580578],[100.913659,13.577106],[100.913874,13.56912],[100.908263,13.562176],[100.904055,13.554074],[100.890566,13.564259],[100.889811,13.558356],[100.886465,13.557199],[100.884307,13.551875],[100.879559,13.548171],[100.872113,13.523403],[100.874056,13.520162],[100.871574,13.512292],[100.872545,13.507778],[100.872437,13.494815],[100.869632,13.488218],[100.863157,13.489607],[100.860135,13.484514],[100.8501,13.483241],[100.848373,13.47838],[100.862402,13.474561],[100.869955,13.475602],[100.871898,13.471436],[100.896177,13.468079],[100.900278,13.469121],[100.908911,13.466227],[100.920565,13.46426],[100.938801,13.462639],[100.945816,13.46345],[100.95542,13.466922],[100.963081,13.460903],[100.974088,13.473403],[100.980778,13.465996],[100.986066,13.462987],[100.995454,13.465649],[101.003547,13.46345],[101.00495,13.46044],[101.013367,13.461945],[101.009051,13.468658],[101.011209,13.47294],[101.023618,13.475024],[101.033006,13.474908],[101.039373,13.480348],[101.035812,13.485672],[101.040992,13.489723],[101.039697,13.492732],[101.050919,13.503496],[101.049625,13.509283],[101.052646,13.510556],[101.061818,13.50801],[101.071962,13.50338],[101.073796,13.506621],[101.068077,13.515533],[101.070775,13.517732],[101.067322,13.525371],[101.070883,13.525371],[101.069048,13.532546],[101.064948,13.537639],[101.057178,13.539607],[101.05502,13.542616],[101.056207,13.547708],[101.041747,13.549907],[101.043474,13.558241],[101.047251,13.559514],[101.051891,13.557546],[101.05502,13.552106],[101.068401,13.557315],[101.069804,13.555116],[101.076926,13.555463],[101.087285,13.55338],[101.094407,13.553727],[101.104335,13.558819],[101.1025,13.561597],[101.110378,13.569352],[101.114154,13.56993],[101.118471,13.564954],[101.121816,13.564954],[101.129909,13.56993],[101.129478,13.578148],[101.135305,13.580116],[101.140808,13.588333],[101.143506,13.589259],[101.152678,13.584282],[101.175447,13.585555],[101.182785,13.586944],[101.185698,13.585555],[101.201453,13.584514],[101.216668,13.57919],[101.216237,13.576875],[101.224654,13.57618],[101.232639,13.573866],[101.239114,13.570278],[101.24807,13.569583],[101.255408,13.566342],[101.265875,13.567153],[101.270839,13.564375],[101.274832,13.553843],[101.284004,13.548287],[101.290371,13.536366],[101.294471,13.533704],[101.295011,13.525486],[101.299327,13.524908],[101.302564,13.518079],[101.310873,13.515648],[101.314111,13.507662],[101.323823,13.498056],[101.330297,13.494468],[101.335693,13.493542],[101.340009,13.487639],[101.348642,13.481158],[101.351555,13.480579],[101.356843,13.474098],[101.36008,13.466112],[101.365152,13.463102],[101.371411,13.468426],[101.377561,13.469931],[101.38382,13.469352],[101.394072,13.474908],[101.407992,13.470973],[101.409826,13.465996],[101.402812,13.455579],[101.402489,13.450255],[101.409395,13.451644],[101.412416,13.450024],[101.416733,13.45338],[101.42925,13.446436],[101.434646,13.449561],[101.43853,13.443658],[101.445005,13.443427],[101.447379,13.440417],[101.470256,13.426181],[101.476299,13.436366],[101.480291,13.44007],[101.490003,13.444584],[101.495291,13.435209],[101.490974,13.427917],[101.500147,13.416691],[101.501657,13.410441],[101.508995,13.409862],[101.518275,13.422941],[101.523887,13.423519],[101.532412,13.426876],[101.533167,13.414723],[101.538778,13.411482],[101.548922,13.388334],[101.5459,13.377455],[101.549138,13.375371],[101.548706,13.370395],[101.55626,13.367848],[101.556475,13.35801],[101.558094,13.347247],[101.561871,13.339839],[101.564784,13.337409],[101.565648,13.33058],[101.572878,13.329886],[101.579028,13.333358],[101.582697,13.330001],[101.582266,13.322826],[101.590898,13.316228],[101.592301,13.311367],[101.597049,13.311483],[101.599639,13.302687],[101.610322,13.299446],[101.617013,13.302571],[101.625322,13.295627],[101.63212,13.295627],[101.635249,13.292617],[101.639458,13.292617],[101.64604,13.286136],[101.65068,13.2844],[101.656184,13.276182],[101.668701,13.27271],[101.672694,13.258358],[101.676794,13.25396],[101.683916,13.250604],[101.68737,13.241576],[101.689312,13.229539],[101.695571,13.220396],[101.701506,13.216229],[101.703988,13.209979],[101.712297,13.206044],[101.713376,13.201877],[101.712405,13.193544],[101.717153,13.182201],[101.726433,13.178729],[101.732692,13.179308],[101.741001,13.186715],[101.752655,13.182086],[101.756324,13.18822],[101.761072,13.188451],[101.771215,13.184169],[101.77715,13.18822],[101.790315,13.203382],[101.796034,13.20315],[101.81589,13.215419],[101.822364,13.222016],[101.825062,13.232896],[101.827328,13.237641],[101.832939,13.238683],[101.835853,13.233821],[101.839414,13.237872],[101.845349,13.240187],[101.849665,13.248289],[101.854306,13.254192],[101.856787,13.253845],[101.862399,13.247826],[101.868226,13.252687],[101.8706,13.252108],[101.8706,13.243775],[101.872866,13.240187],[101.872542,13.228266],[101.874053,13.222363],[101.879233,13.225141],[101.87988,13.234053],[101.882578,13.236484],[101.889484,13.233821],[101.8897,13.228382],[101.901678,13.234747],[101.900383,13.240882],[101.896282,13.243891],[101.896498,13.252224],[101.898333,13.261599],[101.902109,13.262872],[101.905023,13.269006],[101.905239,13.287641],[101.9129,13.287525],[101.919051,13.285673],[101.923476,13.292039],[101.928008,13.287178],[101.932108,13.286599],[101.933835,13.290534],[101.938691,13.294006],[101.950129,13.29609],[101.955848,13.299678],[101.955956,13.30315],[101.960381,13.308242],[101.96297,13.315765],[101.968042,13.324562],[101.975164,13.326761],[101.981962,13.330927],[101.988869,13.333242],[101.986818,13.334515],[101.98466,13.342617],[101.988545,13.345858],[101.990056,13.352455],[101.983042,13.35477],[101.98056,13.363335],[101.983042,13.371552],[101.98207,13.380464],[101.977754,13.38301],[101.97279,13.390533],[101.973114,13.395395],[101.976891,13.399214],[101.976891,13.408473],[101.968042,13.412293],[101.964913,13.418195],[101.963294,13.426644],[101.952719,13.432547],[101.948187,13.432779],[101.940741,13.439839],[101.93772,13.445163],[101.93923,13.454075],[101.943547,13.460672],[101.938367,13.470394],[101.936964,13.476065],[101.926929,13.475024],[101.924555,13.473056],[101.913872,13.474676],[101.8938,13.471551],[101.88711,13.480811],[101.882254,13.485324],[101.882038,13.491343],[101.884412,13.49632],[101.891426,13.502917],[101.896498,13.509398],[101.896174,13.51588],[101.8897,13.520278],[101.885168,13.525371],[101.875887,13.523403],[101.874916,13.528958],[101.878909,13.534745],[101.892613,13.540185],[101.89229,13.54331],[101.899951,13.551296],[101.90362,13.559745],[101.906857,13.570972],[101.9088,13.571551],[101.915059,13.585555],[101.909879,13.587176],[101.904052,13.586828],[101.898548,13.58324],[101.889484,13.583819],[101.886894,13.58868],[101.885276,13.597245],[101.880743,13.600949],[101.873513,13.601527],[101.870168,13.606157],[101.870276,13.611018],[101.865096,13.620393],[101.86542,13.630347],[101.858946,13.635902],[101.831968,13.636134],[101.834882,13.643657],[101.833371,13.649212],[101.83758,13.656041],[101.838335,13.663448],[101.835961,13.67236],[101.839414,13.682777],[101.836393,13.692962],[101.834558,13.693888],[101.830242,13.704073],[101.82463,13.705462],[101.812652,13.702221],[101.798948,13.705462],[101.793445,13.705115],[101.791178,13.719929],[101.792473,13.733008],[101.790207,13.736596],[101.782654,13.74192],[101.776719,13.743888],[101.76269,13.75442],[101.769273,13.757313],[101.766251,13.768077],[101.759561,13.770045],[101.758374,13.772823],[101.73895,13.769582],[101.731073,13.766225],[101.725677,13.75523],[101.717908,13.754999],[101.700211,13.757313],[101.69665,13.755462],[101.687154,13.757661],[101.679168,13.754883],[101.674636,13.748749],[101.670536,13.739721],[101.664709,13.733587],[101.65845,13.737985],[101.648306,13.742499],[101.643019,13.746665],[101.632552,13.748401],[101.626293,13.743309],[101.611078,13.735091],[101.610214,13.738332],[101.602553,13.737869],[101.595862,13.739027],[101.594999,13.735439],[101.588201,13.739489],[101.588848,13.742499],[101.581402,13.751758],[101.573849,13.757545],[101.57223,13.761133],[101.566295,13.762753],[101.559713,13.768309],[101.559065,13.773401],[101.552483,13.788447],[101.553562,13.792846],[101.549461,13.793887],[101.546979,13.787753],[101.543418,13.785323],[101.535433,13.785323],[101.52421,13.786943],[101.507808,13.797012],[101.500039,13.799211],[101.484716,13.816109],[101.475004,13.821433],[101.451911,13.827452],[101.434106,13.827799],[101.433459,13.830114],[101.425905,13.831734],[101.422452,13.835438],[101.408208,13.838447],[101.396554,13.841804],[101.368605,13.855345],[101.364936,13.85928],[101.360728,13.859396],[101.352419,13.869813],[101.347778,13.868771],[101.342707,13.859165],[101.336124,13.861132],[101.333426,13.867151],[101.316593,13.868077],[101.3126,13.872359],[101.305802,13.875021],[101.296306,13.871202],[101.281954,13.876063],[101.278608,13.878609],[101.273753,13.875831],[101.265336,13.874211],[101.262098,13.87016],[101.246667,13.867382],[101.245264,13.87641],[101.235337,13.882544],[101.225301,13.886248],[101.222388,13.87722],[101.210733,13.876063],[101.204906,13.878609],[101.201129,13.878262],[101.199187,13.874211],[101.189259,13.869697],[101.184403,13.862868],[101.177389,13.862058],[101.174044,13.858007],[101.166167,13.85847],[101.161958,13.85303],[101.158289,13.853609],[101.15052,13.85141],[101.148793,13.855345],[101.157426,13.857197],[101.160987,13.8631],[101.146204,13.870044],[101.143506,13.872706],[101.139405,13.88185],[101.139837,13.885438],[101.144045,13.887521],[101.15052,13.879419],[101.154836,13.881039],[101.161095,13.888447],[101.162174,13.892382],[101.158505,13.895738],[101.15462,13.890993],[101.149333,13.888447],[101.145664,13.893076],[101.148254,13.896664],[101.153973,13.895854],[101.155376,13.898863],[101.152139,13.903609],[101.153218,13.915183],[101.161095,13.925715],[101.160879,13.932081],[101.155052,13.937752],[101.152462,13.950483],[101.149333,13.954997],[101.14847,13.961363],[101.141024,13.963562],[101.137787,13.969812]]]}},{"type":"Feature","id":"TH25","bbox":[101.137787,13.58324,102.126237,14.462286],"properties":{"ADM1_PCODE":"TH25","ADM1_TH":"ปราจีนบุรี","ADM1_EN":"Prachin Buri"},"geometry":{"type":"Polygon","coordinates":[[[102.106274,14.151755],[102.101742,14.156616],[102.093001,14.158352],[102.083397,14.162982],[102.077894,14.162288],[102.069261,14.16576],[102.060844,14.175251],[102.048327,14.184857],[102.042392,14.18694],[102.034622,14.198283],[102.020162,14.201176],[102.015199,14.200366],[102.001386,14.206732],[101.994588,14.213792],[101.9852,14.219232],[101.967071,14.227218],[101.979696,14.234394],[101.981531,14.23856],[101.973006,14.239255],[101.958546,14.245157],[101.946244,14.246083],[101.943439,14.249903],[101.936209,14.273861],[101.928547,14.283699],[101.929734,14.291801],[101.933511,14.292264],[101.943331,14.302102],[101.939338,14.308699],[101.935453,14.311245],[101.933511,14.322009],[101.93049,14.326175],[101.923152,14.330111],[101.915059,14.329879],[101.910526,14.325828],[101.902541,14.326986],[101.893908,14.330458],[101.89229,14.321083],[101.882146,14.323398],[101.877938,14.322472],[101.870924,14.327912],[101.867363,14.333814],[101.860348,14.339949],[101.848694,14.347703],[101.838551,14.352564],[101.838982,14.357541],[101.842112,14.364485],[101.828947,14.360435],[101.828839,14.356499],[101.824307,14.350712],[101.816106,14.350018],[101.810926,14.347587],[101.795495,14.358351],[101.78902,14.359624],[101.785999,14.35731],[101.779632,14.356731],[101.780603,14.352101],[101.774021,14.350828],[101.771863,14.345041],[101.755892,14.343884],[101.749633,14.348861],[101.747044,14.346777],[101.74672,14.332425],[101.750389,14.325944],[101.747259,14.313444],[101.74154,14.308352],[101.732476,14.316801],[101.726757,14.320041],[101.721793,14.326291],[101.713376,14.332657],[101.709383,14.334277],[101.706146,14.338907],[101.695355,14.350828],[101.692225,14.356152],[101.682729,14.365411],[101.680463,14.366222],[101.669888,14.377217],[101.66568,14.380342],[101.654349,14.392842],[101.647875,14.393999],[101.64917,14.403606],[101.640968,14.407656],[101.631041,14.406036],[101.626617,14.413675],[101.621761,14.414717],[101.618739,14.420041],[101.62284,14.427679],[101.613667,14.436013],[101.608164,14.439138],[101.600071,14.441452],[101.58928,14.441568],[101.5841,14.440411],[101.578165,14.436476],[101.563921,14.435087],[101.559389,14.43636],[101.547303,14.436128],[101.54126,14.428953],[101.540397,14.425249],[101.526908,14.426985],[101.513419,14.432888],[101.501873,14.440527],[101.492269,14.451522],[101.48655,14.462286],[101.477701,14.461013],[101.47414,14.458119],[101.470364,14.459624],[101.460004,14.456846],[101.443386,14.448397],[101.436912,14.446314],[101.43594,14.439601],[101.442199,14.427216],[101.445652,14.426522],[101.446947,14.420272],[101.442091,14.416568],[101.43907,14.406152],[101.439609,14.40268],[101.43389,14.394694],[101.432272,14.389485],[101.452882,14.381152],[101.476838,14.364254],[101.476946,14.35974],[101.481262,14.35349],[101.481802,14.348398],[101.487413,14.341569],[101.496262,14.334162],[101.496262,14.326986],[101.492809,14.322125],[101.494427,14.316916],[101.505218,14.309509],[101.504895,14.305689],[101.50047,14.299902],[101.501657,14.287287],[101.499823,14.282773],[101.501765,14.269463],[101.494535,14.267148],[101.484931,14.270389],[101.480507,14.268653],[101.473385,14.262866],[101.463781,14.263444],[101.453206,14.256847],[101.440904,14.255111],[101.429142,14.256847],[101.413927,14.253722],[101.405726,14.261477],[101.396769,14.272704],[101.383065,14.273861],[101.383496,14.267611],[101.381338,14.259278],[101.378425,14.256269],[101.38177,14.251407],[101.382417,14.246431],[101.378748,14.238676],[101.382525,14.234972],[101.382525,14.230806],[101.386194,14.225366],[101.386518,14.219579],[101.382094,14.211824],[101.374432,14.209857],[101.372706,14.204764],[101.366878,14.201524],[101.358246,14.202334],[101.350476,14.197357],[101.345944,14.197357],[101.340225,14.188329],[101.330405,14.182079],[101.328355,14.174788],[101.324254,14.176061],[101.316916,14.173746],[101.311197,14.169001],[101.311521,14.16495],[101.302996,14.161477],[101.292421,14.153839],[101.288644,14.149441],[101.289507,14.145968],[101.286378,14.1337],[101.294039,14.124441],[101.303643,14.120158],[101.308499,14.112056],[101.307312,14.101061],[101.308931,14.09539],[101.316377,14.085899],[101.318751,14.084973],[101.321233,14.077219],[101.278501,14.054881],[101.275803,14.059973],[101.265443,14.062057],[101.259185,14.062173],[101.230373,14.056501],[101.227028,14.051756],[101.214079,14.055691],[101.207712,14.046085],[101.201129,14.038214],[101.20005,14.025367],[101.193468,14.0234],[101.197137,14.015414],[101.186562,14.01252],[101.172965,14.011594],[101.170159,14.008585],[101.163685,14.006386],[101.165196,14.001641],[101.154513,14.000715],[101.146311,13.996317],[101.144045,14.001988],[101.139297,14.001525],[101.140484,13.987867],[101.142966,13.97259],[101.137787,13.969812],[101.141024,13.963562],[101.14847,13.961363],[101.149333,13.954997],[101.152462,13.950483],[101.155052,13.937752],[101.160879,13.932081],[101.161095,13.925715],[101.153218,13.915183],[101.152139,13.903609],[101.155376,13.898863],[101.153973,13.895854],[101.148254,13.896664],[101.145664,13.893076],[101.149333,13.888447],[101.15462,13.890993],[101.158505,13.895738],[101.162174,13.892382],[101.161095,13.888447],[101.154836,13.881039],[101.15052,13.879419],[101.144045,13.887521],[101.139837,13.885438],[101.139405,13.88185],[101.143506,13.872706],[101.146204,13.870044],[101.160987,13.8631],[101.157426,13.857197],[101.148793,13.855345],[101.15052,13.85141],[101.158289,13.853609],[101.161958,13.85303],[101.166167,13.85847],[101.174044,13.858007],[101.177389,13.862058],[101.184403,13.862868],[101.189259,13.869697],[101.199187,13.874211],[101.201129,13.878262],[101.204906,13.878609],[101.210733,13.876063],[101.222388,13.87722],[101.225301,13.886248],[101.235337,13.882544],[101.245264,13.87641],[101.246667,13.867382],[101.262098,13.87016],[101.265336,13.874211],[101.273753,13.875831],[101.278608,13.878609],[101.281954,13.876063],[101.296306,13.871202],[101.305802,13.875021],[101.3126,13.872359],[101.316593,13.868077],[101.333426,13.867151],[101.336124,13.861132],[101.342707,13.859165],[101.347778,13.868771],[101.352419,13.869813],[101.360728,13.859396],[101.364936,13.85928],[101.368605,13.855345],[101.396554,13.841804],[101.408208,13.838447],[101.422452,13.835438],[101.425905,13.831734],[101.433459,13.830114],[101.434106,13.827799],[101.451911,13.827452],[101.475004,13.821433],[101.484716,13.816109],[101.500039,13.799211],[101.507808,13.797012],[101.52421,13.786943],[101.535433,13.785323],[101.543418,13.785323],[101.546979,13.787753],[101.549461,13.793887],[101.553562,13.792846],[101.552483,13.788447],[101.559065,13.773401],[101.559713,13.768309],[101.566295,13.762753],[101.57223,13.761133],[101.573849,13.757545],[101.581402,13.751758],[101.588848,13.742499],[101.588201,13.739489],[101.594999,13.735439],[101.595862,13.739027],[101.602553,13.737869],[101.610214,13.738332],[101.611078,13.735091],[101.626293,13.743309],[101.632552,13.748401],[101.643019,13.746665],[101.648306,13.742499],[101.65845,13.737985],[101.664709,13.733587],[101.670536,13.739721],[101.674636,13.748749],[101.679168,13.754883],[101.687154,13.757661],[101.69665,13.755462],[101.700211,13.757313],[101.717908,13.754999],[101.725677,13.75523],[101.731073,13.766225],[101.73895,13.769582],[101.758374,13.772823],[101.759561,13.770045],[101.766251,13.768077],[101.769273,13.757313],[101.76269,13.75442],[101.776719,13.743888],[101.782654,13.74192],[101.790207,13.736596],[101.792473,13.733008],[101.791178,13.719929],[101.793445,13.705115],[101.798948,13.705462],[101.812652,13.702221],[101.82463,13.705462],[101.830242,13.704073],[101.834558,13.693888],[101.836393,13.692962],[101.839414,13.682777],[101.835961,13.67236],[101.838335,13.663448],[101.83758,13.656041],[101.833371,13.649212],[101.834882,13.643657],[101.831968,13.636134],[101.858946,13.635902],[101.86542,13.630347],[101.865096,13.620393],[101.870276,13.611018],[101.870168,13.606157],[101.873513,13.601527],[101.880743,13.600949],[101.885276,13.597245],[101.886894,13.58868],[101.889484,13.583819],[101.898548,13.58324],[101.904052,13.586828],[101.909879,13.587176],[101.915059,13.585555],[101.912685,13.589027],[101.913116,13.594352],[101.9088,13.600139],[101.909555,13.605231],[101.916353,13.607662],[101.919807,13.610671],[101.934051,13.610902],[101.94236,13.61912],[101.936856,13.632199],[101.939338,13.636597],[101.948295,13.665184],[101.947755,13.672708],[101.944518,13.67861],[101.943115,13.701527],[101.939446,13.707082],[101.938043,13.722476],[101.939446,13.732661],[101.94182,13.738679],[101.936748,13.741457],[101.940849,13.749675],[101.942252,13.765762],[101.943762,13.769235],[101.944734,13.784744],[101.943978,13.788795],[101.947755,13.800137],[101.946029,13.806271],[101.942036,13.811711],[101.928547,13.81391],[101.923907,13.815994],[101.926929,13.821896],[101.924231,13.827568],[101.920238,13.83104],[101.922504,13.840299],[101.924878,13.843193],[101.926497,13.855924],[101.92477,13.859165],[101.918188,13.864489],[101.912361,13.876526],[101.904483,13.883123],[101.909339,13.889604],[101.909771,13.893192],[101.914303,13.899326],[101.913224,13.90465],[101.904915,13.912868],[101.9088,13.922822],[101.910526,13.933585],[101.914843,13.937636],[101.929734,13.936479],[101.941604,13.931039],[101.951424,13.936132],[101.94646,13.941919],[101.945381,13.947706],[101.939662,13.954187],[101.937612,13.961826],[101.941388,13.966803],[101.940957,13.973979],[101.943978,13.976178],[101.94646,13.990182],[101.948079,13.992381],[101.949266,14.001525],[101.948618,14.009511],[101.952935,14.009858],[101.95682,14.013793],[101.957899,14.018539],[101.961675,14.023168],[101.972035,14.028492],[101.994804,14.033122],[102.007537,14.032427],[102.015414,14.033701],[102.040557,14.036363],[102.057175,14.034279],[102.067966,14.0359],[102.07552,14.035089],[102.07811,14.047126],[102.085879,14.051177],[102.088793,14.048631],[102.09408,14.049325],[102.098505,14.0462],[102.106166,14.045853],[102.108864,14.042844],[102.118792,14.044812],[102.123648,14.047589],[102.118468,14.053955],[102.120518,14.058932],[102.117497,14.07039],[102.11836,14.080575],[102.122676,14.082659],[102.123216,14.089371],[102.126237,14.095853],[102.122461,14.098978],[102.112209,14.090297],[102.103253,14.091918],[102.101634,14.093885],[102.090735,14.09458],[102.091814,14.09782],[102.098181,14.103723],[102.099692,14.111478],[102.097749,14.115529],[102.098181,14.128029],[102.103684,14.139603],[102.106274,14.151755]]]}},{"type":"Feature","id":"TH26","bbox":[100.913551,13.961247,101.505218,14.512517],"properties":{"ADM1_PCODE":"TH26","ADM1_TH":"นครนายก","ADM1_EN":"Nakhon Nayok"},"geometry":{"type":"Polygon","coordinates":[[[101.432272,14.389485],[101.426121,14.389717],[101.422128,14.383698],[101.416517,14.390064],[101.412956,14.396777],[101.406157,14.404647],[101.397201,14.408235],[101.396014,14.418652],[101.391482,14.419578],[101.388244,14.42386],[101.380583,14.423513],[101.378101,14.427216],[101.382094,14.434277],[101.37713,14.435203],[101.370008,14.442726],[101.361375,14.448513],[101.357814,14.449207],[101.352742,14.454531],[101.34875,14.453489],[101.342491,14.456383],[101.337311,14.461476],[101.326304,14.468536],[101.312276,14.471313],[101.305586,14.487864],[101.306773,14.492031],[101.30483,14.498744],[101.299327,14.497818],[101.293932,14.491336],[101.284436,14.489022],[101.282493,14.498628],[101.284328,14.501869],[101.278285,14.506151],[101.278608,14.511128],[101.272673,14.512517],[101.268249,14.507772],[101.266738,14.50291],[101.258753,14.497471],[101.250444,14.493883],[101.24861,14.489253],[101.244185,14.488674],[101.241272,14.480341],[101.24289,14.471082],[101.22897,14.473975],[101.225085,14.470619],[101.226704,14.462864],[101.231992,14.462517],[101.234258,14.458813],[101.231452,14.451869],[101.227459,14.451522],[101.223467,14.447702],[101.224438,14.443883],[101.230049,14.433814],[101.226704,14.430689],[101.223683,14.434045],[101.214942,14.437633],[101.209223,14.428142],[101.210949,14.420967],[101.211273,14.413559],[101.202532,14.402911],[101.205014,14.397703],[101.204151,14.39099],[101.211812,14.381499],[101.210086,14.372009],[101.20005,14.369578],[101.192712,14.370504],[101.18667,14.367147],[101.185483,14.3543],[101.178145,14.34724],[101.168109,14.348976],[101.163901,14.345157],[101.157534,14.347356],[101.157642,14.357425],[101.151167,14.370157],[101.143937,14.373397],[101.132391,14.376638],[101.128398,14.382194],[101.122356,14.384508],[101.116313,14.382541],[101.106385,14.385087],[101.101097,14.384508],[101.095486,14.381615],[101.08545,14.383235],[101.07671,14.388328],[101.073041,14.396661],[101.071854,14.405226],[101.067537,14.406268],[101.061926,14.414601],[101.056423,14.41055],[101.057718,14.397008],[101.05448,14.3918],[101.057178,14.385666],[101.063221,14.379416],[101.062897,14.37224],[101.056639,14.363907],[101.055128,14.35893],[101.051243,14.35893],[101.048653,14.352217],[101.048222,14.339833],[101.042718,14.337865],[101.040668,14.333699],[101.033654,14.328837],[101.019302,14.315643],[101.01477,14.306268],[101.015417,14.302217],[100.988656,14.297472],[100.989951,14.290528],[100.981426,14.291569],[100.964268,14.281731],[100.965563,14.279532],[100.951211,14.271662],[100.9497,14.266685],[100.950887,14.261708],[100.949269,14.254995],[100.945384,14.249208],[100.946463,14.237171],[100.91409,14.221662],[100.913659,14.156269],[100.913551,14.113908],[100.914953,14.083353],[100.914198,13.961247],[100.982181,13.970622],[101.022539,13.971201],[101.043474,13.976525],[101.048761,13.976641],[101.102824,13.974442],[101.137787,13.969812],[101.142966,13.97259],[101.140484,13.987867],[101.139297,14.001525],[101.144045,14.001988],[101.146311,13.996317],[101.154513,14.000715],[101.165196,14.001641],[101.163685,14.006386],[101.170159,14.008585],[101.172965,14.011594],[101.186562,14.01252],[101.197137,14.015414],[101.193468,14.0234],[101.20005,14.025367],[101.201129,14.038214],[101.207712,14.046085],[101.214079,14.055691],[101.227028,14.051756],[101.230373,14.056501],[101.259185,14.062173],[101.265443,14.062057],[101.275803,14.059973],[101.278501,14.054881],[101.321233,14.077219],[101.318751,14.084973],[101.316377,14.085899],[101.308931,14.09539],[101.307312,14.101061],[101.308499,14.112056],[101.303643,14.120158],[101.294039,14.124441],[101.286378,14.1337],[101.289507,14.145968],[101.288644,14.149441],[101.292421,14.153839],[101.302996,14.161477],[101.311521,14.16495],[101.311197,14.169001],[101.316916,14.173746],[101.324254,14.176061],[101.328355,14.174788],[101.330405,14.182079],[101.340225,14.188329],[101.345944,14.197357],[101.350476,14.197357],[101.358246,14.202334],[101.366878,14.201524],[101.372706,14.204764],[101.374432,14.209857],[101.382094,14.211824],[101.386518,14.219579],[101.386194,14.225366],[101.382525,14.230806],[101.382525,14.234972],[101.378748,14.238676],[101.382417,14.246431],[101.38177,14.251407],[101.378425,14.256269],[101.381338,14.259278],[101.383496,14.267611],[101.383065,14.273861],[101.396769,14.272704],[101.405726,14.261477],[101.413927,14.253722],[101.429142,14.256847],[101.440904,14.255111],[101.453206,14.256847],[101.463781,14.263444],[101.473385,14.262866],[101.480507,14.268653],[101.484931,14.270389],[101.494535,14.267148],[101.501765,14.269463],[101.499823,14.282773],[101.501657,14.287287],[101.50047,14.299902],[101.504895,14.305689],[101.505218,14.309509],[101.494427,14.316916],[101.492809,14.322125],[101.496262,14.326986],[101.496262,14.334162],[101.487413,14.341569],[101.481802,14.348398],[101.481262,14.35349],[101.476946,14.35974],[101.476838,14.364254],[101.452882,14.381152],[101.432272,14.389485]]]}},{"type":"Feature","id":"TH27","bbox":[101.874916,13.236715,102.941494,14.196315],"properties":{"ADM1_PCODE":"TH27","ADM1_TH":"สระแก้ว","ADM1_EN":"Sa Kaeo"},"geometry":{"type":"Polygon","coordinates":[[[102.434535,14.154533],[102.426981,14.153839],[102.424823,14.158005],[102.417269,14.15488],[102.409931,14.156616],[102.40637,14.154533],[102.402162,14.147357],[102.389429,14.144464],[102.384789,14.145968],[102.375724,14.151755],[102.36407,14.166107],[102.358674,14.163445],[102.361156,14.153491],[102.359861,14.144579],[102.356948,14.141454],[102.358135,14.134742],[102.348639,14.125367],[102.338387,14.125482],[102.335582,14.1212],[102.33051,14.123283],[102.328676,14.127797],[102.324251,14.128376],[102.314863,14.122705],[102.308389,14.120274],[102.300727,14.123399],[102.298893,14.129649],[102.289504,14.135089],[102.282922,14.131154],[102.271699,14.129302],[102.273318,14.136478],[102.269973,14.1462],[102.265872,14.147126],[102.258319,14.145621],[102.24947,14.140297],[102.246449,14.140297],[102.239974,14.144695],[102.231665,14.14539],[102.227133,14.144116],[102.215586,14.145853],[102.210407,14.154996],[102.213212,14.163098],[102.213752,14.169348],[102.211486,14.174672],[102.202853,14.177218],[102.200695,14.182426],[102.197026,14.184857],[102.196163,14.191454],[102.191738,14.195389],[102.182566,14.196315],[102.174473,14.189255],[102.173933,14.183005],[102.16897,14.179186],[102.166056,14.171778],[102.165624,14.166802],[102.171451,14.1587],[102.168646,14.152565],[102.167675,14.143075],[102.164869,14.140529],[102.150841,14.137056],[102.132172,14.137982],[102.120302,14.148862],[102.11372,14.149093],[102.106274,14.151755],[102.103684,14.139603],[102.098181,14.128029],[102.097749,14.115529],[102.099692,14.111478],[102.098181,14.103723],[102.091814,14.09782],[102.090735,14.09458],[102.101634,14.093885],[102.103253,14.091918],[102.112209,14.090297],[102.122461,14.098978],[102.126237,14.095853],[102.123216,14.089371],[102.122676,14.082659],[102.11836,14.080575],[102.117497,14.07039],[102.120518,14.058932],[102.118468,14.053955],[102.123648,14.047589],[102.118792,14.044812],[102.108864,14.042844],[102.106166,14.045853],[102.098505,14.0462],[102.09408,14.049325],[102.088793,14.048631],[102.085879,14.051177],[102.07811,14.047126],[102.07552,14.035089],[102.067966,14.0359],[102.057175,14.034279],[102.040557,14.036363],[102.015414,14.033701],[102.007537,14.032427],[101.994804,14.033122],[101.972035,14.028492],[101.961675,14.023168],[101.957899,14.018539],[101.95682,14.013793],[101.952935,14.009858],[101.948618,14.009511],[101.949266,14.001525],[101.948079,13.992381],[101.94646,13.990182],[101.943978,13.976178],[101.940957,13.973979],[101.941388,13.966803],[101.937612,13.961826],[101.939662,13.954187],[101.945381,13.947706],[101.94646,13.941919],[101.951424,13.936132],[101.941604,13.931039],[101.929734,13.936479],[101.914843,13.937636],[101.910526,13.933585],[101.9088,13.922822],[101.904915,13.912868],[101.913224,13.90465],[101.914303,13.899326],[101.909771,13.893192],[101.909339,13.889604],[101.904483,13.883123],[101.912361,13.876526],[101.918188,13.864489],[101.92477,13.859165],[101.926497,13.855924],[101.924878,13.843193],[101.922504,13.840299],[101.920238,13.83104],[101.924231,13.827568],[101.926929,13.821896],[101.923907,13.815994],[101.928547,13.81391],[101.942036,13.811711],[101.946029,13.806271],[101.947755,13.800137],[101.943978,13.788795],[101.944734,13.784744],[101.943762,13.769235],[101.942252,13.765762],[101.940849,13.749675],[101.936748,13.741457],[101.94182,13.738679],[101.939446,13.732661],[101.938043,13.722476],[101.939446,13.707082],[101.943115,13.701527],[101.944518,13.67861],[101.947755,13.672708],[101.948295,13.665184],[101.939338,13.636597],[101.936856,13.632199],[101.94236,13.61912],[101.934051,13.610902],[101.919807,13.610671],[101.916353,13.607662],[101.909555,13.605231],[101.9088,13.600139],[101.913116,13.594352],[101.912685,13.589027],[101.915059,13.585555],[101.9088,13.571551],[101.906857,13.570972],[101.90362,13.559745],[101.899951,13.551296],[101.89229,13.54331],[101.892613,13.540185],[101.878909,13.534745],[101.874916,13.528958],[101.875887,13.523403],[101.885168,13.525371],[101.8897,13.520278],[101.896174,13.51588],[101.896498,13.509398],[101.891426,13.502917],[101.884412,13.49632],[101.882038,13.491343],[101.882254,13.485324],[101.88711,13.480811],[101.8938,13.471551],[101.913872,13.474676],[101.924555,13.473056],[101.926929,13.475024],[101.936964,13.476065],[101.938367,13.470394],[101.943547,13.460672],[101.93923,13.454075],[101.93772,13.445163],[101.940741,13.439839],[101.948187,13.432779],[101.952719,13.432547],[101.963294,13.426644],[101.964913,13.418195],[101.968042,13.412293],[101.976891,13.408473],[101.976891,13.399214],[101.973114,13.395395],[101.97279,13.390533],[101.977754,13.38301],[101.98207,13.380464],[101.983042,13.371552],[101.98056,13.363335],[101.983042,13.35477],[101.990056,13.352455],[101.988545,13.345858],[101.98466,13.342617],[101.986818,13.334515],[101.988869,13.333242],[101.995235,13.320164],[101.999768,13.31889],[102.005271,13.309863],[102.006458,13.304307],[102.011745,13.290418],[102.015306,13.291229],[102.021241,13.286599],[102.02545,13.287988],[102.032896,13.286367],[102.036241,13.280349],[102.035917,13.274793],[102.028256,13.265997],[102.029982,13.262872],[102.028579,13.256969],[102.029766,13.249331],[102.027824,13.246553],[102.028256,13.236715],[102.039694,13.239493],[102.043363,13.242386],[102.049622,13.23903],[102.052535,13.242386],[102.057607,13.242039],[102.060844,13.245627],[102.061492,13.251877],[102.069477,13.250835],[102.070232,13.254539],[102.076383,13.253266],[102.079081,13.258127],[102.08793,13.26021],[102.095375,13.259863],[102.103469,13.261599],[102.108972,13.26484],[102.112317,13.272131],[102.118144,13.277571],[102.119763,13.295164],[102.118576,13.30315],[102.124079,13.310673],[102.129043,13.326413],[102.126345,13.327571],[102.127532,13.334631],[102.135626,13.333705],[102.143395,13.323751],[102.150625,13.319585],[102.164222,13.324214],[102.168538,13.323404],[102.170372,13.320048],[102.180948,13.314608],[102.184077,13.304076],[102.189364,13.301182],[102.189904,13.295627],[102.196594,13.295974],[102.212349,13.303613],[102.216558,13.308011],[102.218608,13.30396],[102.22832,13.301761],[102.23242,13.292386],[102.238355,13.291113],[102.24483,13.285557],[102.256053,13.284747],[102.261124,13.287988],[102.272779,13.288451],[102.277419,13.290187],[102.283785,13.303613],[102.291663,13.300603],[102.298029,13.295511],[102.297598,13.28984],[102.303425,13.290418],[102.310547,13.286946],[102.315619,13.289608],[102.3181,13.294701],[102.321877,13.294469],[102.322956,13.300256],[102.330942,13.30859],[102.33051,13.316228],[102.335042,13.31565],[102.344107,13.307779],[102.346265,13.304191],[102.353603,13.298867],[102.359538,13.31183],[102.357164,13.324909],[102.351984,13.330812],[102.351984,13.339955],[102.345402,13.346552],[102.346589,13.356737],[102.352308,13.375256],[102.355329,13.377571],[102.354898,13.388566],[102.35738,13.397015],[102.359861,13.399098],[102.360833,13.406043],[102.358998,13.408936],[102.362235,13.421089],[102.36148,13.430464],[102.358782,13.431737],[102.358243,13.438681],[102.360509,13.442964],[102.355761,13.451528],[102.356085,13.462639],[102.358998,13.482662],[102.362883,13.490301],[102.360941,13.4925],[102.361156,13.500139],[102.363099,13.506968],[102.353171,13.518889],[102.350905,13.520162],[102.34497,13.534977],[102.336985,13.543657],[102.339143,13.552222],[102.33828,13.555694],[102.342704,13.560208],[102.358998,13.564606],[102.361156,13.572824],[102.365041,13.577569],[102.371731,13.576643],[102.382846,13.572014],[102.385328,13.572708],[102.391371,13.567384],[102.399464,13.566111],[102.411874,13.566921],[102.419104,13.571204],[102.42655,13.568079],[102.431513,13.561713],[102.439283,13.560208],[102.443275,13.56287],[102.451369,13.560208],[102.458167,13.561018],[102.462807,13.565069],[102.473059,13.565417],[102.479749,13.571667],[102.483849,13.570625],[102.489353,13.572477],[102.496475,13.569352],[102.499604,13.570625],[102.508129,13.567037],[102.510827,13.568773],[102.526905,13.564259],[102.536725,13.566111],[102.549243,13.576875],[102.553127,13.574791],[102.556473,13.578264],[102.562839,13.578611],[102.564242,13.582546],[102.569745,13.584861],[102.573091,13.593657],[102.574817,13.602685],[102.585392,13.606504],[102.598341,13.606736],[102.613233,13.605578],[102.613557,13.608009],[102.623161,13.608125],[102.621974,13.612754],[102.616254,13.613333],[102.60719,13.616458],[102.601471,13.622476],[102.591004,13.625601],[102.586363,13.630231],[102.581508,13.628148],[102.575788,13.629652],[102.571472,13.635671],[102.570501,13.642962],[102.563595,13.647708],[102.55766,13.648865],[102.548595,13.659397],[102.551185,13.665069],[102.556149,13.670393],[102.56381,13.684629],[102.56953,13.69111],[102.576867,13.692615],[102.581831,13.700601],[102.589493,13.704073],[102.591004,13.706619],[102.59737,13.706619],[102.614312,13.714837],[102.667188,13.742499],[102.680784,13.749327],[102.687367,13.750253],[102.712186,13.769582],[102.730854,13.772012],[102.733444,13.782313],[102.732257,13.78567],[102.726106,13.788447],[102.723624,13.792846],[102.726322,13.79898],[102.74758,13.832892],[102.749954,13.837868],[102.756753,13.847128],[102.766896,13.856734],[102.78319,13.932891],[102.803262,13.943308],[102.81211,13.95546],[102.815887,13.96553],[102.848907,13.986016],[102.860346,13.997937],[102.868547,14.004766],[102.872431,14.003029],[102.879661,14.00384],[102.883007,14.008932],[102.887755,14.01009],[102.893366,14.00708],[102.901351,14.015066],[102.909229,14.015877],[102.906531,14.02965],[102.903725,14.032427],[102.903617,14.039835],[102.899948,14.04377],[102.897898,14.051409],[102.898653,14.060899],[102.902862,14.068307],[102.901243,14.08289],[102.905344,14.088214],[102.907826,14.095274],[102.910739,14.094927],[102.923688,14.105922],[102.925091,14.109626],[102.92412,14.120737],[102.925415,14.132195],[102.9334,14.139255],[102.940307,14.147126],[102.941494,14.155459],[102.93394,14.172126],[102.930379,14.175598],[102.904696,14.164602],[102.896927,14.163677],[102.894121,14.165528],[102.889697,14.173399],[102.879122,14.176061],[102.873295,14.169116],[102.873942,14.156153],[102.873187,14.147473],[102.871029,14.146547],[102.860346,14.148862],[102.855058,14.154186],[102.84826,14.158352],[102.841893,14.156964],[102.83639,14.164602],[102.832505,14.16032],[102.826246,14.159626],[102.816858,14.167033],[102.812758,14.16113],[102.805528,14.157542],[102.791823,14.16032],[102.785133,14.153954],[102.781248,14.152565],[102.775313,14.153607],[102.767328,14.141454],[102.762472,14.138445],[102.755458,14.137056],[102.743048,14.13914],[102.726322,14.138214],[102.711107,14.133121],[102.69751,14.130112],[102.690172,14.132658],[102.688122,14.135783],[102.690928,14.141917],[102.690064,14.145968],[102.679381,14.15326],[102.667403,14.1587],[102.660174,14.154302],[102.652512,14.165181],[102.646037,14.16194],[102.639239,14.150598],[102.635678,14.148515],[102.627801,14.151987],[102.61647,14.165876],[102.611938,14.170274],[102.605895,14.1712],[102.596183,14.168653],[102.590896,14.164834],[102.586687,14.157774],[102.56845,14.149093],[102.560249,14.143306],[102.551617,14.135436],[102.546545,14.135204],[102.53079,14.138561],[102.527229,14.141802],[102.521402,14.143306],[102.516114,14.141223],[102.507374,14.132774],[102.502194,14.132311],[102.499496,14.136015],[102.492374,14.135552],[102.489137,14.13995],[102.482339,14.142265],[102.475325,14.131385],[102.469497,14.132195],[102.460757,14.136478],[102.455793,14.136478],[102.452772,14.143885],[102.448239,14.141686],[102.437448,14.143654],[102.4327,14.147589],[102.434535,14.154533]]]}},{"type":"Feature","id":"TH30","bbox":[101.181382,14.120274,103.007642,15.807416],"properties":{"ADM1_PCODE":"TH30","ADM1_TH":"นครราชสีมา","ADM1_EN":"Nakhon Ratchasima"},"geometry":{"type":"Polygon","coordinates":[[[102.327597,15.803481],[102.318964,15.804407],[102.318316,15.807184],[102.311842,15.807416],[102.312381,15.800587],[102.307957,15.800471],[102.307633,15.79318],[102.303209,15.790402],[102.295008,15.788782],[102.293389,15.785541],[102.284972,15.787161],[102.275692,15.781259],[102.270297,15.785078],[102.263282,15.781259],[102.256268,15.781374],[102.257347,15.771305],[102.252168,15.770032],[102.252492,15.764245],[102.247096,15.756606],[102.253139,15.753134],[102.247959,15.74943],[102.245046,15.751976],[102.237924,15.74862],[102.232744,15.743643],[102.227457,15.748273],[102.214076,15.754754],[102.202529,15.751513],[102.205119,15.748041],[102.201666,15.741328],[102.196594,15.738898],[102.18494,15.740055],[102.182566,15.744685],[102.175552,15.746537],[102.162603,15.740634],[102.157639,15.742138],[102.155481,15.730796],[102.162603,15.72825],[102.156236,15.722231],[102.149654,15.709268],[102.143071,15.706143],[102.144906,15.700935],[102.143071,15.697694],[102.14469,15.690403],[102.141668,15.67744],[102.137892,15.672116],[102.132172,15.671769],[102.126777,15.662857],[102.128827,15.659037],[102.128072,15.651514],[102.122569,15.653597],[102.120087,15.647926],[102.10854,15.644222],[102.10185,15.638088],[102.100123,15.630334],[102.096778,15.633227],[102.090196,15.630102],[102.083829,15.62119],[102.075844,15.624084],[102.073362,15.620264],[102.072822,15.60707],[102.071204,15.601514],[102.066024,15.593644],[102.060521,15.588436],[102.062031,15.581954],[102.054154,15.574547],[102.041313,15.552556],[102.037752,15.548042],[102.0425,15.529987],[102.03991,15.519918],[102.035809,15.512047],[102.032572,15.500126],[102.033004,15.490867],[102.035701,15.481955],[102.034946,15.47802],[102.028148,15.472117],[102.023292,15.470034],[102.009587,15.457997],[101.999552,15.462395],[101.989192,15.46471],[101.980883,15.462395],[101.973006,15.458344],[101.953259,15.45464],[101.940417,15.455798],[101.936856,15.449432],[101.933187,15.448622],[101.931785,15.436238],[101.921209,15.435196],[101.917001,15.437048],[101.911066,15.43346],[101.911066,15.422349],[101.897901,15.40765],[101.895419,15.402905],[101.890887,15.398738],[101.884736,15.397465],[101.87988,15.394456],[101.878693,15.389131],[101.839954,15.414016],[101.829378,15.413784],[101.821825,15.416099],[101.817832,15.419571],[101.804883,15.42096],[101.802617,15.418877],[101.805746,15.412627],[101.801538,15.402905],[101.795279,15.399317],[101.788157,15.393067],[101.782977,15.386238],[101.778553,15.384039],[101.761611,15.381261],[101.720282,15.384849],[101.714347,15.390289],[101.707764,15.391562],[101.702477,15.394456],[101.687262,15.392141],[101.676255,15.395497],[101.666759,15.400474],[101.659313,15.401747],[101.654673,15.400358],[101.647335,15.391909],[101.619063,15.370497],[101.612265,15.373622],[101.607301,15.380335],[101.591222,15.378252],[101.588309,15.373507],[101.566079,15.372002],[101.551296,15.385659],[101.543202,15.402326],[101.539641,15.400937],[101.530793,15.402789],[101.522916,15.398854],[101.516873,15.398506],[101.510722,15.391678],[101.507161,15.389942],[101.505758,15.384733],[101.50101,15.381608],[101.495722,15.37559],[101.494427,15.371539],[101.500686,15.356377],[101.461515,15.35059],[101.443818,15.350706],[101.435401,15.34816],[101.433459,15.341215],[101.42461,15.339016],[101.416625,15.332072],[101.386086,15.332303],[101.381986,15.331377],[101.382094,15.315752],[101.380367,15.289711],[101.382957,15.272813],[101.382957,15.263091],[101.384899,15.257651],[101.385223,15.248044],[101.390079,15.2411],[101.387273,15.230683],[101.388784,15.220151],[101.391158,15.213438],[101.395474,15.183924],[101.397633,15.179526],[101.400115,15.167721],[101.399575,15.159388],[101.401949,15.152559],[101.400762,15.143416],[101.401949,15.138207],[101.399575,15.1308],[101.399035,15.122235],[101.400654,15.110893],[101.399683,15.101865],[101.397956,15.098393],[101.400222,15.07374],[101.40033,15.069573],[101.406157,15.058925],[101.408963,15.057189],[101.415977,15.039944],[101.413819,15.036703],[101.417488,15.031263],[101.416517,15.027097],[101.423099,15.011472],[101.420509,14.996541],[101.423963,14.994458],[101.425042,14.988324],[101.430329,14.977097],[101.430977,14.970268],[101.433135,14.965986],[101.429898,14.960083],[101.440041,14.931033],[101.441228,14.925593],[101.445113,14.922931],[101.444249,14.918996],[101.44835,14.913672],[101.449105,14.899204],[101.453422,14.882306],[101.451264,14.873047],[101.453961,14.863209],[101.450292,14.857306],[101.440149,14.855223],[101.433782,14.850478],[101.425473,14.848973],[101.420078,14.84388],[101.415222,14.844459],[101.408855,14.836936],[101.401733,14.823742],[101.397956,14.822584],[101.389,14.812515],[101.38123,14.809506],[101.376267,14.80557],[101.368065,14.80557],[101.365476,14.802793],[101.357814,14.799899],[101.356843,14.797584],[101.347455,14.793534],[101.347563,14.787747],[101.339685,14.787747],[101.336124,14.785779],[101.336016,14.777446],[101.337419,14.770386],[101.327815,14.758696],[101.322959,14.760316],[101.313679,14.7602],[101.303967,14.755455],[101.301485,14.750594],[101.30332,14.742376],[101.298572,14.737052],[101.291665,14.736358],[101.286054,14.745617],[101.283249,14.741913],[101.282817,14.729877],[101.280875,14.726289],[101.272242,14.726636],[101.267062,14.728603],[101.263069,14.733464],[101.258969,14.730108],[101.250552,14.732191],[101.246559,14.731265],[101.242135,14.733464],[101.237495,14.732423],[101.227459,14.736474],[101.224006,14.742724],[101.217963,14.745386],[101.215589,14.753603],[101.209115,14.754761],[101.207064,14.751288],[101.200158,14.755571],[101.18872,14.749321],[101.188396,14.745386],[101.194115,14.740525],[101.192389,14.735316],[101.194007,14.731613],[101.190662,14.725826],[101.187101,14.725247],[101.189151,14.714483],[101.186454,14.71159],[101.194007,14.70615],[101.201237,14.689252],[101.200374,14.665525],[101.20264,14.6624],[101.206309,14.647933],[101.204906,14.644229],[101.207928,14.630109],[101.20523,14.627678],[101.204583,14.615525],[101.208036,14.612748],[101.204259,14.608234],[101.21041,14.599438],[101.212028,14.592725],[101.215805,14.59041],[101.213431,14.586243],[101.20523,14.580225],[101.204583,14.576637],[101.199511,14.568419],[101.200698,14.564716],[101.194331,14.561706],[101.190878,14.554646],[101.181382,14.54747],[101.183756,14.539716],[101.18354,14.534739],[101.190123,14.528142],[101.195842,14.530572],[101.197353,14.525133],[101.203611,14.521776],[101.21041,14.520156],[101.210841,14.5146],[101.216668,14.507077],[101.223143,14.504068],[101.227675,14.492262],[101.238574,14.478837],[101.24289,14.471082],[101.241272,14.480341],[101.244185,14.488674],[101.24861,14.489253],[101.250444,14.493883],[101.258753,14.497471],[101.266738,14.50291],[101.268249,14.507772],[101.272673,14.512517],[101.278608,14.511128],[101.278285,14.506151],[101.284328,14.501869],[101.282493,14.498628],[101.284436,14.489022],[101.293932,14.491336],[101.299327,14.497818],[101.30483,14.498744],[101.306773,14.492031],[101.305586,14.487864],[101.312276,14.471313],[101.326304,14.468536],[101.337311,14.461476],[101.342491,14.456383],[101.34875,14.453489],[101.352742,14.454531],[101.357814,14.449207],[101.361375,14.448513],[101.370008,14.442726],[101.37713,14.435203],[101.382094,14.434277],[101.378101,14.427216],[101.380583,14.423513],[101.388244,14.42386],[101.391482,14.419578],[101.396014,14.418652],[101.397201,14.408235],[101.406157,14.404647],[101.412956,14.396777],[101.416517,14.390064],[101.422128,14.383698],[101.426121,14.389717],[101.432272,14.389485],[101.43389,14.394694],[101.439609,14.40268],[101.43907,14.406152],[101.442091,14.416568],[101.446947,14.420272],[101.445652,14.426522],[101.442199,14.427216],[101.43594,14.439601],[101.436912,14.446314],[101.443386,14.448397],[101.460004,14.456846],[101.470364,14.459624],[101.47414,14.458119],[101.477701,14.461013],[101.48655,14.462286],[101.492269,14.451522],[101.501873,14.440527],[101.513419,14.432888],[101.526908,14.426985],[101.540397,14.425249],[101.54126,14.428953],[101.547303,14.436128],[101.559389,14.43636],[101.563921,14.435087],[101.578165,14.436476],[101.5841,14.440411],[101.58928,14.441568],[101.600071,14.441452],[101.608164,14.439138],[101.613667,14.436013],[101.62284,14.427679],[101.618739,14.420041],[101.621761,14.414717],[101.626617,14.413675],[101.631041,14.406036],[101.640968,14.407656],[101.64917,14.403606],[101.647875,14.393999],[101.654349,14.392842],[101.66568,14.380342],[101.669888,14.377217],[101.680463,14.366222],[101.682729,14.365411],[101.692225,14.356152],[101.695355,14.350828],[101.706146,14.338907],[101.709383,14.334277],[101.713376,14.332657],[101.721793,14.326291],[101.726757,14.320041],[101.732476,14.316801],[101.74154,14.308352],[101.747259,14.313444],[101.750389,14.325944],[101.74672,14.332425],[101.747044,14.346777],[101.749633,14.348861],[101.755892,14.343884],[101.771863,14.345041],[101.774021,14.350828],[101.780603,14.352101],[101.779632,14.356731],[101.785999,14.35731],[101.78902,14.359624],[101.795495,14.358351],[101.810926,14.347587],[101.816106,14.350018],[101.824307,14.350712],[101.828839,14.356499],[101.828947,14.360435],[101.842112,14.364485],[101.838982,14.357541],[101.838551,14.352564],[101.848694,14.347703],[101.860348,14.339949],[101.867363,14.333814],[101.870924,14.327912],[101.877938,14.322472],[101.882146,14.323398],[101.89229,14.321083],[101.893908,14.330458],[101.902541,14.326986],[101.910526,14.325828],[101.915059,14.329879],[101.923152,14.330111],[101.93049,14.326175],[101.933511,14.322009],[101.935453,14.311245],[101.939338,14.308699],[101.943331,14.302102],[101.933511,14.292264],[101.929734,14.291801],[101.928547,14.283699],[101.936209,14.273861],[101.943439,14.249903],[101.946244,14.246083],[101.958546,14.245157],[101.973006,14.239255],[101.981531,14.23856],[101.979696,14.234394],[101.967071,14.227218],[101.9852,14.219232],[101.994588,14.213792],[102.001386,14.206732],[102.015199,14.200366],[102.020162,14.201176],[102.034622,14.198283],[102.042392,14.18694],[102.048327,14.184857],[102.060844,14.175251],[102.069261,14.16576],[102.077894,14.162288],[102.083397,14.162982],[102.093001,14.158352],[102.101742,14.156616],[102.106274,14.151755],[102.11372,14.149093],[102.120302,14.148862],[102.132172,14.137982],[102.150841,14.137056],[102.164869,14.140529],[102.167675,14.143075],[102.168646,14.152565],[102.171451,14.1587],[102.165624,14.166802],[102.166056,14.171778],[102.16897,14.179186],[102.173933,14.183005],[102.174473,14.189255],[102.182566,14.196315],[102.191738,14.195389],[102.196163,14.191454],[102.197026,14.184857],[102.200695,14.182426],[102.202853,14.177218],[102.211486,14.174672],[102.213752,14.169348],[102.213212,14.163098],[102.210407,14.154996],[102.215586,14.145853],[102.227133,14.144116],[102.231665,14.14539],[102.239974,14.144695],[102.246449,14.140297],[102.24947,14.140297],[102.258319,14.145621],[102.265872,14.147126],[102.269973,14.1462],[102.273318,14.136478],[102.271699,14.129302],[102.282922,14.131154],[102.289504,14.135089],[102.298893,14.129649],[102.300727,14.123399],[102.308389,14.120274],[102.314863,14.122705],[102.324251,14.128376],[102.328676,14.127797],[102.33051,14.123283],[102.335582,14.1212],[102.338387,14.125482],[102.348639,14.125367],[102.358135,14.134742],[102.356948,14.141454],[102.359861,14.144579],[102.361156,14.153491],[102.358674,14.163445],[102.36407,14.166107],[102.375724,14.151755],[102.384789,14.145968],[102.389429,14.144464],[102.402162,14.147357],[102.40637,14.154533],[102.409931,14.156616],[102.417269,14.15488],[102.424823,14.158005],[102.426981,14.153839],[102.434535,14.154533],[102.438204,14.160899],[102.440038,14.172241],[102.453095,14.193769],[102.463562,14.193422],[102.468526,14.191917],[102.475217,14.199903],[102.478994,14.198861],[102.486871,14.189024],[102.495612,14.186246],[102.501007,14.186362],[102.505431,14.190297],[102.511474,14.200829],[102.517517,14.201524],[102.534891,14.201524],[102.542228,14.205806],[102.548056,14.215875],[102.557875,14.217611],[102.573199,14.223977],[102.577839,14.226755],[102.589709,14.236824],[102.595859,14.239255],[102.602442,14.244116],[102.612262,14.254995],[102.622513,14.263444],[102.636757,14.272819],[102.649059,14.279648],[102.660605,14.283352],[102.665569,14.287518],[102.686288,14.299208],[102.677223,14.302217],[102.674526,14.307194],[102.66708,14.315759],[102.662008,14.318537],[102.648196,14.323629],[102.6428,14.326523],[102.635246,14.326986],[102.622081,14.320388],[102.612909,14.321777],[102.60665,14.321083],[102.602658,14.322472],[102.598126,14.328259],[102.589385,14.332425],[102.586795,14.336361],[102.588306,14.348398],[102.582371,14.359277],[102.573199,14.363097],[102.567911,14.363907],[102.562947,14.375133],[102.5623,14.385666],[102.564674,14.403721],[102.568019,14.410897],[102.570393,14.428721],[102.581939,14.444693],[102.587874,14.447124],[102.597802,14.446429],[102.601363,14.456383],[102.605032,14.459276],[102.60719,14.464948],[102.60773,14.473628],[102.610427,14.488327],[102.610535,14.494114],[102.599205,14.496892],[102.587011,14.497239],[102.573306,14.498744],[102.568019,14.500711],[102.540502,14.504415],[102.533812,14.50592],[102.520539,14.50673],[102.493345,14.504647],[102.488705,14.506151],[102.48126,14.512054],[102.482015,14.518767],[102.484605,14.524322],[102.490432,14.530688],[102.493453,14.540063],[102.493238,14.552794],[102.495504,14.564716],[102.482447,14.571776],[102.477483,14.576984],[102.471332,14.581035],[102.466692,14.586127],[102.471116,14.591452],[102.470361,14.596428],[102.471871,14.619692],[102.474677,14.631613],[102.47554,14.65534],[102.473382,14.660085],[102.46885,14.681381],[102.466692,14.686706],[102.460325,14.696659],[102.460109,14.70858],[102.463131,14.716914],[102.467663,14.722353],[102.47403,14.726752],[102.476943,14.731728],[102.476404,14.749205],[102.472087,14.762747],[102.464857,14.763673],[102.456225,14.766682],[102.451153,14.7727],[102.443815,14.779298],[102.445865,14.785663],[102.439822,14.797469],[102.439714,14.801983],[102.445218,14.80152],[102.447052,14.819691],[102.454822,14.832306],[102.459894,14.83057],[102.465505,14.825362],[102.470684,14.816682],[102.480396,14.811242],[102.492266,14.805686],[102.502626,14.802214],[102.508345,14.805455],[102.517949,14.806612],[102.532625,14.812978],[102.53543,14.818881],[102.541473,14.826519],[102.541149,14.829413],[102.546329,14.838904],[102.550106,14.848626],[102.54784,14.854876],[102.551509,14.857306],[102.552804,14.86564],[102.546869,14.867839],[102.545682,14.874089],[102.550753,14.879528],[102.545682,14.887514],[102.540718,14.888903],[102.542121,14.896311],[102.545789,14.899436],[102.543847,14.904412],[102.557444,14.912167],[102.566076,14.92675],[102.565537,14.935084],[102.563595,14.937746],[102.552264,14.940871],[102.545789,14.946889],[102.557444,14.956148],[102.564674,14.958116],[102.573091,14.957074],[102.600823,14.935315],[102.637189,14.936009],[102.653915,14.934852],[102.67431,14.934621],[102.696647,14.933695],[102.708085,14.953602],[102.70938,14.963093],[102.710567,14.979643],[102.713805,14.984967],[102.722329,14.987514],[102.729236,14.995384],[102.733336,14.996194],[102.736897,15.001055],[102.781356,15.012398],[102.77909,15.02131],[102.779845,15.025476],[102.787723,15.031032],[102.800888,15.037282],[102.802938,15.041796],[102.796139,15.045268],[102.796139,15.050476],[102.789125,15.053138],[102.785888,15.056958],[102.784593,15.069226],[102.778119,15.06911],[102.77391,15.071657],[102.763875,15.072583],[102.764738,15.081842],[102.769054,15.082768],[102.778766,15.089249],[102.783946,15.095962],[102.788802,15.106957],[102.793981,15.110314],[102.795816,15.114481],[102.807578,15.126865],[102.809628,15.13242],[102.815995,15.137281],[102.816534,15.142605],[102.82139,15.14573],[102.823656,15.15499],[102.836282,15.157073],[102.840598,15.16205],[102.846641,15.165985],[102.846965,15.168878],[102.854734,15.169341],[102.85495,15.165753],[102.865741,15.164249],[102.875129,15.171077],[102.878043,15.176054],[102.886891,15.184387],[102.894877,15.179874],[102.899085,15.175938],[102.90243,15.179526],[102.907286,15.180684],[102.90815,15.184156],[102.917646,15.186587],[102.929192,15.18485],[102.932213,15.182188],[102.937285,15.183114],[102.942896,15.187049],[102.953687,15.189249],[102.957033,15.191679],[102.966421,15.192836],[102.9675,15.196193],[102.974622,15.206841],[102.961565,15.215637],[102.958867,15.221077],[102.960917,15.238207],[102.956817,15.252558],[102.960701,15.258345],[102.960486,15.264942],[102.954982,15.270267],[102.955738,15.273392],[102.967931,15.290984],[102.964802,15.297813],[102.954982,15.305914],[102.952177,15.310544],[102.952392,15.314711],[102.958867,15.316678],[102.962644,15.315289],[102.967931,15.31772],[102.97419,15.318067],[102.976564,15.320613],[102.984765,15.321539],[102.983794,15.333808],[102.978722,15.336701],[102.977427,15.344109],[102.985629,15.361007],[102.986384,15.373854],[102.97009,15.374895],[102.962536,15.377442],[102.955198,15.38265],[102.951421,15.396539],[102.951745,15.40383],[102.956493,15.405914],[102.956817,15.410312],[102.967176,15.407997],[102.965665,15.415404],[102.969118,15.419224],[102.970521,15.426747],[102.976456,15.429409],[102.979154,15.423853],[102.976348,15.421307],[102.977859,15.417256],[102.983686,15.41934],[102.980125,15.423506],[102.983794,15.426863],[102.988326,15.423391],[102.986168,15.419108],[102.990916,15.414594],[102.996204,15.417488],[103.001383,15.427904],[103.005808,15.427673],[103.007642,15.432418],[103.007103,15.437742],[103.003218,15.44214],[103.00106,15.448738],[102.996959,15.4514],[102.992858,15.466793],[102.985413,15.466793],[102.98142,15.477441],[102.978291,15.482186],[102.972679,15.476978],[102.967068,15.478136],[102.966421,15.484964],[102.956925,15.479177],[102.951205,15.477441],[102.948076,15.482534],[102.939443,15.480103],[102.940091,15.485659],[102.944731,15.486932],[102.940954,15.493297],[102.934048,15.492487],[102.931782,15.488089],[102.927897,15.490751],[102.928544,15.494686],[102.923041,15.497464],[102.922933,15.502094],[102.930811,15.502325],[102.931458,15.506839],[102.925955,15.510658],[102.922501,15.510427],[102.918077,15.506145],[102.909984,15.50927],[102.90815,15.515057],[102.895092,15.52177],[102.887755,15.519918],[102.882575,15.523158],[102.871352,15.519455],[102.873295,15.513436],[102.860993,15.512279],[102.849123,15.513436],[102.845994,15.512279],[102.83844,15.513668],[102.835311,15.516214],[102.828836,15.507533],[102.821174,15.512163],[102.815563,15.51251],[102.811031,15.524894],[102.796679,15.53207],[102.798837,15.535774],[102.794197,15.541214],[102.794521,15.544339],[102.789449,15.546422],[102.791715,15.556839],[102.786643,15.555681],[102.782651,15.560658],[102.781032,15.568066],[102.784917,15.570033],[102.78168,15.579061],[102.782651,15.585311],[102.780385,15.590635],[102.776932,15.592371],[102.779953,15.602788],[102.777795,15.603945],[102.774558,15.615287],[102.768299,15.625936],[102.776608,15.633574],[102.780601,15.63913],[102.779629,15.645611],[102.771644,15.653019],[102.761716,15.652903],[102.751249,15.661005],[102.743911,15.669569],[102.726538,15.66656],[102.71661,15.665982],[102.712402,15.679639],[102.707006,15.686236],[102.700424,15.689361],[102.700532,15.69318],[102.694165,15.697463],[102.689633,15.702555],[102.69028,15.711583],[102.694489,15.714245],[102.691899,15.723504],[102.683806,15.72524],[102.679058,15.727671],[102.672799,15.72281],[102.672583,15.71899],[102.666648,15.715287],[102.657907,15.71737],[102.650138,15.714477],[102.636002,15.71737],[102.613557,15.727555],[102.60924,15.727902],[102.604061,15.724893],[102.598557,15.715634],[102.598018,15.712509],[102.586903,15.709847],[102.582695,15.707301],[102.576544,15.709731],[102.565213,15.707995],[102.556041,15.70406],[102.546545,15.706259],[102.541581,15.708921],[102.537049,15.708342],[102.530682,15.711467],[102.512553,15.728365],[102.502086,15.725125],[102.493238,15.724662],[102.481475,15.71818],[102.467231,15.716444],[102.461404,15.717254],[102.449211,15.715981],[102.444139,15.711352],[102.441117,15.705217],[102.431837,15.70487],[102.421262,15.694917],[102.408852,15.69781],[102.403781,15.700819],[102.400759,15.710194],[102.398709,15.71031],[102.387378,15.723389],[102.376048,15.731953],[102.365904,15.731722],[102.363207,15.729291],[102.358567,15.733689],[102.357056,15.740055],[102.361588,15.752555],[102.359754,15.759384],[102.363962,15.763898],[102.362991,15.767601],[102.35684,15.768296],[102.349826,15.774777],[102.343567,15.782879],[102.327057,15.799198],[102.327597,15.803481]]]}},{"type":"Feature","id":"TH31","bbox":[102.4327,14.130112,103.50381,15.795842],"properties":{"ADM1_PCODE":"TH31","ADM1_TH":"บุรีรัมย์","ADM1_EN":"Buri Ram"},"geometry":{"type":"Polygon","coordinates":[[[103.111343,15.481261],[103.101308,15.486816],[103.091919,15.488321],[103.084366,15.493529],[103.072927,15.497348],[103.072064,15.502672],[103.07487,15.513089],[103.079834,15.514015],[103.083718,15.523853],[103.090732,15.532881],[103.087063,15.538783],[103.07692,15.545033],[103.06451,15.554177],[103.060734,15.557996],[103.050914,15.56089],[103.046597,15.563667],[103.048756,15.567834],[103.045087,15.573158],[103.047892,15.58207],[103.050374,15.583343],[103.051238,15.592487],[103.045195,15.593413],[103.041418,15.597463],[103.033325,15.600588],[103.029332,15.598737],[103.022102,15.608227],[103.013577,15.614824],[103.009584,15.629292],[103.001275,15.637857],[102.992427,15.640403],[102.995772,15.644222],[102.993938,15.648505],[102.988758,15.647347],[102.980017,15.658343],[102.974514,15.660773],[102.976348,15.668528],[102.981312,15.674778],[102.98919,15.674546],[102.997391,15.682069],[103.00516,15.685079],[103.008182,15.695727],[103.006347,15.699893],[103.010879,15.703366],[103.006563,15.716444],[103.002786,15.717254],[103.006023,15.725009],[103.005484,15.728597],[102.998686,15.733689],[102.987463,15.736814],[102.983255,15.741907],[102.980125,15.742138],[102.976996,15.753134],[102.971816,15.756259],[102.967392,15.755101],[102.962104,15.76031],[102.953795,15.759615],[102.942465,15.76656],[102.937933,15.775587],[102.940522,15.780217],[102.939767,15.784384],[102.933077,15.788897],[102.930487,15.795842],[102.925199,15.795263],[102.906639,15.787046],[102.904589,15.783689],[102.897359,15.785772],[102.891855,15.781606],[102.891531,15.777786],[102.885489,15.778018],[102.883438,15.771768],[102.878367,15.771768],[102.877287,15.764245],[102.881064,15.756027],[102.878906,15.751861],[102.880525,15.745842],[102.873942,15.738551],[102.875993,15.733574],[102.876964,15.717139],[102.8761,15.705217],[102.869302,15.695842],[102.869842,15.68288],[102.873511,15.681491],[102.875021,15.675356],[102.883546,15.672463],[102.882359,15.664593],[102.876748,15.666097],[102.872324,15.663088],[102.867683,15.657185],[102.867576,15.652787],[102.861748,15.648736],[102.855274,15.636121],[102.844915,15.637047],[102.835095,15.636468],[102.818477,15.633806],[102.804233,15.632764],[102.79301,15.637278],[102.786967,15.636815],[102.785888,15.632764],[102.776608,15.633574],[102.768299,15.625936],[102.774558,15.615287],[102.777795,15.603945],[102.779953,15.602788],[102.776932,15.592371],[102.780385,15.590635],[102.782651,15.585311],[102.78168,15.579061],[102.784917,15.570033],[102.781032,15.568066],[102.782651,15.560658],[102.786643,15.555681],[102.791715,15.556839],[102.789449,15.546422],[102.794521,15.544339],[102.794197,15.541214],[102.798837,15.535774],[102.796679,15.53207],[102.811031,15.524894],[102.815563,15.51251],[102.821174,15.512163],[102.828836,15.507533],[102.835311,15.516214],[102.83844,15.513668],[102.845994,15.512279],[102.849123,15.513436],[102.860993,15.512279],[102.873295,15.513436],[102.871352,15.519455],[102.882575,15.523158],[102.887755,15.519918],[102.895092,15.52177],[102.90815,15.515057],[102.909984,15.50927],[102.918077,15.506145],[102.922501,15.510427],[102.925955,15.510658],[102.931458,15.506839],[102.930811,15.502325],[102.922933,15.502094],[102.923041,15.497464],[102.928544,15.494686],[102.927897,15.490751],[102.931782,15.488089],[102.934048,15.492487],[102.940954,15.493297],[102.944731,15.486932],[102.940091,15.485659],[102.939443,15.480103],[102.948076,15.482534],[102.951205,15.477441],[102.956925,15.479177],[102.966421,15.484964],[102.967068,15.478136],[102.972679,15.476978],[102.978291,15.482186],[102.98142,15.477441],[102.985413,15.466793],[102.992858,15.466793],[102.996959,15.4514],[103.00106,15.448738],[103.003218,15.44214],[103.007103,15.437742],[103.007642,15.432418],[103.005808,15.427673],[103.001383,15.427904],[102.996204,15.417488],[102.990916,15.414594],[102.986168,15.419108],[102.988326,15.423391],[102.983794,15.426863],[102.980125,15.423506],[102.983686,15.41934],[102.977859,15.417256],[102.976348,15.421307],[102.979154,15.423853],[102.976456,15.429409],[102.970521,15.426747],[102.969118,15.419224],[102.965665,15.415404],[102.967176,15.407997],[102.956817,15.410312],[102.956493,15.405914],[102.951745,15.40383],[102.951421,15.396539],[102.955198,15.38265],[102.962536,15.377442],[102.97009,15.374895],[102.986384,15.373854],[102.985629,15.361007],[102.977427,15.344109],[102.978722,15.336701],[102.983794,15.333808],[102.984765,15.321539],[102.976564,15.320613],[102.97419,15.318067],[102.967931,15.31772],[102.962644,15.315289],[102.958867,15.316678],[102.952392,15.314711],[102.952177,15.310544],[102.954982,15.305914],[102.964802,15.297813],[102.967931,15.290984],[102.955738,15.273392],[102.954982,15.270267],[102.960486,15.264942],[102.960701,15.258345],[102.956817,15.252558],[102.960917,15.238207],[102.958867,15.221077],[102.961565,15.215637],[102.974622,15.206841],[102.9675,15.196193],[102.966421,15.192836],[102.957033,15.191679],[102.953687,15.189249],[102.942896,15.187049],[102.937285,15.183114],[102.932213,15.182188],[102.929192,15.18485],[102.917646,15.186587],[102.90815,15.184156],[102.907286,15.180684],[102.90243,15.179526],[102.899085,15.175938],[102.894877,15.179874],[102.886891,15.184387],[102.878043,15.176054],[102.875129,15.171077],[102.865741,15.164249],[102.85495,15.165753],[102.854734,15.169341],[102.846965,15.168878],[102.846641,15.165985],[102.840598,15.16205],[102.836282,15.157073],[102.823656,15.15499],[102.82139,15.14573],[102.816534,15.142605],[102.815995,15.137281],[102.809628,15.13242],[102.807578,15.126865],[102.795816,15.114481],[102.793981,15.110314],[102.788802,15.106957],[102.783946,15.095962],[102.778766,15.089249],[102.769054,15.082768],[102.764738,15.081842],[102.763875,15.072583],[102.77391,15.071657],[102.778119,15.06911],[102.784593,15.069226],[102.785888,15.056958],[102.789125,15.053138],[102.796139,15.050476],[102.796139,15.045268],[102.802938,15.041796],[102.800888,15.037282],[102.787723,15.031032],[102.779845,15.025476],[102.77909,15.02131],[102.781356,15.012398],[102.736897,15.001055],[102.733336,14.996194],[102.729236,14.995384],[102.722329,14.987514],[102.713805,14.984967],[102.710567,14.979643],[102.70938,14.963093],[102.708085,14.953602],[102.696647,14.933695],[102.67431,14.934621],[102.653915,14.934852],[102.637189,14.936009],[102.600823,14.935315],[102.573091,14.957074],[102.564674,14.958116],[102.557444,14.956148],[102.545789,14.946889],[102.552264,14.940871],[102.563595,14.937746],[102.565537,14.935084],[102.566076,14.92675],[102.557444,14.912167],[102.543847,14.904412],[102.545789,14.899436],[102.542121,14.896311],[102.540718,14.888903],[102.545682,14.887514],[102.550753,14.879528],[102.545682,14.874089],[102.546869,14.867839],[102.552804,14.86564],[102.551509,14.857306],[102.54784,14.854876],[102.550106,14.848626],[102.546329,14.838904],[102.541149,14.829413],[102.541473,14.826519],[102.53543,14.818881],[102.532625,14.812978],[102.517949,14.806612],[102.508345,14.805455],[102.502626,14.802214],[102.492266,14.805686],[102.480396,14.811242],[102.470684,14.816682],[102.465505,14.825362],[102.459894,14.83057],[102.454822,14.832306],[102.447052,14.819691],[102.445218,14.80152],[102.439714,14.801983],[102.439822,14.797469],[102.445865,14.785663],[102.443815,14.779298],[102.451153,14.7727],[102.456225,14.766682],[102.464857,14.763673],[102.472087,14.762747],[102.476404,14.749205],[102.476943,14.731728],[102.47403,14.726752],[102.467663,14.722353],[102.463131,14.716914],[102.460109,14.70858],[102.460325,14.696659],[102.466692,14.686706],[102.46885,14.681381],[102.473382,14.660085],[102.47554,14.65534],[102.474677,14.631613],[102.471871,14.619692],[102.470361,14.596428],[102.471116,14.591452],[102.466692,14.586127],[102.471332,14.581035],[102.477483,14.576984],[102.482447,14.571776],[102.495504,14.564716],[102.493238,14.552794],[102.493453,14.540063],[102.490432,14.530688],[102.484605,14.524322],[102.482015,14.518767],[102.48126,14.512054],[102.488705,14.506151],[102.493345,14.504647],[102.520539,14.50673],[102.533812,14.50592],[102.540502,14.504415],[102.568019,14.500711],[102.573306,14.498744],[102.587011,14.497239],[102.599205,14.496892],[102.610535,14.494114],[102.610427,14.488327],[102.60773,14.473628],[102.60719,14.464948],[102.605032,14.459276],[102.601363,14.456383],[102.597802,14.446429],[102.587874,14.447124],[102.581939,14.444693],[102.570393,14.428721],[102.568019,14.410897],[102.564674,14.403721],[102.5623,14.385666],[102.562947,14.375133],[102.567911,14.363907],[102.573199,14.363097],[102.582371,14.359277],[102.588306,14.348398],[102.586795,14.336361],[102.589385,14.332425],[102.598126,14.328259],[102.602658,14.322472],[102.60665,14.321083],[102.612909,14.321777],[102.622081,14.320388],[102.635246,14.326986],[102.6428,14.326523],[102.648196,14.323629],[102.662008,14.318537],[102.66708,14.315759],[102.674526,14.307194],[102.677223,14.302217],[102.686288,14.299208],[102.665569,14.287518],[102.660605,14.283352],[102.649059,14.279648],[102.636757,14.272819],[102.622513,14.263444],[102.612262,14.254995],[102.602442,14.244116],[102.595859,14.239255],[102.589709,14.236824],[102.577839,14.226755],[102.573199,14.223977],[102.557875,14.217611],[102.548056,14.215875],[102.542228,14.205806],[102.534891,14.201524],[102.517517,14.201524],[102.511474,14.200829],[102.505431,14.190297],[102.501007,14.186362],[102.495612,14.186246],[102.486871,14.189024],[102.478994,14.198861],[102.475217,14.199903],[102.468526,14.191917],[102.463562,14.193422],[102.453095,14.193769],[102.440038,14.172241],[102.438204,14.160899],[102.434535,14.154533],[102.4327,14.147589],[102.437448,14.143654],[102.448239,14.141686],[102.452772,14.143885],[102.455793,14.136478],[102.460757,14.136478],[102.469497,14.132195],[102.475325,14.131385],[102.482339,14.142265],[102.489137,14.13995],[102.492374,14.135552],[102.499496,14.136015],[102.502194,14.132311],[102.507374,14.132774],[102.516114,14.141223],[102.521402,14.143306],[102.527229,14.141802],[102.53079,14.138561],[102.546545,14.135204],[102.551617,14.135436],[102.560249,14.143306],[102.56845,14.149093],[102.586687,14.157774],[102.590896,14.164834],[102.596183,14.168653],[102.605895,14.1712],[102.611938,14.170274],[102.61647,14.165876],[102.627801,14.151987],[102.635678,14.148515],[102.639239,14.150598],[102.646037,14.16194],[102.652512,14.165181],[102.660174,14.154302],[102.667403,14.1587],[102.679381,14.15326],[102.690064,14.145968],[102.690928,14.141917],[102.688122,14.135783],[102.690172,14.132658],[102.69751,14.130112],[102.711107,14.133121],[102.726322,14.138214],[102.743048,14.13914],[102.755458,14.137056],[102.762472,14.138445],[102.767328,14.141454],[102.775313,14.153607],[102.781248,14.152565],[102.785133,14.153954],[102.791823,14.16032],[102.805528,14.157542],[102.812758,14.16113],[102.816858,14.167033],[102.826246,14.159626],[102.832505,14.16032],[102.83639,14.164602],[102.841893,14.156964],[102.84826,14.158352],[102.855058,14.154186],[102.860346,14.148862],[102.871029,14.146547],[102.873187,14.147473],[102.873942,14.156153],[102.873295,14.169116],[102.879122,14.176061],[102.889697,14.173399],[102.894121,14.165528],[102.896927,14.163677],[102.904696,14.164602],[102.930379,14.175598],[102.936098,14.17988],[102.945378,14.190644],[102.947968,14.196084],[102.956061,14.195274],[102.958759,14.197357],[102.952285,14.203954],[102.952716,14.206963],[102.965018,14.211593],[102.97009,14.209741],[102.987247,14.214139],[102.990161,14.211709],[102.998793,14.214023],[103.000952,14.218306],[103.011851,14.227218],[103.012606,14.2315],[103.023721,14.230343],[103.028253,14.236477],[103.036562,14.241685],[103.038073,14.250597],[103.045195,14.26113],[103.049727,14.264718],[103.056525,14.274208],[103.055554,14.281616],[103.057065,14.285088],[103.074762,14.286477],[103.081776,14.296546],[103.088898,14.296893],[103.096128,14.29944],[103.115228,14.30025],[103.128177,14.303375],[103.130875,14.308814],[103.128393,14.318537],[103.139507,14.324208],[103.154075,14.314601],[103.159363,14.325597],[103.165082,14.334046],[103.176197,14.336013],[103.188498,14.334277],[103.20134,14.328027],[103.213749,14.328606],[103.218497,14.322935],[103.226267,14.326754],[103.225943,14.337634],[103.223353,14.34018],[103.221195,14.348282],[103.223353,14.352564],[103.219253,14.359509],[103.222598,14.367842],[103.221087,14.374671],[103.223353,14.381383],[103.228964,14.383467],[103.232849,14.388907],[103.232202,14.395735],[103.224648,14.397703],[103.220547,14.402911],[103.221842,14.406152],[103.235763,14.410781],[103.238676,14.420735],[103.245259,14.430804],[103.246446,14.440758],[103.244719,14.447934],[103.239,14.452216],[103.23954,14.461591],[103.235547,14.464022],[103.233497,14.469346],[103.235763,14.479762],[103.223893,14.490411],[103.225835,14.495272],[103.215368,14.50048],[103.214181,14.506498],[103.218066,14.50835],[103.218713,14.515063],[103.221087,14.517957],[103.213425,14.527216],[103.213857,14.532308],[103.211159,14.542609],[103.222274,14.546892],[103.220655,14.5521],[103.2199,14.565294],[103.216123,14.568882],[103.213318,14.57629],[103.211699,14.586475],[103.212778,14.593303],[103.216231,14.597354],[103.222706,14.600826],[103.221411,14.60534],[103.226267,14.608465],[103.233928,14.610664],[103.237381,14.61622],[103.237381,14.622007],[103.234468,14.629414],[103.230367,14.632192],[103.229612,14.639484],[103.23382,14.647933],[103.242669,14.651521],[103.245151,14.659159],[103.248604,14.659854],[103.249899,14.665178],[103.257776,14.670733],[103.258208,14.67953],[103.268891,14.704529],[103.266625,14.707654],[103.270617,14.715872],[103.269323,14.720849],[103.274502,14.736821],[103.272991,14.739251],[103.273963,14.750594],[103.267488,14.756265],[103.27051,14.760779],[103.266301,14.766682],[103.271697,14.771427],[103.279142,14.775362],[103.282056,14.779413],[103.281301,14.78277],[103.29112,14.784506],[103.292847,14.798858],[103.289933,14.809158],[103.293602,14.812515],[103.297163,14.807422],[103.302775,14.808348],[103.30817,14.813094],[103.317019,14.817607],[103.319393,14.822006],[103.318961,14.826982],[103.327917,14.832075],[103.332989,14.833001],[103.335795,14.829644],[103.341406,14.82814],[103.346262,14.833001],[103.343996,14.837168],[103.345615,14.840524],[103.351334,14.839945],[103.358024,14.847816],[103.359967,14.854413],[103.367196,14.860894],[103.372808,14.86182],[103.37529,14.859505],[103.378959,14.866797],[103.378959,14.876635],[103.386512,14.883001],[103.389965,14.889019],[103.394174,14.890176],[103.394713,14.895037],[103.401404,14.892723],[103.402159,14.899088],[103.398382,14.901866],[103.402267,14.904991],[103.399461,14.914482],[103.401943,14.919574],[103.411655,14.916912],[103.416835,14.918417],[103.418022,14.921773],[103.425252,14.928023],[103.425036,14.933695],[103.427734,14.942259],[103.424065,14.942607],[103.421691,14.948857],[103.423309,14.954065],[103.417266,14.95557],[103.41813,14.963903],[103.423525,14.9705],[103.419856,14.975245],[103.43,14.976171],[103.429352,14.981727],[103.419856,14.986009],[103.421691,14.988903],[103.426547,14.987051],[103.42741,14.991217],[103.414461,15.00418],[103.421475,15.027328],[103.423957,15.030916],[103.430431,15.027213],[103.43723,15.030106],[103.442086,15.034388],[103.442841,15.038555],[103.447157,15.047004],[103.439604,15.057305],[103.433561,15.060546],[103.428705,15.06043],[103.422554,15.065291],[103.424604,15.069921],[103.430863,15.070847],[103.433885,15.074434],[103.43669,15.082189],[103.435827,15.08624],[103.431726,15.089133],[103.430971,15.098161],[103.440035,15.099897],[103.441654,15.106494],[103.435395,15.109156],[103.427194,15.10499],[103.425576,15.107536],[103.428813,15.118994],[103.433129,15.120962],[103.429568,15.127906],[103.424281,15.130453],[103.424928,15.135429],[103.428705,15.142142],[103.422446,15.14955],[103.429352,15.159388],[103.423309,15.163439],[103.420288,15.168647],[103.421907,15.173045],[103.428165,15.178832],[103.428921,15.184966],[103.424388,15.187744],[103.419533,15.187281],[103.42018,15.192952],[103.418993,15.201517],[103.425576,15.207998],[103.434856,15.205452],[103.428489,15.213091],[103.430539,15.217258],[103.436043,15.218994],[103.436906,15.223971],[103.433669,15.229526],[103.436906,15.243646],[103.440467,15.250938],[103.446294,15.253947],[103.447265,15.257535],[103.441546,15.258577],[103.442625,15.263669],[103.453956,15.255105],[103.459135,15.256725],[103.461186,15.262049],[103.458056,15.265405],[103.463452,15.276401],[103.463236,15.282882],[103.469603,15.280683],[103.469603,15.287396],[103.477156,15.286933],[103.476617,15.290984],[103.482336,15.292489],[103.490969,15.291563],[103.500249,15.295382],[103.497227,15.302558],[103.502731,15.305683],[103.50381,15.311933],[103.495501,15.308461],[103.493882,15.315058],[103.488055,15.311354],[103.485034,15.312859],[103.48471,15.317951],[103.481688,15.320035],[103.475214,15.318762],[103.468739,15.325359],[103.473487,15.327674],[103.472408,15.336238],[103.470142,15.338437],[103.459135,15.334965],[103.451798,15.337743],[103.451042,15.343761],[103.444675,15.344919],[103.441762,15.33809],[103.448021,15.337743],[103.444136,15.331262],[103.435503,15.334965],[103.431942,15.328947],[103.435287,15.32235],[103.428165,15.319919],[103.430647,15.316447],[103.430647,15.310428],[103.425791,15.308924],[103.423849,15.315752],[103.417266,15.316215],[103.414569,15.31066],[103.411224,15.314248],[103.406799,15.310197],[103.402267,15.309387],[103.40108,15.313785],[103.396764,15.313322],[103.386404,15.318183],[103.387699,15.323275],[103.384786,15.327095],[103.380146,15.328715],[103.377016,15.336817],[103.369247,15.340173],[103.365146,15.337511],[103.359427,15.339132],[103.355758,15.34353],[103.348096,15.34596],[103.349607,15.339826],[103.345291,15.339363],[103.34119,15.343183],[103.339787,15.336123],[103.337198,15.334965],[103.328457,15.33728],[103.318961,15.326863],[103.316047,15.318299],[103.30612,15.319225],[103.301156,15.309618],[103.293494,15.300475],[103.281301,15.30603],[103.284646,15.313553],[103.282919,15.316563],[103.276876,15.315984],[103.274502,15.318414],[103.266409,15.317373],[103.262848,15.313553],[103.257992,15.31309],[103.251302,15.306956],[103.248064,15.308808],[103.253999,15.314479],[103.251086,15.321887],[103.244072,15.317373],[103.23436,15.32015],[103.233065,15.324086],[103.227777,15.321887],[103.223137,15.322697],[103.219468,15.326748],[103.223893,15.329525],[103.218497,15.33566],[103.209649,15.33265],[103.213318,15.341331],[103.20803,15.339711],[103.200908,15.341331],[103.199937,15.335312],[103.196268,15.336238],[103.195405,15.345266],[103.192491,15.352789],[103.187527,15.356609],[103.189901,15.360196],[103.196807,15.35846],[103.197023,15.363206],[103.190333,15.364479],[103.182671,15.368183],[103.179326,15.366794],[103.179758,15.360775],[103.174362,15.362627],[103.166377,15.358345],[103.163895,15.354525],[103.157528,15.352095],[103.15796,15.360196],[103.156018,15.364247],[103.157852,15.36772],[103.154507,15.374085],[103.150191,15.373275],[103.147601,15.376632],[103.155478,15.379178],[103.153104,15.385544],[103.149327,15.384965],[103.141234,15.38809],[103.14145,15.395613],[103.143932,15.39596],[103.145982,15.402673],[103.139507,15.411122],[103.136162,15.412164],[103.132925,15.407766],[103.136054,15.405219],[103.134652,15.400474],[103.127098,15.40302],[103.119005,15.401516],[103.11512,15.403946],[103.114149,15.40927],[103.107458,15.408807],[103.099797,15.414594],[103.091488,15.417835],[103.090085,15.424201],[103.100013,15.430335],[103.100444,15.435196],[103.106811,15.442025],[103.106595,15.446886],[103.110372,15.451747],[103.105732,15.457071],[103.107135,15.463784],[103.114904,15.467025],[103.112422,15.472349],[103.111343,15.481261]]]}},{"type":"Feature","id":"TH32","bbox":[103.090085,14.326754,104.089219,15.482765],"properties":{"ADM1_PCODE":"TH32","ADM1_TH":"สุรินทร์","ADM1_EN":"Surin"},"geometry":{"type":"Polygon","coordinates":[[[103.403238,15.436469],[103.397627,15.431724],[103.380577,15.428367],[103.373995,15.424895],[103.364715,15.414016],[103.34637,15.409039],[103.340651,15.409386],[103.326299,15.412742],[103.312702,15.414131],[103.300724,15.417025],[103.287883,15.42177],[103.277524,15.423391],[103.26943,15.423391],[103.261877,15.429988],[103.262632,15.438784],[103.252705,15.443529],[103.249036,15.448738],[103.234792,15.449201],[103.230583,15.447233],[103.224324,15.448622],[103.224648,15.453714],[103.221519,15.456145],[103.214397,15.458113],[103.213965,15.46089],[103.204145,15.460196],[103.162061,15.470844],[103.12753,15.479872],[103.114688,15.482765],[103.111343,15.481261],[103.112422,15.472349],[103.114904,15.467025],[103.107135,15.463784],[103.105732,15.457071],[103.110372,15.451747],[103.106595,15.446886],[103.106811,15.442025],[103.100444,15.435196],[103.100013,15.430335],[103.090085,15.424201],[103.091488,15.417835],[103.099797,15.414594],[103.107458,15.408807],[103.114149,15.40927],[103.11512,15.403946],[103.119005,15.401516],[103.127098,15.40302],[103.134652,15.400474],[103.136054,15.405219],[103.132925,15.407766],[103.136162,15.412164],[103.139507,15.411122],[103.145982,15.402673],[103.143932,15.39596],[103.14145,15.395613],[103.141234,15.38809],[103.149327,15.384965],[103.153104,15.385544],[103.155478,15.379178],[103.147601,15.376632],[103.150191,15.373275],[103.154507,15.374085],[103.157852,15.36772],[103.156018,15.364247],[103.15796,15.360196],[103.157528,15.352095],[103.163895,15.354525],[103.166377,15.358345],[103.174362,15.362627],[103.179758,15.360775],[103.179326,15.366794],[103.182671,15.368183],[103.190333,15.364479],[103.197023,15.363206],[103.196807,15.35846],[103.189901,15.360196],[103.187527,15.356609],[103.192491,15.352789],[103.195405,15.345266],[103.196268,15.336238],[103.199937,15.335312],[103.200908,15.341331],[103.20803,15.339711],[103.213318,15.341331],[103.209649,15.33265],[103.218497,15.33566],[103.223893,15.329525],[103.219468,15.326748],[103.223137,15.322697],[103.227777,15.321887],[103.233065,15.324086],[103.23436,15.32015],[103.244072,15.317373],[103.251086,15.321887],[103.253999,15.314479],[103.248064,15.308808],[103.251302,15.306956],[103.257992,15.31309],[103.262848,15.313553],[103.266409,15.317373],[103.274502,15.318414],[103.276876,15.315984],[103.282919,15.316563],[103.284646,15.313553],[103.281301,15.30603],[103.293494,15.300475],[103.301156,15.309618],[103.30612,15.319225],[103.316047,15.318299],[103.318961,15.326863],[103.328457,15.33728],[103.337198,15.334965],[103.339787,15.336123],[103.34119,15.343183],[103.345291,15.339363],[103.349607,15.339826],[103.348096,15.34596],[103.355758,15.34353],[103.359427,15.339132],[103.365146,15.337511],[103.369247,15.340173],[103.377016,15.336817],[103.380146,15.328715],[103.384786,15.327095],[103.387699,15.323275],[103.386404,15.318183],[103.396764,15.313322],[103.40108,15.313785],[103.402267,15.309387],[103.406799,15.310197],[103.411224,15.314248],[103.414569,15.31066],[103.417266,15.316215],[103.423849,15.315752],[103.425791,15.308924],[103.430647,15.310428],[103.430647,15.316447],[103.428165,15.319919],[103.435287,15.32235],[103.431942,15.328947],[103.435503,15.334965],[103.444136,15.331262],[103.448021,15.337743],[103.441762,15.33809],[103.444675,15.344919],[103.451042,15.343761],[103.451798,15.337743],[103.459135,15.334965],[103.470142,15.338437],[103.472408,15.336238],[103.473487,15.327674],[103.468739,15.325359],[103.475214,15.318762],[103.481688,15.320035],[103.48471,15.317951],[103.485034,15.312859],[103.488055,15.311354],[103.493882,15.315058],[103.495501,15.308461],[103.50381,15.311933],[103.502731,15.305683],[103.497227,15.302558],[103.500249,15.295382],[103.490969,15.291563],[103.482336,15.292489],[103.476617,15.290984],[103.477156,15.286933],[103.469603,15.287396],[103.469603,15.280683],[103.463236,15.282882],[103.463452,15.276401],[103.458056,15.265405],[103.461186,15.262049],[103.459135,15.256725],[103.453956,15.255105],[103.442625,15.263669],[103.441546,15.258577],[103.447265,15.257535],[103.446294,15.253947],[103.440467,15.250938],[103.436906,15.243646],[103.433669,15.229526],[103.436906,15.223971],[103.436043,15.218994],[103.430539,15.217258],[103.428489,15.213091],[103.434856,15.205452],[103.425576,15.207998],[103.418993,15.201517],[103.42018,15.192952],[103.419533,15.187281],[103.424388,15.187744],[103.428921,15.184966],[103.428165,15.178832],[103.421907,15.173045],[103.420288,15.168647],[103.423309,15.163439],[103.429352,15.159388],[103.422446,15.14955],[103.428705,15.142142],[103.424928,15.135429],[103.424281,15.130453],[103.429568,15.127906],[103.433129,15.120962],[103.428813,15.118994],[103.425576,15.107536],[103.427194,15.10499],[103.435395,15.109156],[103.441654,15.106494],[103.440035,15.099897],[103.430971,15.098161],[103.431726,15.089133],[103.435827,15.08624],[103.43669,15.082189],[103.433885,15.074434],[103.430863,15.070847],[103.424604,15.069921],[103.422554,15.065291],[103.428705,15.06043],[103.433561,15.060546],[103.439604,15.057305],[103.447157,15.047004],[103.442841,15.038555],[103.442086,15.034388],[103.43723,15.030106],[103.430431,15.027213],[103.423957,15.030916],[103.421475,15.027328],[103.414461,15.00418],[103.42741,14.991217],[103.426547,14.987051],[103.421691,14.988903],[103.419856,14.986009],[103.429352,14.981727],[103.43,14.976171],[103.419856,14.975245],[103.423525,14.9705],[103.41813,14.963903],[103.417266,14.95557],[103.423309,14.954065],[103.421691,14.948857],[103.424065,14.942607],[103.427734,14.942259],[103.425036,14.933695],[103.425252,14.928023],[103.418022,14.921773],[103.416835,14.918417],[103.411655,14.916912],[103.401943,14.919574],[103.399461,14.914482],[103.402267,14.904991],[103.398382,14.901866],[103.402159,14.899088],[103.401404,14.892723],[103.394713,14.895037],[103.394174,14.890176],[103.389965,14.889019],[103.386512,14.883001],[103.378959,14.876635],[103.378959,14.866797],[103.37529,14.859505],[103.372808,14.86182],[103.367196,14.860894],[103.359967,14.854413],[103.358024,14.847816],[103.351334,14.839945],[103.345615,14.840524],[103.343996,14.837168],[103.346262,14.833001],[103.341406,14.82814],[103.335795,14.829644],[103.332989,14.833001],[103.327917,14.832075],[103.318961,14.826982],[103.319393,14.822006],[103.317019,14.817607],[103.30817,14.813094],[103.302775,14.808348],[103.297163,14.807422],[103.293602,14.812515],[103.289933,14.809158],[103.292847,14.798858],[103.29112,14.784506],[103.281301,14.78277],[103.282056,14.779413],[103.279142,14.775362],[103.271697,14.771427],[103.266301,14.766682],[103.27051,14.760779],[103.267488,14.756265],[103.273963,14.750594],[103.272991,14.739251],[103.274502,14.736821],[103.269323,14.720849],[103.270617,14.715872],[103.266625,14.707654],[103.268891,14.704529],[103.258208,14.67953],[103.257776,14.670733],[103.249899,14.665178],[103.248604,14.659854],[103.245151,14.659159],[103.242669,14.651521],[103.23382,14.647933],[103.229612,14.639484],[103.230367,14.632192],[103.234468,14.629414],[103.237381,14.622007],[103.237381,14.61622],[103.233928,14.610664],[103.226267,14.608465],[103.221411,14.60534],[103.222706,14.600826],[103.216231,14.597354],[103.212778,14.593303],[103.211699,14.586475],[103.213318,14.57629],[103.216123,14.568882],[103.2199,14.565294],[103.220655,14.5521],[103.222274,14.546892],[103.211159,14.542609],[103.213857,14.532308],[103.213425,14.527216],[103.221087,14.517957],[103.218713,14.515063],[103.218066,14.50835],[103.214181,14.506498],[103.215368,14.50048],[103.225835,14.495272],[103.223893,14.490411],[103.235763,14.479762],[103.233497,14.469346],[103.235547,14.464022],[103.23954,14.461591],[103.239,14.452216],[103.244719,14.447934],[103.246446,14.440758],[103.245259,14.430804],[103.238676,14.420735],[103.235763,14.410781],[103.221842,14.406152],[103.220547,14.402911],[103.224648,14.397703],[103.232202,14.395735],[103.232849,14.388907],[103.228964,14.383467],[103.223353,14.381383],[103.221087,14.374671],[103.222598,14.367842],[103.219253,14.359509],[103.223353,14.352564],[103.221195,14.348282],[103.223353,14.34018],[103.225943,14.337634],[103.226267,14.326754],[103.235979,14.335782],[103.246338,14.337865],[103.257129,14.344925],[103.272128,14.349439],[103.281193,14.348166],[103.315939,14.356499],[103.322738,14.352796],[103.331802,14.350828],[103.340111,14.351754],[103.347449,14.3543],[103.353168,14.352333],[103.366117,14.351754],[103.378959,14.352333],[103.393203,14.357194],[103.409065,14.357425],[103.411763,14.361476],[103.409821,14.369346],[103.415972,14.3793],[103.420504,14.38312],[103.433345,14.389832],[103.437985,14.389485],[103.439172,14.379532],[103.44597,14.377911],[103.450503,14.368189],[103.45892,14.367263],[103.465934,14.364485],[103.47025,14.366684],[103.472408,14.375596],[103.479746,14.378143],[103.48266,14.386592],[103.486113,14.388096],[103.492911,14.38555],[103.496796,14.390064],[103.498199,14.397356],[103.516219,14.40349],[103.522478,14.39967],[103.526147,14.401985],[103.528521,14.410203],[103.535751,14.414601],[103.543952,14.417494],[103.554527,14.418999],[103.558844,14.423281],[103.57244,14.42224],[103.576649,14.42548],[103.583231,14.425365],[103.588519,14.423281],[103.597259,14.414369],[103.604166,14.413906],[103.609022,14.415874],[103.612691,14.401522],[103.617978,14.397471],[103.622834,14.397356],[103.628553,14.402217],[103.635891,14.406036],[103.648516,14.410666],[103.654452,14.409508],[103.657473,14.417031],[103.653696,14.419925],[103.641934,14.42224],[103.644955,14.427795],[103.656718,14.437633],[103.669235,14.434161],[103.680997,14.433351],[103.687903,14.437517],[103.694594,14.437286],[103.70668,14.433003],[103.708514,14.429647],[103.708838,14.422355],[103.705816,14.412055],[103.700853,14.40673],[103.701284,14.400828],[103.698371,14.388907],[103.702363,14.379184],[103.705493,14.376754],[103.717794,14.377911],[103.725995,14.379879],[103.73042,14.37768],[103.740995,14.376985],[103.746498,14.37768],[103.749843,14.372819],[103.754268,14.371314],[103.75826,14.376407],[103.761821,14.374555],[103.765706,14.36761],[103.773799,14.36437],[103.776929,14.360087],[103.782756,14.365064],[103.788691,14.366916],[103.80423,14.365064],[103.802503,14.357078],[103.807683,14.350828],[103.816747,14.351291],[103.821172,14.350018],[103.83002,14.35106],[103.830344,14.362634],[103.835739,14.370504],[103.839408,14.37143],[103.854516,14.366916],[103.862609,14.366106],[103.858832,14.357657],[103.866817,14.352911],[103.868868,14.347356],[103.884083,14.337865],[103.884622,14.342032],[103.889694,14.344231],[103.899514,14.343652],[103.900269,14.337287],[103.90847,14.338097],[103.917319,14.336708],[103.923038,14.332078],[103.929621,14.332194],[103.941167,14.328953],[103.94926,14.331268],[103.948397,14.339949],[103.950663,14.349555],[103.960483,14.349671],[103.971274,14.347935],[103.97818,14.353722],[103.983791,14.35268],[103.986813,14.34643],[103.994043,14.344347],[103.998251,14.345851],[104.000625,14.353259],[104.004402,14.35511],[104.009042,14.352911],[104.010445,14.347472],[104.014869,14.342495],[104.020373,14.340759],[104.025228,14.341337],[104.029977,14.337749],[104.034401,14.340874],[104.044652,14.340411],[104.057062,14.343421],[104.052314,14.355921],[104.047997,14.356499],[104.043681,14.360897],[104.049076,14.375365],[104.049616,14.381615],[104.04735,14.385087],[104.048537,14.391337],[104.04681,14.407309],[104.053393,14.414369],[104.050263,14.426869],[104.058357,14.457193],[104.056414,14.469809],[104.051343,14.472818],[104.047458,14.48335],[104.049292,14.484855],[104.048321,14.493767],[104.044221,14.496892],[104.040444,14.495272],[104.035048,14.49886],[104.037099,14.515063],[104.036127,14.522586],[104.03343,14.531498],[104.034185,14.536938],[104.032458,14.545503],[104.045947,14.55453],[104.047242,14.557655],[104.045947,14.566799],[104.052422,14.573396],[104.055443,14.579878],[104.055443,14.587053],[104.058788,14.601752],[104.059112,14.613326],[104.05663,14.627099],[104.051343,14.633118],[104.051127,14.637169],[104.053825,14.643072],[104.055335,14.651173],[104.052422,14.654414],[104.052961,14.659738],[104.050695,14.669576],[104.047242,14.675826],[104.029869,14.690988],[104.019725,14.70071],[104.005805,14.718071],[104.001273,14.725594],[103.998575,14.734969],[103.99933,14.751983],[104.003539,14.76645],[104.00246,14.775825],[103.994474,14.800131],[103.98336,14.806844],[103.95444,14.817723],[103.924441,14.826172],[103.918722,14.828718],[103.908902,14.836473],[103.903291,14.84388],[103.903399,14.852792],[103.907607,14.855802],[103.907715,14.860894],[103.912463,14.864482],[103.914621,14.869112],[103.919477,14.870385],[103.920664,14.875014],[103.917319,14.877908],[103.916779,14.883001],[103.920664,14.885894],[103.92088,14.890292],[103.925088,14.893764],[103.925088,14.899783],[103.92811,14.903371],[103.939009,14.908232],[103.936959,14.915176],[103.939656,14.919806],[103.943973,14.922352],[103.948073,14.940986],[103.955411,14.941681],[103.96113,14.944806],[103.967281,14.952445],[103.969331,14.962977],[103.966418,14.970963],[103.974835,14.978833],[103.977101,14.975708],[103.987136,14.983579],[103.994366,14.986241],[103.996093,14.991565],[104.00192,14.997352],[103.998899,14.999551],[104.000625,15.003949],[103.998035,15.00719],[103.999762,15.013787],[103.998143,15.019805],[104.004618,15.021194],[104.008826,15.019227],[104.012819,15.026055],[104.011308,15.029296],[104.01584,15.031958],[104.011956,15.038787],[104.018862,15.041912],[104.02102,15.048277],[104.017675,15.049435],[104.013143,15.05499],[104.010661,15.062513],[104.013251,15.066333],[104.009474,15.070847],[104.011416,15.074434],[104.016704,15.070499],[104.019833,15.072351],[104.02048,15.078138],[104.015085,15.082073],[104.007963,15.081032],[104.001704,15.078022],[103.995769,15.086124],[103.998575,15.09411],[103.994151,15.107999],[103.991237,15.111587],[103.995985,15.121078],[103.991345,15.12455],[103.988431,15.130105],[103.989942,15.136008],[103.999222,15.136124],[103.997712,15.142837],[103.999222,15.147814],[103.984115,15.15499],[103.98336,15.161818],[103.977317,15.15904],[103.970195,15.163786],[103.968252,15.173045],[103.971274,15.180452],[103.966634,15.185892],[103.974403,15.190637],[103.978396,15.195614],[103.976453,15.198045],[103.983791,15.200823],[103.975914,15.206957],[103.979475,15.212512],[103.970842,15.218646],[103.97149,15.221771],[103.976777,15.226285],[103.987029,15.224781],[103.991992,15.237049],[103.985626,15.24654],[103.996093,15.250359],[103.994366,15.255915],[103.98746,15.259966],[103.97764,15.263554],[103.973864,15.272118],[103.972353,15.279179],[103.97764,15.281725],[103.979583,15.274317],[103.983036,15.274433],[103.990805,15.268299],[103.998143,15.272466],[103.996093,15.277442],[103.995014,15.289479],[103.996525,15.295382],[104.000409,15.293877],[104.002244,15.289479],[104.009366,15.292141],[104.015517,15.29029],[104.01174,15.297928],[104.012603,15.301748],[104.011956,15.316794],[104.01584,15.313553],[104.02566,15.315984],[104.026955,15.320035],[104.025336,15.326516],[104.027063,15.331377],[104.031056,15.332187],[104.036667,15.328021],[104.039257,15.332187],[104.044113,15.333113],[104.044221,15.341215],[104.052961,15.340521],[104.055443,15.344224],[104.06181,15.343877],[104.062134,15.349085],[104.068608,15.347349],[104.075191,15.354062],[104.080154,15.348738],[104.089219,15.351863],[104.084363,15.35846],[104.087384,15.362859],[104.084147,15.372002],[104.079723,15.377326],[104.084579,15.381261],[104.080802,15.384502],[104.073788,15.380914],[104.072169,15.384733],[104.075083,15.389594],[104.074111,15.392604],[104.062349,15.400474],[104.059975,15.405335],[104.055443,15.400474],[104.040983,15.403715],[104.033753,15.407766],[104.027495,15.403483],[104.024257,15.405335],[104.019186,15.412048],[104.01638,15.409965],[104.015517,15.404178],[104.010661,15.404525],[104.007316,15.409502],[104.00246,15.409039],[104.003755,15.4014],[104.002136,15.398043],[103.995553,15.393414],[103.994043,15.399664],[103.988971,15.406955],[103.985194,15.405219],[103.976022,15.405335],[103.970842,15.409849],[103.976238,15.420034],[103.974403,15.426516],[103.96113,15.422812],[103.95239,15.412511],[103.941814,15.4264],[103.942894,15.430566],[103.947749,15.43265],[103.947749,15.436701],[103.942894,15.439131],[103.939548,15.436469],[103.927678,15.433344],[103.923686,15.439131],[103.916456,15.440057],[103.911492,15.436238],[103.907176,15.436932],[103.905449,15.442603],[103.89919,15.441446],[103.900485,15.447464],[103.892176,15.46795],[103.890126,15.458228],[103.887104,15.454177],[103.883867,15.455913],[103.883112,15.464941],[103.877393,15.468413],[103.874047,15.4639],[103.865415,15.46089],[103.865738,15.454293],[103.863688,15.449895],[103.857537,15.451052],[103.858616,15.460427],[103.856458,15.46471],[103.851278,15.465173],[103.847286,15.455913],[103.839948,15.459386],[103.831531,15.460312],[103.82743,15.455566],[103.828402,15.451284],[103.821172,15.451515],[103.816747,15.449085],[103.797324,15.444918],[103.79441,15.441793],[103.790741,15.444339],[103.783943,15.440404],[103.780706,15.442372],[103.777576,15.434965],[103.770886,15.439363],[103.762577,15.440057],[103.760203,15.436816],[103.75416,15.438784],[103.747793,15.44596],[103.742182,15.446191],[103.737973,15.43971],[103.732794,15.444224],[103.730636,15.439131],[103.725995,15.44133],[103.723837,15.437974],[103.715744,15.446886],[103.713802,15.443182],[103.704629,15.441793],[103.700637,15.445381],[103.695997,15.443066],[103.688443,15.44596],[103.675386,15.448043],[103.674199,15.444687],[103.667616,15.446191],[103.662545,15.451747],[103.659631,15.449432],[103.652941,15.451863],[103.64884,15.457534],[103.642689,15.456492],[103.628445,15.458344],[103.622618,15.466793],[103.620352,15.464825],[103.61377,15.465404],[103.606863,15.468876],[103.60136,15.468066],[103.599202,15.46552],[103.59208,15.467603],[103.590245,15.464594],[103.57967,15.465867],[103.574275,15.463552],[103.57093,15.459733],[103.5637,15.458807],[103.561865,15.452673],[103.554527,15.451631],[103.552369,15.446886],[103.545571,15.440636],[103.537262,15.429409],[103.530032,15.426631],[103.517299,15.430566],[103.509205,15.434502],[103.503055,15.439363],[103.492048,15.438321],[103.486005,15.443066],[103.485897,15.448738],[103.481041,15.451863],[103.466042,15.453367],[103.462696,15.452441],[103.445862,15.456029],[103.433021,15.453599],[103.431834,15.450011],[103.425468,15.448853],[103.418777,15.444455],[103.403238,15.436469]]]}},{"type":"Feature","id":"TH33","bbox":[103.903291,14.342379,104.908468,15.568297],"properties":{"ADM1_PCODE":"TH33","ADM1_TH":"ศรีสะเกษ","ADM1_EN":"Si Sa Ket"},"geometry":{"type":"Polygon","coordinates":[[[104.121807,15.563089],[104.117599,15.561121],[104.106808,15.568297],[104.099254,15.56714],[104.098499,15.563899],[104.100765,15.555334],[104.105729,15.548853],[104.103139,15.545843],[104.096665,15.547464],[104.095262,15.550473],[104.084255,15.549084],[104.083392,15.547001],[104.073788,15.539246],[104.077996,15.532649],[104.077025,15.527672],[104.07109,15.522117],[104.066558,15.523737],[104.060407,15.516677],[104.055443,15.514941],[104.056091,15.509733],[104.059975,15.502441],[104.055983,15.498853],[104.036451,15.491909],[104.031595,15.489247],[104.023394,15.47964],[104.019941,15.468876],[104.01638,15.461585],[104.009474,15.455451],[103.999978,15.452441],[103.995769,15.447117],[103.994474,15.441562],[103.991345,15.41309],[103.988971,15.406955],[103.994043,15.399664],[103.995553,15.393414],[104.002136,15.398043],[104.003755,15.4014],[104.00246,15.409039],[104.007316,15.409502],[104.010661,15.404525],[104.015517,15.404178],[104.01638,15.409965],[104.019186,15.412048],[104.024257,15.405335],[104.027495,15.403483],[104.033753,15.407766],[104.040983,15.403715],[104.055443,15.400474],[104.059975,15.405335],[104.062349,15.400474],[104.074111,15.392604],[104.075083,15.389594],[104.072169,15.384733],[104.073788,15.380914],[104.080802,15.384502],[104.084579,15.381261],[104.079723,15.377326],[104.084147,15.372002],[104.087384,15.362859],[104.084363,15.35846],[104.089219,15.351863],[104.080154,15.348738],[104.075191,15.354062],[104.068608,15.347349],[104.062134,15.349085],[104.06181,15.343877],[104.055443,15.344224],[104.052961,15.340521],[104.044221,15.341215],[104.044113,15.333113],[104.039257,15.332187],[104.036667,15.328021],[104.031056,15.332187],[104.027063,15.331377],[104.025336,15.326516],[104.026955,15.320035],[104.02566,15.315984],[104.01584,15.313553],[104.011956,15.316794],[104.012603,15.301748],[104.01174,15.297928],[104.015517,15.29029],[104.009366,15.292141],[104.002244,15.289479],[104.000409,15.293877],[103.996525,15.295382],[103.995014,15.289479],[103.996093,15.277442],[103.998143,15.272466],[103.990805,15.268299],[103.983036,15.274433],[103.979583,15.274317],[103.97764,15.281725],[103.972353,15.279179],[103.973864,15.272118],[103.97764,15.263554],[103.98746,15.259966],[103.994366,15.255915],[103.996093,15.250359],[103.985626,15.24654],[103.991992,15.237049],[103.987029,15.224781],[103.976777,15.226285],[103.97149,15.221771],[103.970842,15.218646],[103.979475,15.212512],[103.975914,15.206957],[103.983791,15.200823],[103.976453,15.198045],[103.978396,15.195614],[103.974403,15.190637],[103.966634,15.185892],[103.971274,15.180452],[103.968252,15.173045],[103.970195,15.163786],[103.977317,15.15904],[103.98336,15.161818],[103.984115,15.15499],[103.999222,15.147814],[103.997712,15.142837],[103.999222,15.136124],[103.989942,15.136008],[103.988431,15.130105],[103.991345,15.12455],[103.995985,15.121078],[103.991237,15.111587],[103.994151,15.107999],[103.998575,15.09411],[103.995769,15.086124],[104.001704,15.078022],[104.007963,15.081032],[104.015085,15.082073],[104.02048,15.078138],[104.019833,15.072351],[104.016704,15.070499],[104.011416,15.074434],[104.009474,15.070847],[104.013251,15.066333],[104.010661,15.062513],[104.013143,15.05499],[104.017675,15.049435],[104.02102,15.048277],[104.018862,15.041912],[104.011956,15.038787],[104.01584,15.031958],[104.011308,15.029296],[104.012819,15.026055],[104.008826,15.019227],[104.004618,15.021194],[103.998143,15.019805],[103.999762,15.013787],[103.998035,15.00719],[104.000625,15.003949],[103.998899,14.999551],[104.00192,14.997352],[103.996093,14.991565],[103.994366,14.986241],[103.987136,14.983579],[103.977101,14.975708],[103.974835,14.978833],[103.966418,14.970963],[103.969331,14.962977],[103.967281,14.952445],[103.96113,14.944806],[103.955411,14.941681],[103.948073,14.940986],[103.943973,14.922352],[103.939656,14.919806],[103.936959,14.915176],[103.939009,14.908232],[103.92811,14.903371],[103.925088,14.899783],[103.925088,14.893764],[103.92088,14.890292],[103.920664,14.885894],[103.916779,14.883001],[103.917319,14.877908],[103.920664,14.875014],[103.919477,14.870385],[103.914621,14.869112],[103.912463,14.864482],[103.907715,14.860894],[103.907607,14.855802],[103.903399,14.852792],[103.903291,14.84388],[103.908902,14.836473],[103.918722,14.828718],[103.924441,14.826172],[103.95444,14.817723],[103.98336,14.806844],[103.994474,14.800131],[104.00246,14.775825],[104.003539,14.76645],[103.99933,14.751983],[103.998575,14.734969],[104.001273,14.725594],[104.005805,14.718071],[104.019725,14.70071],[104.029869,14.690988],[104.047242,14.675826],[104.050695,14.669576],[104.052961,14.659738],[104.052422,14.654414],[104.055335,14.651173],[104.053825,14.643072],[104.051127,14.637169],[104.051343,14.633118],[104.05663,14.627099],[104.059112,14.613326],[104.058788,14.601752],[104.055443,14.587053],[104.055443,14.579878],[104.052422,14.573396],[104.045947,14.566799],[104.047242,14.557655],[104.045947,14.55453],[104.032458,14.545503],[104.034185,14.536938],[104.03343,14.531498],[104.036127,14.522586],[104.037099,14.515063],[104.035048,14.49886],[104.040444,14.495272],[104.044221,14.496892],[104.048321,14.493767],[104.049292,14.484855],[104.047458,14.48335],[104.051343,14.472818],[104.056414,14.469809],[104.058357,14.457193],[104.050263,14.426869],[104.053393,14.414369],[104.04681,14.407309],[104.048537,14.391337],[104.04735,14.385087],[104.049616,14.381615],[104.049076,14.375365],[104.043681,14.360897],[104.047997,14.356499],[104.052314,14.355921],[104.057062,14.343421],[104.061594,14.344231],[104.070227,14.342379],[104.085658,14.346314],[104.094291,14.350944],[104.095478,14.359046],[104.10001,14.366916],[104.10929,14.370967],[104.124937,14.37305],[104.13044,14.375596],[104.136915,14.372934],[104.139181,14.368421],[104.136159,14.357888],[104.141015,14.352101],[104.157202,14.356384],[104.174467,14.357657],[104.178136,14.362286],[104.176086,14.366569],[104.176949,14.37305],[104.173064,14.376059],[104.188064,14.383004],[104.191841,14.382888],[104.19756,14.3793],[104.202308,14.380226],[104.208998,14.369694],[104.216336,14.366569],[104.23317,14.369694],[104.248925,14.378721],[104.253349,14.388559],[104.260147,14.398166],[104.267485,14.399207],[104.269212,14.40349],[104.276765,14.408467],[104.286262,14.399207],[104.291225,14.400481],[104.298995,14.390874],[104.307951,14.382657],[104.312807,14.382425],[104.31885,14.378606],[104.322951,14.37224],[104.333958,14.368652],[104.350899,14.368305],[104.35759,14.372356],[104.363417,14.369115],[104.383056,14.369346],[104.392444,14.373976],[104.398595,14.374092],[104.406041,14.365874],[104.4123,14.371314],[104.415861,14.371661],[104.423846,14.368421],[104.431939,14.359624],[104.436472,14.357194],[104.44273,14.359509],[104.446075,14.356847],[104.451471,14.356499],[104.456974,14.360087],[104.46183,14.359509],[104.463773,14.353837],[104.461075,14.349323],[104.463017,14.344925],[104.473377,14.346893],[104.479743,14.354069],[104.477261,14.358583],[104.48352,14.366916],[104.500138,14.373976],[104.511792,14.371083],[104.517727,14.367842],[104.52431,14.359393],[104.530137,14.359277],[104.532403,14.354995],[104.537043,14.353837],[104.547295,14.355689],[104.555712,14.352564],[104.562941,14.351985],[104.567582,14.353837],[104.571682,14.359277],[104.581718,14.356384],[104.582581,14.35974],[104.579452,14.367263],[104.582905,14.376985],[104.589271,14.380342],[104.595746,14.389254],[104.605458,14.396314],[104.613659,14.396545],[104.621536,14.402564],[104.628227,14.405805],[104.631248,14.410087],[104.644089,14.422008],[104.651211,14.422008],[104.652938,14.418073],[104.653477,14.406962],[104.658333,14.401059],[104.664592,14.398513],[104.670851,14.398281],[104.675059,14.393073],[104.682829,14.393652],[104.690706,14.409045],[104.69157,14.41298],[104.701173,14.425365],[104.709267,14.431615],[104.71477,14.431383],[104.715525,14.427911],[104.721353,14.425596],[104.725129,14.41842],[104.720921,14.414485],[104.721245,14.407425],[104.725885,14.401522],[104.734841,14.413096],[104.752215,14.402795],[104.756531,14.410087],[104.757286,14.415064],[104.766459,14.423513],[104.775631,14.423976],[104.783401,14.427679],[104.788796,14.433235],[104.79376,14.434971],[104.806709,14.437054],[104.815881,14.429531],[104.817716,14.418189],[104.828291,14.418073],[104.83865,14.412633],[104.842643,14.403027],[104.851383,14.406036],[104.856132,14.409508],[104.860987,14.408698],[104.866275,14.412055],[104.871131,14.417379],[104.876634,14.413212],[104.899727,14.403606],[104.907173,14.399207],[104.908468,14.405226],[104.906741,14.411707],[104.896382,14.416568],[104.882354,14.429878],[104.876418,14.437054],[104.867678,14.433119],[104.86552,14.429647],[104.859908,14.429994],[104.850089,14.42548],[104.838434,14.426869],[104.835413,14.433003],[104.828507,14.442957],[104.832068,14.447471],[104.845125,14.453489],[104.845664,14.457193],[104.850736,14.46217],[104.851168,14.466452],[104.859045,14.47085],[104.86034,14.47386],[104.858506,14.481614],[104.861959,14.499091],[104.851168,14.507772],[104.844693,14.516799],[104.839406,14.519577],[104.837032,14.523975],[104.828291,14.53173],[104.826456,14.536707],[104.822032,14.538906],[104.820521,14.548975],[104.816313,14.550943],[104.816852,14.554878],[104.821061,14.561128],[104.819658,14.563905],[104.825054,14.57004],[104.823543,14.575364],[104.827751,14.5771],[104.828938,14.582077],[104.826241,14.586012],[104.825917,14.592262],[104.828507,14.596428],[104.825701,14.599785],[104.828291,14.610433],[104.832607,14.6124],[104.836168,14.621197],[104.838003,14.63659],[104.841132,14.642493],[104.847391,14.647585],[104.847499,14.652099],[104.852355,14.66078],[104.856887,14.658118],[104.863254,14.662747],[104.870807,14.66078],[104.87685,14.661011],[104.878469,14.656845],[104.890447,14.654067],[104.885699,14.662747],[104.881274,14.665178],[104.877066,14.672007],[104.876634,14.684391],[104.877929,14.686821],[104.876634,14.699784],[104.867894,14.703719],[104.849981,14.71865],[104.843938,14.72814],[104.842427,14.737284],[104.833686,14.741913],[104.822032,14.750825],[104.818471,14.756844],[104.817068,14.764714],[104.817824,14.777909],[104.81696,14.785085],[104.814478,14.790872],[104.804443,14.800709],[104.798076,14.804992],[104.797645,14.815177],[104.801745,14.823626],[104.806601,14.830339],[104.814047,14.833811],[104.813939,14.838904],[104.81027,14.844922],[104.810917,14.852214],[104.814263,14.857769],[104.812536,14.866102],[104.810486,14.868996],[104.811565,14.874667],[104.810702,14.883348],[104.806925,14.886936],[104.804767,14.892028],[104.805306,14.897815],[104.783508,14.897352],[104.777897,14.898857],[104.771638,14.911357],[104.768509,14.91344],[104.761711,14.913903],[104.762682,14.920616],[104.754373,14.920269],[104.744014,14.927676],[104.740345,14.933347],[104.733007,14.937514],[104.727288,14.934273],[104.727503,14.931611],[104.720058,14.92675],[104.719626,14.931496],[104.704627,14.936357],[104.699771,14.936009],[104.696102,14.941565],[104.687901,14.945847],[104.683908,14.955107],[104.68844,14.967028],[104.687145,14.972005],[104.682181,14.977213],[104.684448,14.985893],[104.681966,14.987514],[104.685203,14.994921],[104.683153,15.000824],[104.68434,15.004643],[104.676894,15.014713],[104.677433,15.018069],[104.67193,15.020268],[104.673872,15.029527],[104.671175,15.033694],[104.673009,15.038208],[104.677433,15.039597],[104.679807,15.035546],[104.686174,15.044226],[104.68121,15.046194],[104.689303,15.061124],[104.686282,15.064134],[104.68639,15.074087],[104.69308,15.082421],[104.683692,15.085893],[104.678836,15.089249],[104.685311,15.094689],[104.688872,15.099897],[104.681102,15.100823],[104.678944,15.09492],[104.671714,15.094689],[104.670203,15.098508],[104.675167,15.105684],[104.680887,15.109504],[104.676246,15.114133],[104.680563,15.117837],[104.680671,15.12374],[104.685527,15.12374],[104.689411,15.128138],[104.701821,15.129642],[104.719626,15.147582],[104.734518,15.158114],[104.736676,15.163786],[104.73441,15.167374],[104.726964,15.171077],[104.721892,15.16992],[104.70808,15.159388],[104.699447,15.157304],[104.697397,15.162976],[104.698692,15.171309],[104.703224,15.178369],[104.708619,15.182188],[104.71477,15.183924],[104.718331,15.190637],[104.714662,15.19492],[104.711209,15.193415],[104.707864,15.186934],[104.701929,15.185776],[104.698799,15.189017],[104.699879,15.193415],[104.703763,15.195961],[104.703332,15.200938],[104.696857,15.203716],[104.692001,15.203137],[104.689303,15.207072],[104.683153,15.211818],[104.682289,15.217605],[104.686066,15.21992],[104.695562,15.220267],[104.692972,15.22617],[104.683153,15.223739],[104.678405,15.227558],[104.678728,15.234271],[104.672254,15.247119],[104.670203,15.253137],[104.6647,15.257767],[104.659736,15.258693],[104.658333,15.251169],[104.652614,15.248392],[104.652938,15.244225],[104.656715,15.239248],[104.647327,15.238554],[104.644305,15.244804],[104.645708,15.249896],[104.644089,15.269456],[104.642471,15.272466],[104.635349,15.269804],[104.630709,15.270151],[104.621644,15.275475],[104.618191,15.272813],[104.618839,15.264595],[104.613443,15.266331],[104.613443,15.275475],[104.607076,15.27941],[104.60535,15.272813],[104.601789,15.269109],[104.594019,15.267836],[104.587221,15.264711],[104.581394,15.257304],[104.575135,15.252674],[104.545136,15.251748],[104.539957,15.252558],[104.522583,15.252674],[104.51708,15.25522],[104.508231,15.262165],[104.504239,15.26772],[104.475751,15.267489],[104.467873,15.269109],[104.459564,15.276054],[104.446831,15.280915],[104.432371,15.283924],[104.416832,15.286123],[104.406689,15.289248],[104.382193,15.294688],[104.385538,15.302095],[104.385862,15.308229],[104.388128,15.312743],[104.388128,15.32235],[104.38338,15.329641],[104.376474,15.327789],[104.374963,15.322465],[104.368704,15.321771],[104.366546,15.328947],[104.3591,15.336007],[104.353705,15.344456],[104.34572,15.342951],[104.339785,15.345845],[104.334389,15.343761],[104.321008,15.346771],[104.313131,15.34191],[104.304606,15.342141],[104.300398,15.345498],[104.293923,15.347349],[104.290686,15.354294],[104.280327,15.357766],[104.272989,15.364595],[104.262629,15.37177],[104.25745,15.371539],[104.247198,15.375127],[104.241155,15.381377],[104.233925,15.397812],[104.232846,15.403136],[104.221192,15.417025],[104.215041,15.42721],[104.20479,15.440404],[104.197452,15.454525],[104.193675,15.457302],[104.180294,15.462395],[104.174359,15.4617],[104.172201,15.465173],[104.16918,15.477441],[104.156339,15.488205],[104.147814,15.498506],[104.134865,15.509038],[104.132275,15.514131],[104.13508,15.525473],[104.141231,15.528598],[104.134109,15.538436],[104.130548,15.556839],[104.128606,15.560427],[104.121807,15.563089]]]}},{"type":"Feature","id":"TH34","bbox":[104.371618,14.209394,105.636965,16.098155],"properties":{"ADM1_PCODE":"TH34","ADM1_TH":"อุบลราชธานี","ADM1_EN":"Ubon Ratchathani"},"geometry":{"type":"Polygon","coordinates":[[[104.907173,14.399207],[104.917208,14.398976],[104.923035,14.399902],[104.927352,14.396198],[104.937927,14.390411],[104.944078,14.383235],[104.955624,14.38092],[104.957566,14.390064],[104.964149,14.388096],[104.975264,14.387402],[104.98217,14.384277],[104.986702,14.380342],[104.993069,14.377796],[104.993284,14.372819],[105.00073,14.365759],[105.001486,14.362402],[104.992097,14.344578],[104.989616,14.324208],[104.982709,14.32143],[104.981738,14.319115],[104.987781,14.313213],[105.00127,14.303259],[105.004723,14.289139],[105.008284,14.283352],[105.015945,14.274903],[105.015622,14.271546],[105.019075,14.265643],[105.018319,14.259046],[105.02242,14.255458],[105.020478,14.248745],[105.022204,14.241685],[105.026197,14.237171],[105.039362,14.228259],[105.045944,14.227102],[105.046052,14.222588],[105.049829,14.214834],[105.058678,14.213213],[105.078209,14.212287],[105.083605,14.209394],[105.093748,14.215297],[105.101841,14.212635],[105.108424,14.21356],[105.114359,14.220158],[105.126337,14.223977],[105.135617,14.233352],[105.141984,14.237287],[105.147163,14.242727],[105.15353,14.251755],[105.154717,14.259393],[105.1463,14.260667],[105.154177,14.26981],[105.150401,14.274787],[105.150616,14.28231],[105.152235,14.286129],[105.160436,14.289139],[105.16076,14.299787],[105.170796,14.303838],[105.171659,14.308352],[105.175328,14.309856],[105.177918,14.316916],[105.174788,14.32143],[105.169609,14.323861],[105.166587,14.328953],[105.17468,14.343305],[105.182989,14.340411],[105.186982,14.34099],[105.192485,14.346083],[105.196586,14.346777],[105.209211,14.341569],[105.218707,14.33393],[105.221189,14.335435],[105.227232,14.332773],[105.233599,14.336592],[105.233815,14.344231],[105.235433,14.349786],[105.2418,14.350712],[105.248814,14.358351],[105.253454,14.361592],[105.258418,14.362171],[105.266295,14.360782],[105.276978,14.35349],[105.282158,14.354185],[105.283777,14.365527],[105.289928,14.365411],[105.297158,14.368652],[105.302013,14.36599],[105.312481,14.387402],[105.316689,14.391684],[105.322732,14.393883],[105.334063,14.390874],[105.339458,14.384971],[105.357155,14.385666],[105.361256,14.388096],[105.372263,14.399323],[105.376687,14.398166],[105.386722,14.403143],[105.388557,14.409393],[105.392765,14.406615],[105.400751,14.409393],[105.405175,14.415758],[105.40442,14.418652],[105.407873,14.42386],[105.415103,14.426175],[105.422117,14.421082],[105.424059,14.416568],[105.430102,14.416221],[105.43021,14.424207],[105.435282,14.427564],[105.440138,14.427448],[105.442512,14.43011],[105.443483,14.441452],[105.450281,14.447008],[105.451252,14.451869],[105.456432,14.453605],[105.458482,14.463096],[105.461827,14.466337],[105.469813,14.469577],[105.473913,14.478837],[105.479309,14.485781],[105.480927,14.491915],[105.487834,14.497934],[105.488805,14.502563],[105.481791,14.504762],[105.495603,14.512054],[105.500783,14.513096],[105.501862,14.52166],[105.506718,14.522818],[105.514379,14.532771],[105.516538,14.538443],[105.523012,14.538558],[105.52517,14.544693],[105.523552,14.549554],[105.526789,14.553142],[105.532508,14.553026],[105.53499,14.558466],[105.529055,14.57247],[105.538659,14.582192],[105.535961,14.592377],[105.529271,14.595965],[105.53035,14.609391],[105.535206,14.612169],[105.541033,14.618535],[105.540062,14.622817],[105.530242,14.623164],[105.525494,14.634391],[105.530782,14.641567],[105.528192,14.64747],[105.519775,14.650479],[105.519127,14.65615],[105.516214,14.659275],[105.516214,14.665641],[105.518804,14.670502],[105.527436,14.679761],[105.519235,14.690062],[105.515458,14.697238],[105.522473,14.700016],[105.524847,14.704414],[105.524631,14.709043],[105.520638,14.715293],[105.521933,14.718303],[105.521393,14.728256],[105.528192,14.730224],[105.53758,14.731381],[105.54686,14.730802],[105.543083,14.739367],[105.537688,14.740525],[105.5324,14.739367],[105.527652,14.742029],[105.522473,14.748048],[105.512869,14.753256],[105.517832,14.762052],[105.512653,14.76564],[105.514811,14.774436],[105.52053,14.776867],[105.524954,14.78358],[105.516753,14.789946],[105.511358,14.799321],[105.515458,14.80476],[105.517832,14.81101],[105.519019,14.822584],[105.521286,14.824089],[105.53704,14.818996],[105.544486,14.83057],[105.552903,14.834158],[105.559378,14.841334],[105.551176,14.84689],[105.54686,14.858232],[105.543623,14.861241],[105.546752,14.869922],[105.5515,14.874204],[105.559593,14.875709],[105.569845,14.880339],[105.579988,14.878602],[105.577398,14.895963],[105.569629,14.906033],[105.565313,14.909505],[105.558406,14.923741],[105.551932,14.92351],[105.546321,14.925361],[105.553227,14.941333],[105.553119,14.951403],[105.556572,14.955338],[105.56186,14.953833],[105.567471,14.955107],[105.569737,14.95013],[105.581823,14.941565],[105.584736,14.942028],[105.588189,14.94932],[105.596714,14.962514],[105.606642,14.965407],[105.607289,14.970153],[105.617865,14.971657],[105.624555,14.975245],[105.613764,14.983579],[105.608153,14.991565],[105.60416,14.993995],[105.587974,14.996426],[105.583226,14.998625],[105.575348,14.998046],[105.573622,15.000477],[105.57265,15.012282],[105.573945,15.015407],[105.571787,15.02131],[105.564989,15.024203],[105.561967,15.029875],[105.55204,15.030685],[105.54686,15.038671],[105.546752,15.044458],[105.550853,15.046425],[105.55463,15.052212],[105.55614,15.058231],[105.553443,15.065291],[105.549126,15.064597],[105.543299,15.069921],[105.538767,15.068185],[105.537256,15.064134],[105.532832,15.066101],[105.52776,15.062513],[105.518372,15.065638],[105.514595,15.069573],[105.51384,15.078254],[105.515458,15.085546],[105.50456,15.089018],[105.497222,15.093416],[105.488913,15.094342],[105.481791,15.100244],[105.485244,15.108925],[105.485244,15.114249],[105.479956,15.119342],[105.470352,15.124434],[105.467655,15.13242],[105.474992,15.136471],[105.48028,15.144457],[105.485783,15.149897],[105.474777,15.155452],[105.469273,15.159156],[105.471323,15.165522],[105.476719,15.166564],[105.47823,15.169804],[105.474237,15.178022],[105.48233,15.186587],[105.486755,15.188786],[105.491718,15.196193],[105.493769,15.203485],[105.50456,15.210429],[105.508552,15.211355],[105.511574,15.216795],[105.514919,15.218184],[105.524631,15.235082],[105.531645,15.240637],[105.531645,15.243994],[105.536609,15.245845],[105.540278,15.251632],[105.544918,15.2536],[105.555493,15.254179],[105.556356,15.258924],[105.560349,15.261355],[105.565744,15.261007],[105.575348,15.258345],[105.583873,15.260429],[105.592182,15.275012],[105.585815,15.29029],[105.58506,15.297118],[105.582147,15.306262],[105.584844,15.315521],[105.577506,15.320729],[105.574269,15.328599],[105.564449,15.324317],[105.55204,15.321887],[105.542544,15.32397],[105.534451,15.323738],[105.51848,15.321655],[105.511466,15.31772],[105.503912,15.315868],[105.502617,15.319803],[105.496358,15.321192],[105.485891,15.330104],[105.476179,15.334039],[105.471539,15.337859],[105.467655,15.348044],[105.469921,15.356261],[105.476179,15.368646],[105.484381,15.375937],[105.493121,15.385775],[105.525494,15.393182],[105.542328,15.392604],[105.556356,15.398969],[105.56132,15.398854],[105.577614,15.407534],[105.585923,15.415983],[105.591643,15.425474],[105.597254,15.442256],[105.597038,15.455798],[105.597901,15.463321],[105.60157,15.470149],[105.602973,15.47964],[105.596175,15.499779],[105.593261,15.505566],[105.594017,15.512973],[105.606534,15.538668],[105.608261,15.546422],[105.621857,15.55788],[105.625418,15.565056],[105.628224,15.578714],[105.627361,15.594801],[105.629303,15.608343],[105.631893,15.618644],[105.636749,15.632648],[105.636965,15.646421],[105.634591,15.662972],[105.624447,15.67906],[105.612577,15.688667],[105.608045,15.696653],[105.602757,15.716907],[105.600491,15.721305],[105.593477,15.726051],[105.574377,15.734152],[105.564341,15.736699],[105.560241,15.738898],[105.557004,15.746074],[105.551176,15.750472],[105.53704,15.748273],[105.533048,15.74862],[105.524847,15.755333],[105.515135,15.757879],[105.512005,15.763666],[105.508013,15.766675],[105.499812,15.76737],[105.494524,15.765634],[105.488373,15.760773],[105.475532,15.753018],[105.467547,15.745726],[105.459561,15.747231],[105.43949,15.754291],[105.431505,15.758226],[105.426649,15.765981],[105.420714,15.773041],[105.419095,15.779754],[105.420822,15.786698],[105.414024,15.793296],[105.400535,15.795726],[105.391578,15.80811],[105.390176,15.815055],[105.389636,15.82848],[105.385535,15.837161],[105.377118,15.850818],[105.371507,15.865402],[105.360177,15.887855],[105.352083,15.907068],[105.343451,15.913086],[105.342695,15.920031],[105.343774,15.925702],[105.347335,15.930447],[105.349602,15.942021],[105.352623,15.946188],[105.362227,15.954174],[105.366651,15.967253],[105.372586,15.971767],[105.376039,15.982646],[105.386722,15.987276],[105.391039,15.990516],[105.395679,15.991095],[105.405607,15.987854],[105.416074,15.985771],[105.421038,15.986929],[105.426001,15.991905],[105.424059,16.000239],[105.424383,16.004984],[105.418016,16.012044],[105.408952,16.016211],[105.387694,16.019104],[105.362874,16.021535],[105.35327,16.029174],[105.334494,16.030215],[105.311941,16.029984],[105.309351,16.034035],[105.30428,16.037044],[105.296294,16.039127],[105.286151,16.039243],[105.266835,16.043757],[105.238131,16.044567],[105.224966,16.04665],[105.212341,16.049544],[105.183637,16.059497],[105.164753,16.067599],[105.15353,16.070261],[105.147595,16.074659],[105.138099,16.075585],[105.133459,16.079868],[105.124394,16.080099],[105.118891,16.077784],[105.113172,16.08334],[105.102381,16.090516],[105.097093,16.09121],[105.087166,16.0904],[105.085331,16.086581],[105.080044,16.087622],[105.060296,16.098155],[105.056627,16.093294],[105.050476,16.095261],[105.042707,16.094682],[105.03634,16.084845],[105.035261,16.078016],[105.028895,16.072576],[105.028031,16.066095],[105.025334,16.063548],[105.025873,16.056025],[105.015514,16.040748],[105.007097,16.033225],[105.003212,16.020493],[105.004831,16.009382],[105.009903,15.99966],[105.020478,15.99422],[105.024686,15.987507],[105.025334,15.980331],[105.022636,15.974776],[105.012384,15.96598],[104.998248,15.946998],[105.004183,15.938896],[105.003752,15.934614],[104.995766,15.918179],[104.982601,15.901165],[104.977961,15.884846],[104.97494,15.877207],[104.963394,15.861003],[104.963717,15.844221],[104.965336,15.831605],[104.963394,15.82848],[104.966523,15.818758],[104.966415,15.811004],[104.958322,15.789013],[104.939438,15.77686],[104.922172,15.76899],[104.918179,15.767948],[104.907389,15.761351],[104.903504,15.751976],[104.902856,15.747115],[104.906202,15.738666],[104.905986,15.724314],[104.897461,15.708574],[104.896813,15.699199],[104.89131,15.689824],[104.895411,15.669685],[104.894979,15.653482],[104.910302,15.64781],[104.924978,15.643528],[104.928647,15.645033],[104.933503,15.639824],[104.92951,15.635658],[104.931237,15.630681],[104.927028,15.625936],[104.930265,15.618528],[104.926596,15.617949],[104.924222,15.60788],[104.927028,15.604061],[104.924114,15.600473],[104.918287,15.60163],[104.913971,15.597463],[104.905338,15.593413],[104.90318,15.589825],[104.896705,15.5867],[104.89185,15.577556],[104.887533,15.576167],[104.884512,15.572001],[104.890555,15.568876],[104.895087,15.56332],[104.890986,15.561931],[104.891202,15.555566],[104.883001,15.547348],[104.879008,15.537394],[104.870591,15.542834],[104.874152,15.546654],[104.869081,15.550589],[104.866383,15.555218],[104.86552,15.562047],[104.870915,15.560658],[104.876311,15.563899],[104.869404,15.567834],[104.866275,15.574894],[104.862282,15.577672],[104.850844,15.578135],[104.84847,15.574547],[104.84383,15.577788],[104.844046,15.584501],[104.837787,15.581028],[104.838326,15.590751],[104.830341,15.591561],[104.827104,15.585774],[104.82268,15.585774],[104.809838,15.604292],[104.804119,15.601283],[104.803687,15.594454],[104.797429,15.594454],[104.793868,15.601399],[104.786638,15.604755],[104.78912,15.608227],[104.785235,15.612394],[104.787933,15.620959],[104.781674,15.618644],[104.778868,15.621306],[104.777573,15.628366],[104.769696,15.630102],[104.763869,15.636352],[104.759337,15.634616],[104.754912,15.639593],[104.745956,15.645611],[104.742179,15.658111],[104.736676,15.655681],[104.733115,15.649662],[104.722755,15.65406],[104.720489,15.657648],[104.714446,15.660658],[104.700526,15.657301],[104.694591,15.658111],[104.684555,15.670264],[104.675275,15.674083],[104.667937,15.675819],[104.662542,15.674662],[104.650564,15.678366],[104.646032,15.678597],[104.644305,15.6845],[104.641392,15.687162],[104.634809,15.686815],[104.622939,15.688667],[104.611501,15.683343],[104.6074,15.679986],[104.602113,15.672],[104.6074,15.665287],[104.617328,15.662625],[104.623371,15.664361],[104.629198,15.662741],[104.633946,15.655796],[104.637507,15.647],[104.630493,15.643528],[104.625961,15.645264],[104.622292,15.641792],[104.617436,15.642023],[104.613983,15.639014],[104.612148,15.631375],[104.616465,15.624778],[104.609774,15.615982],[104.603515,15.612625],[104.594235,15.611815],[104.582473,15.606723],[104.578696,15.602556],[104.57902,15.594223],[104.583984,15.589709],[104.58571,15.582649],[104.586358,15.56957],[104.585171,15.565866],[104.576214,15.565056],[104.5651,15.556723],[104.556575,15.556839],[104.552798,15.555218],[104.551827,15.551167],[104.546539,15.542255],[104.542223,15.544455],[104.536504,15.551746],[104.528087,15.550589],[104.525389,15.555566],[104.512008,15.563899],[104.508231,15.567834],[104.500462,15.56876],[104.501109,15.561584],[104.499059,15.557765],[104.494311,15.555681],[104.492908,15.552325],[104.484599,15.547001],[104.485031,15.539825],[104.480283,15.536931],[104.473269,15.540172],[104.470463,15.543644],[104.465499,15.54295],[104.458917,15.546538],[104.452118,15.546422],[104.441651,15.554755],[104.4355,15.548505],[104.430968,15.538783],[104.42827,15.539941],[104.419422,15.53589],[104.413379,15.536006],[104.40507,15.540751],[104.399351,15.545959],[104.38597,15.536237],[104.383272,15.527557],[104.38543,15.525705],[104.385215,15.51633],[104.387049,15.511584],[104.383596,15.49376],[104.388668,15.488668],[104.379495,15.473853],[104.371618,15.458113],[104.38543,15.444339],[104.387481,15.42883],[104.387804,15.414594],[104.392013,15.405682],[104.384135,15.401631],[104.382301,15.394803],[104.389747,15.386932],[104.397516,15.386585],[104.405286,15.389016],[104.4123,15.380567],[104.417156,15.366909],[104.426544,15.369108],[104.433666,15.367951],[104.436364,15.374085],[104.438522,15.360196],[104.437119,15.354641],[104.43345,15.348854],[104.435716,15.344919],[104.442838,15.348738],[104.445968,15.347234],[104.44586,15.341678],[104.435069,15.333924],[104.433018,15.328484],[104.425033,15.325937],[104.413163,15.329757],[104.408307,15.32235],[104.406689,15.289248],[104.416832,15.286123],[104.432371,15.283924],[104.446831,15.280915],[104.459564,15.276054],[104.467873,15.269109],[104.475751,15.267489],[104.504239,15.26772],[104.508231,15.262165],[104.51708,15.25522],[104.522583,15.252674],[104.539957,15.252558],[104.545136,15.251748],[104.575135,15.252674],[104.581394,15.257304],[104.587221,15.264711],[104.594019,15.267836],[104.601789,15.269109],[104.60535,15.272813],[104.607076,15.27941],[104.613443,15.275475],[104.613443,15.266331],[104.618839,15.264595],[104.618191,15.272813],[104.621644,15.275475],[104.630709,15.270151],[104.635349,15.269804],[104.642471,15.272466],[104.644089,15.269456],[104.645708,15.249896],[104.644305,15.244804],[104.647327,15.238554],[104.656715,15.239248],[104.652938,15.244225],[104.652614,15.248392],[104.658333,15.251169],[104.659736,15.258693],[104.6647,15.257767],[104.670203,15.253137],[104.672254,15.247119],[104.678728,15.234271],[104.678405,15.227558],[104.683153,15.223739],[104.692972,15.22617],[104.695562,15.220267],[104.686066,15.21992],[104.682289,15.217605],[104.683153,15.211818],[104.689303,15.207072],[104.692001,15.203137],[104.696857,15.203716],[104.703332,15.200938],[104.703763,15.195961],[104.699879,15.193415],[104.698799,15.189017],[104.701929,15.185776],[104.707864,15.186934],[104.711209,15.193415],[104.714662,15.19492],[104.718331,15.190637],[104.71477,15.183924],[104.708619,15.182188],[104.703224,15.178369],[104.698692,15.171309],[104.697397,15.162976],[104.699447,15.157304],[104.70808,15.159388],[104.721892,15.16992],[104.726964,15.171077],[104.73441,15.167374],[104.736676,15.163786],[104.734518,15.158114],[104.719626,15.147582],[104.701821,15.129642],[104.689411,15.128138],[104.685527,15.12374],[104.680671,15.12374],[104.680563,15.117837],[104.676246,15.114133],[104.680887,15.109504],[104.675167,15.105684],[104.670203,15.098508],[104.671714,15.094689],[104.678944,15.09492],[104.681102,15.100823],[104.688872,15.099897],[104.685311,15.094689],[104.678836,15.089249],[104.683692,15.085893],[104.69308,15.082421],[104.68639,15.074087],[104.686282,15.064134],[104.689303,15.061124],[104.68121,15.046194],[104.686174,15.044226],[104.679807,15.035546],[104.677433,15.039597],[104.673009,15.038208],[104.671175,15.033694],[104.673872,15.029527],[104.67193,15.020268],[104.677433,15.018069],[104.676894,15.014713],[104.68434,15.004643],[104.683153,15.000824],[104.685203,14.994921],[104.681966,14.987514],[104.684448,14.985893],[104.682181,14.977213],[104.687145,14.972005],[104.68844,14.967028],[104.683908,14.955107],[104.687901,14.945847],[104.696102,14.941565],[104.699771,14.936009],[104.704627,14.936357],[104.719626,14.931496],[104.720058,14.92675],[104.727503,14.931611],[104.727288,14.934273],[104.733007,14.937514],[104.740345,14.933347],[104.744014,14.927676],[104.754373,14.920269],[104.762682,14.920616],[104.761711,14.913903],[104.768509,14.91344],[104.771638,14.911357],[104.777897,14.898857],[104.783508,14.897352],[104.805306,14.897815],[104.804767,14.892028],[104.806925,14.886936],[104.810702,14.883348],[104.811565,14.874667],[104.810486,14.868996],[104.812536,14.866102],[104.814263,14.857769],[104.810917,14.852214],[104.81027,14.844922],[104.813939,14.838904],[104.814047,14.833811],[104.806601,14.830339],[104.801745,14.823626],[104.797645,14.815177],[104.798076,14.804992],[104.804443,14.800709],[104.814478,14.790872],[104.81696,14.785085],[104.817824,14.777909],[104.817068,14.764714],[104.818471,14.756844],[104.822032,14.750825],[104.833686,14.741913],[104.842427,14.737284],[104.843938,14.72814],[104.849981,14.71865],[104.867894,14.703719],[104.876634,14.699784],[104.877929,14.686821],[104.876634,14.684391],[104.877066,14.672007],[104.881274,14.665178],[104.885699,14.662747],[104.890447,14.654067],[104.878469,14.656845],[104.87685,14.661011],[104.870807,14.66078],[104.863254,14.662747],[104.856887,14.658118],[104.852355,14.66078],[104.847499,14.652099],[104.847391,14.647585],[104.841132,14.642493],[104.838003,14.63659],[104.836168,14.621197],[104.832607,14.6124],[104.828291,14.610433],[104.825701,14.599785],[104.828507,14.596428],[104.825917,14.592262],[104.826241,14.586012],[104.828938,14.582077],[104.827751,14.5771],[104.823543,14.575364],[104.825054,14.57004],[104.819658,14.563905],[104.821061,14.561128],[104.816852,14.554878],[104.816313,14.550943],[104.820521,14.548975],[104.822032,14.538906],[104.826456,14.536707],[104.828291,14.53173],[104.837032,14.523975],[104.839406,14.519577],[104.844693,14.516799],[104.851168,14.507772],[104.861959,14.499091],[104.858506,14.481614],[104.86034,14.47386],[104.859045,14.47085],[104.851168,14.466452],[104.850736,14.46217],[104.845664,14.457193],[104.845125,14.453489],[104.832068,14.447471],[104.828507,14.442957],[104.835413,14.433003],[104.838434,14.426869],[104.850089,14.42548],[104.859908,14.429994],[104.86552,14.429647],[104.867678,14.433119],[104.876418,14.437054],[104.882354,14.429878],[104.896382,14.416568],[104.906741,14.411707],[104.908468,14.405226],[104.907173,14.399207]]]}},{"type":"Feature","id":"TH35","bbox":[104.000193,15.289248,104.824622,16.348847],"properties":{"ADM1_PCODE":"TH35","ADM1_TH":"ยโสธร","ADM1_EN":"Yasothon"},"geometry":{"type":"Polygon","coordinates":[[[104.766027,16.196534],[104.758473,16.200816],[104.754049,16.198038],[104.748006,16.202899],[104.737863,16.201973],[104.716497,16.203941],[104.709159,16.210307],[104.70495,16.207182],[104.697936,16.213432],[104.692325,16.215515],[104.692757,16.223848],[104.690706,16.226626],[104.681966,16.225469],[104.66988,16.230445],[104.666642,16.234728],[104.664053,16.24283],[104.660492,16.237274],[104.65801,16.225932],[104.654341,16.224543],[104.646895,16.218061],[104.640205,16.214473],[104.629198,16.211233],[104.613227,16.216557],[104.608803,16.223501],[104.602652,16.224543],[104.60071,16.229635],[104.600494,16.238894],[104.59758,16.242019],[104.58571,16.237158],[104.57848,16.243061],[104.574919,16.249774],[104.572545,16.259149],[104.555927,16.261464],[104.558625,16.27026],[104.560891,16.2882],[104.557114,16.293061],[104.551071,16.306371],[104.5501,16.312505],[104.54136,16.313894],[104.537043,16.318176],[104.530245,16.31563],[104.521288,16.31482],[104.510821,16.316903],[104.508339,16.321417],[104.508123,16.328709],[104.503483,16.334033],[104.503807,16.337621],[104.4928,16.34144],[104.481901,16.342135],[104.473377,16.345607],[104.466147,16.344797],[104.458269,16.341903],[104.452658,16.343408],[104.437874,16.344681],[104.424709,16.346996],[104.420609,16.345144],[104.406904,16.346996],[104.399998,16.346533],[104.389315,16.348847],[104.374963,16.342366],[104.366546,16.340861],[104.351655,16.329403],[104.347986,16.323153],[104.344101,16.315746],[104.34108,16.296764],[104.343777,16.292251],[104.335468,16.281024],[104.330936,16.278246],[104.328778,16.271649],[104.322627,16.264936],[104.31162,16.258223],[104.305577,16.257413],[104.296945,16.252899],[104.296729,16.238779],[104.283348,16.232529],[104.276981,16.22651],[104.269859,16.227089],[104.257989,16.224543],[104.250004,16.219103],[104.249141,16.203825],[104.245472,16.199311],[104.246335,16.192136],[104.238458,16.187043],[104.236839,16.18033],[104.228962,16.171881],[104.230149,16.169219],[104.221192,16.160654],[104.210941,16.157298],[104.20738,16.164242],[104.198639,16.15614],[104.199502,16.152552],[104.189143,16.14746],[104.180942,16.149775],[104.173496,16.147691],[104.166266,16.142715],[104.163137,16.131604],[104.156986,16.130909],[104.151806,16.11783],[104.147598,16.11702],[104.137239,16.110192],[104.130224,16.114243],[104.1258,16.112159],[104.122671,16.116905],[104.114793,16.11459],[104.111556,16.107182],[104.10875,16.106719],[104.107348,16.097692],[104.100118,16.092946],[104.1026,16.086812],[104.100441,16.085423],[104.095262,16.074891],[104.099254,16.069683],[104.098283,16.058919],[104.100873,16.056141],[104.101952,16.049544],[104.109182,16.045724],[104.112743,16.041674],[104.113714,16.032299],[104.110153,16.03091],[104.111556,16.02084],[104.107995,16.013549],[104.102276,16.006257],[104.107132,15.996882],[104.106916,15.990979],[104.102923,15.984151],[104.094075,15.977669],[104.088679,15.979174],[104.081773,15.978595],[104.08091,15.981952],[104.07055,15.982183],[104.058141,15.986813],[104.042818,15.983456],[104.036343,15.984266],[104.0303,15.981952],[104.027279,15.977438],[104.022639,15.975239],[104.02156,15.971188],[104.016056,15.966095],[104.015517,15.960193],[104.0112,15.958109],[104.012171,15.953248],[104.016164,15.949197],[104.019941,15.955447],[104.025552,15.959845],[104.03289,15.948271],[104.035912,15.939128],[104.03289,15.92929],[104.030192,15.928133],[104.02825,15.920147],[104.022423,15.911119],[104.015517,15.911698],[104.019401,15.906026],[104.016812,15.901628],[104.015085,15.886813],[104.019941,15.884383],[104.023718,15.878827],[104.027603,15.87686],[104.02307,15.871073],[104.030624,15.868295],[104.025121,15.86436],[104.027603,15.852902],[104.018538,15.846883],[104.02048,15.839476],[104.014977,15.840517],[104.010229,15.832068],[104.009042,15.821768],[104.005697,15.817485],[104.002891,15.803944],[104.000193,15.797925],[104.001596,15.795032],[104.009258,15.794337],[104.02307,15.798851],[104.033322,15.796073],[104.03753,15.797578],[104.046487,15.804059],[104.058357,15.811004],[104.065695,15.812508],[104.077241,15.819106],[104.079291,15.82524],[104.072817,15.824661],[104.069687,15.829522],[104.070227,15.836929],[104.077133,15.838666],[104.091161,15.828249],[104.096772,15.825008],[104.106592,15.81436],[104.111017,15.806953],[104.12116,15.80487],[104.127311,15.801513],[104.131843,15.801397],[104.136375,15.796652],[104.139505,15.784152],[104.134217,15.779522],[104.133138,15.773967],[104.127743,15.7698],[104.134541,15.753481],[104.14026,15.754175],[104.140476,15.74862],[104.134217,15.746074],[104.132275,15.74237],[104.133678,15.73612],[104.127527,15.719916],[104.127958,15.704523],[104.119865,15.705796],[104.118031,15.702092],[104.123858,15.69619],[104.130009,15.697231],[104.136483,15.705449],[104.139181,15.711236],[104.142418,15.708227],[104.143929,15.702671],[104.150727,15.69862],[104.15213,15.69075],[104.162921,15.68693],[104.167777,15.678134],[104.16864,15.673157],[104.176733,15.671653],[104.175223,15.66656],[104.177813,15.664245],[104.183963,15.668296],[104.187093,15.666792],[104.187093,15.659269],[104.181158,15.656607],[104.174899,15.661583],[104.171446,15.656607],[104.173604,15.647232],[104.178352,15.640519],[104.178136,15.637857],[104.171338,15.635658],[104.171338,15.631375],[104.178784,15.630681],[104.187416,15.633574],[104.191085,15.628366],[104.183424,15.623852],[104.182237,15.620149],[104.187848,15.616213],[104.189251,15.609385],[104.193891,15.613551],[104.202308,15.615287],[104.209322,15.618297],[104.213099,15.613667],[104.209538,15.609037],[104.187848,15.606144],[104.186229,15.603482],[104.174575,15.603945],[104.161087,15.602903],[104.155583,15.598852],[104.122023,15.577788],[104.121268,15.574315],[104.123426,15.567718],[104.121807,15.563089],[104.128606,15.560427],[104.130548,15.556839],[104.134109,15.538436],[104.141231,15.528598],[104.13508,15.525473],[104.132275,15.514131],[104.134865,15.509038],[104.147814,15.498506],[104.156339,15.488205],[104.16918,15.477441],[104.172201,15.465173],[104.174359,15.4617],[104.180294,15.462395],[104.193675,15.457302],[104.197452,15.454525],[104.20479,15.440404],[104.215041,15.42721],[104.221192,15.417025],[104.232846,15.403136],[104.233925,15.397812],[104.241155,15.381377],[104.247198,15.375127],[104.25745,15.371539],[104.262629,15.37177],[104.272989,15.364595],[104.280327,15.357766],[104.290686,15.354294],[104.293923,15.347349],[104.300398,15.345498],[104.304606,15.342141],[104.313131,15.34191],[104.321008,15.346771],[104.334389,15.343761],[104.339785,15.345845],[104.34572,15.342951],[104.353705,15.344456],[104.3591,15.336007],[104.366546,15.328947],[104.368704,15.321771],[104.374963,15.322465],[104.376474,15.327789],[104.38338,15.329641],[104.388128,15.32235],[104.388128,15.312743],[104.385862,15.308229],[104.385538,15.302095],[104.382193,15.294688],[104.406689,15.289248],[104.408307,15.32235],[104.413163,15.329757],[104.425033,15.325937],[104.433018,15.328484],[104.435069,15.333924],[104.44586,15.341678],[104.445968,15.347234],[104.442838,15.348738],[104.435716,15.344919],[104.43345,15.348854],[104.437119,15.354641],[104.438522,15.360196],[104.436364,15.374085],[104.433666,15.367951],[104.426544,15.369108],[104.417156,15.366909],[104.4123,15.380567],[104.405286,15.389016],[104.397516,15.386585],[104.389747,15.386932],[104.382301,15.394803],[104.384135,15.401631],[104.392013,15.405682],[104.387804,15.414594],[104.387481,15.42883],[104.38543,15.444339],[104.371618,15.458113],[104.379495,15.473853],[104.388668,15.488668],[104.383596,15.49376],[104.387049,15.511584],[104.385215,15.51633],[104.38543,15.525705],[104.383272,15.527557],[104.38597,15.536237],[104.399351,15.545959],[104.40507,15.540751],[104.413379,15.536006],[104.419422,15.53589],[104.42827,15.539941],[104.430968,15.538783],[104.4355,15.548505],[104.441651,15.554755],[104.452118,15.546422],[104.458917,15.546538],[104.465499,15.54295],[104.470463,15.543644],[104.473269,15.540172],[104.480283,15.536931],[104.485031,15.539825],[104.484599,15.547001],[104.492908,15.552325],[104.494311,15.555681],[104.499059,15.557765],[104.501109,15.561584],[104.500462,15.56876],[104.508231,15.567834],[104.512008,15.563899],[104.511037,15.571075],[104.506613,15.578135],[104.505318,15.586931],[104.494311,15.58994],[104.490103,15.593644],[104.481362,15.591214],[104.484383,15.586352],[104.4737,15.586931],[104.469384,15.589014],[104.462262,15.589246],[104.45924,15.593297],[104.467334,15.601746],[104.46647,15.605797],[104.461938,15.606607],[104.461399,15.611699],[104.465607,15.61413],[104.466686,15.621885],[104.464204,15.628366],[104.452658,15.622232],[104.450176,15.617949],[104.442622,15.624547],[104.44327,15.631375],[104.447478,15.636236],[104.438953,15.641445],[104.441112,15.64781],[104.446075,15.65406],[104.44532,15.661583],[104.440788,15.666329],[104.444996,15.673736],[104.439925,15.678829],[104.443701,15.683343],[104.439817,15.688088],[104.439385,15.700356],[104.428594,15.699546],[104.422875,15.700935],[104.419314,15.705912],[104.42363,15.711467],[104.426436,15.718065],[104.422659,15.723273],[104.425788,15.725356],[104.427947,15.732648],[104.431292,15.737393],[104.423199,15.740171],[104.42212,15.748736],[104.425573,15.752902],[104.429889,15.749662],[104.434313,15.752671],[104.430321,15.760194],[104.432371,15.764361],[104.429026,15.767717],[104.42827,15.77524],[104.433342,15.787046],[104.431292,15.79237],[104.435069,15.794684],[104.435824,15.799198],[104.440788,15.803944],[104.435932,15.808573],[104.437011,15.812971],[104.446291,15.820031],[104.447478,15.828828],[104.451039,15.836582],[104.460104,15.842485],[104.456543,15.852554],[104.457082,15.858804],[104.449636,15.865402],[104.450068,15.871189],[104.456974,15.875355],[104.45255,15.882068],[104.458269,15.891212],[104.454816,15.901165],[104.467981,15.902901],[104.470355,15.910656],[104.465175,15.912855],[104.473916,15.924197],[104.477261,15.926512],[104.481901,15.934846],[104.485031,15.933572],[104.490103,15.9426],[104.495606,15.943642],[104.496901,15.949197],[104.50521,15.951859],[104.502296,15.963896],[104.505965,15.967253],[104.504778,15.972693],[104.501757,15.975933],[104.508771,15.983688],[104.514382,15.983341],[104.521612,15.986003],[104.528087,15.998271],[104.532835,16.000817],[104.527331,16.008225],[104.522583,16.009845],[104.524094,16.015632],[104.518375,16.020377],[104.515245,16.025354],[104.531,16.038664],[104.531648,16.04341],[104.536612,16.044914],[104.534022,16.056373],[104.538338,16.05996],[104.542007,16.066095],[104.542762,16.071303],[104.549669,16.076511],[104.55269,16.084034],[104.55787,16.088317],[104.561862,16.098502],[104.567582,16.100701],[104.579775,16.100354],[104.591753,16.106951],[104.597472,16.106951],[104.609666,16.114358],[104.612256,16.113895],[104.6224,16.12327],[104.627255,16.120492],[104.636752,16.121997],[104.646787,16.122113],[104.656175,16.120492],[104.659197,16.122807],[104.664376,16.12246],[104.66934,16.118062],[104.678728,16.120377],[104.687469,16.11459],[104.70236,16.113664],[104.706353,16.108456],[104.720381,16.106604],[104.722108,16.103826],[104.732899,16.102437],[104.749193,16.103479],[104.757826,16.102669],[104.76948,16.105099],[104.776063,16.110076],[104.776818,16.112738],[104.783616,16.113085],[104.78858,16.104057],[104.797645,16.100817],[104.802824,16.094798],[104.81081,16.095493],[104.813939,16.098618],[104.812644,16.103594],[104.815558,16.115516],[104.816313,16.122692],[104.815234,16.130562],[104.821061,16.137391],[104.824298,16.150006],[104.824622,16.155909],[104.811673,16.158687],[104.802932,16.164126],[104.798832,16.159728],[104.789228,16.157414],[104.786314,16.162622],[104.782861,16.175237],[104.772825,16.187622],[104.76689,16.189473],[104.766027,16.196534]]]}},{"type":"Feature","id":"TH36","bbox":[101.317564,15.331377,102.458814,16.728822],"properties":{"ADM1_PCODE":"TH36","ADM1_TH":"ชัยภูมิ","ADM1_EN":"Chaiyaphum"},"geometry":{"type":"Polygon","coordinates":[[[101.75082,16.667827],[101.743914,16.669447],[101.741324,16.660651],[101.737547,16.66204],[101.730965,16.657642],[101.731073,16.652781],[101.724167,16.652086],[101.716937,16.656947],[101.710354,16.666901],[101.704851,16.66991],[101.699995,16.677549],[101.694707,16.682989],[101.686614,16.684609],[101.681435,16.688081],[101.670859,16.687503],[101.655968,16.688892],[101.649493,16.686692],[101.645932,16.683336],[101.635573,16.680443],[101.630285,16.684262],[101.62694,16.683336],[101.618847,16.685419],[101.613883,16.690859],[101.604711,16.706137],[101.601258,16.707526],[101.590467,16.708336],[101.591438,16.717016],[101.585611,16.722688],[101.574065,16.72234],[101.56295,16.725697],[101.559928,16.728822],[101.553238,16.727549],[101.551943,16.71528],[101.553022,16.711345],[101.558849,16.704864],[101.560792,16.697919],[101.570504,16.691785],[101.571799,16.680327],[101.575683,16.671878],[101.578705,16.670026],[101.577086,16.660998],[101.573309,16.655906],[101.571691,16.648151],[101.564892,16.64792],[101.561008,16.654054],[101.557339,16.654517],[101.548706,16.66285],[101.546332,16.667827],[101.537699,16.665975],[101.536188,16.670257],[101.529282,16.675697],[101.525937,16.680095],[101.520002,16.679401],[101.513419,16.681137],[101.510506,16.67697],[101.513959,16.672804],[101.512017,16.669679],[101.511801,16.662503],[101.508995,16.657295],[101.513851,16.641554],[101.523131,16.632873],[101.526261,16.621762],[101.524534,16.618059],[101.518599,16.619216],[101.506405,16.616207],[101.499931,16.608915],[101.501657,16.600003],[101.500902,16.588429],[101.498744,16.5838],[101.49896,16.576392],[101.494212,16.570952],[101.498744,16.569332],[101.498744,16.563198],[101.50565,16.556832],[101.509535,16.557642],[101.51957,16.549541],[101.510074,16.54248],[101.507916,16.54468],[101.502844,16.539355],[101.493888,16.537156],[101.478025,16.523962],[101.475435,16.529749],[101.471982,16.528939],[101.471335,16.523615],[101.465939,16.519101],[101.464644,16.508337],[101.466803,16.504171],[101.463997,16.50093],[101.469716,16.491786],[101.473385,16.488546],[101.474356,16.48137],[101.472198,16.476277],[101.467666,16.47512],[101.465616,16.46887],[101.46076,16.461578],[101.455904,16.460421],[101.450508,16.455791],[101.44835,16.444101],[101.444249,16.438199],[101.431192,16.434379],[101.424718,16.429981],[101.423855,16.425815],[101.418567,16.422805],[101.419754,16.41262],[101.416409,16.408338],[101.406913,16.407875],[101.405618,16.403477],[101.40087,16.401625],[101.409718,16.389935],[101.409071,16.383106],[101.405294,16.377898],[101.399359,16.376972],[101.39364,16.373616],[101.393316,16.366787],[101.38436,16.361695],[101.382202,16.354634],[101.377777,16.3485],[101.378964,16.343176],[101.376482,16.324426],[101.379288,16.318408],[101.374972,16.311],[101.37508,16.307181],[101.367742,16.292019],[101.368281,16.28357],[101.370979,16.280329],[101.366015,16.270029],[101.358138,16.268408],[101.354793,16.260885],[101.356195,16.25695],[101.361051,16.253478],[101.364612,16.245839],[101.373569,16.241556],[101.370655,16.232645],[101.366878,16.227089],[101.375295,16.213432],[101.372706,16.207066],[101.375187,16.196765],[101.380043,16.189589],[101.37713,16.185307],[101.371626,16.182761],[101.362238,16.182761],[101.359648,16.176279],[101.356519,16.173733],[101.352958,16.162969],[101.344865,16.157876],[101.342599,16.151627],[101.339685,16.121418],[101.33688,16.117946],[101.339146,16.109381],[101.33893,16.104057],[101.334506,16.101395],[101.33634,16.096882],[101.333642,16.093409],[101.346052,16.06922],[101.353066,16.067368],[101.364936,16.074891],[101.367202,16.045261],[101.3699,16.039359],[101.376267,16.01297],[101.377777,15.989359],[101.375727,15.978827],[101.374864,15.964822],[101.375835,15.961119],[101.372274,15.955332],[101.370871,15.939475],[101.366231,15.935077],[101.360728,15.923387],[101.367094,15.921304],[101.374,15.921767],[101.369792,15.90973],[101.362778,15.907762],[101.361699,15.900239],[101.35544,15.894337],[101.354037,15.890401],[101.348318,15.886235],[101.338606,15.886813],[101.332455,15.881721],[101.332455,15.873735],[101.328786,15.858226],[101.325765,15.852091],[101.332455,15.849082],[101.329758,15.840749],[101.32447,15.837161],[101.325117,15.831258],[101.330189,15.831027],[101.327276,15.819453],[101.323607,15.814592],[101.323283,15.810078],[101.326952,15.806027],[101.328571,15.80024],[101.320477,15.796768],[101.317564,15.791791],[101.329434,15.784152],[101.332563,15.773851],[101.33634,15.765865],[101.33634,15.753018],[101.340656,15.756143],[101.351124,15.748504],[101.359972,15.746074],[101.363749,15.742717],[101.381446,15.736814],[101.386302,15.737972],[101.390942,15.745611],[101.400222,15.742023],[101.403783,15.738435],[101.400978,15.72906],[101.396877,15.721305],[101.400222,15.713088],[101.399791,15.701861],[101.395259,15.691097],[101.394719,15.678366],[101.392669,15.673968],[101.389,15.656607],[101.379288,15.637047],[101.374648,15.618644],[101.374108,15.613436],[101.370655,15.598274],[101.369684,15.584964],[101.370008,15.571422],[101.373137,15.556723],[101.374216,15.530681],[101.373677,15.527557],[101.375943,15.517603],[101.378641,15.511584],[101.384144,15.490057],[101.385763,15.486469],[101.384791,15.467719],[101.382094,15.456608],[101.377777,15.43346],[101.378101,15.409155],[101.377238,15.404409],[101.377777,15.389826],[101.380367,15.385891],[101.376051,15.379178],[101.376374,15.3639],[101.377993,15.353252],[101.382525,15.339016],[101.381986,15.331377],[101.386086,15.332303],[101.416625,15.332072],[101.42461,15.339016],[101.433459,15.341215],[101.435401,15.34816],[101.443818,15.350706],[101.461515,15.35059],[101.500686,15.356377],[101.494427,15.371539],[101.495722,15.37559],[101.50101,15.381608],[101.505758,15.384733],[101.507161,15.389942],[101.510722,15.391678],[101.516873,15.398506],[101.522916,15.398854],[101.530793,15.402789],[101.539641,15.400937],[101.543202,15.402326],[101.551296,15.385659],[101.566079,15.372002],[101.588309,15.373507],[101.591222,15.378252],[101.607301,15.380335],[101.612265,15.373622],[101.619063,15.370497],[101.647335,15.391909],[101.654673,15.400358],[101.659313,15.401747],[101.666759,15.400474],[101.676255,15.395497],[101.687262,15.392141],[101.702477,15.394456],[101.707764,15.391562],[101.714347,15.390289],[101.720282,15.384849],[101.761611,15.381261],[101.778553,15.384039],[101.782977,15.386238],[101.788157,15.393067],[101.795279,15.399317],[101.801538,15.402905],[101.805746,15.412627],[101.802617,15.418877],[101.804883,15.42096],[101.817832,15.419571],[101.821825,15.416099],[101.829378,15.413784],[101.839954,15.414016],[101.878693,15.389131],[101.87988,15.394456],[101.884736,15.397465],[101.890887,15.398738],[101.895419,15.402905],[101.897901,15.40765],[101.911066,15.422349],[101.911066,15.43346],[101.917001,15.437048],[101.921209,15.435196],[101.931785,15.436238],[101.933187,15.448622],[101.936856,15.449432],[101.940417,15.455798],[101.953259,15.45464],[101.973006,15.458344],[101.980883,15.462395],[101.989192,15.46471],[101.999552,15.462395],[102.009587,15.457997],[102.023292,15.470034],[102.028148,15.472117],[102.034946,15.47802],[102.035701,15.481955],[102.033004,15.490867],[102.032572,15.500126],[102.035809,15.512047],[102.03991,15.519918],[102.0425,15.529987],[102.037752,15.548042],[102.041313,15.552556],[102.054154,15.574547],[102.062031,15.581954],[102.060521,15.588436],[102.066024,15.593644],[102.071204,15.601514],[102.072822,15.60707],[102.073362,15.620264],[102.075844,15.624084],[102.083829,15.62119],[102.090196,15.630102],[102.096778,15.633227],[102.100123,15.630334],[102.10185,15.638088],[102.10854,15.644222],[102.120087,15.647926],[102.122569,15.653597],[102.128072,15.651514],[102.128827,15.659037],[102.126777,15.662857],[102.132172,15.671769],[102.137892,15.672116],[102.141668,15.67744],[102.14469,15.690403],[102.143071,15.697694],[102.144906,15.700935],[102.143071,15.706143],[102.149654,15.709268],[102.156236,15.722231],[102.162603,15.72825],[102.155481,15.730796],[102.157639,15.742138],[102.162603,15.740634],[102.175552,15.746537],[102.182566,15.744685],[102.18494,15.740055],[102.196594,15.738898],[102.201666,15.741328],[102.205119,15.748041],[102.202529,15.751513],[102.214076,15.754754],[102.227457,15.748273],[102.232744,15.743643],[102.237924,15.74862],[102.245046,15.751976],[102.247959,15.74943],[102.253139,15.753134],[102.247096,15.756606],[102.252492,15.764245],[102.252168,15.770032],[102.257347,15.771305],[102.256268,15.781374],[102.263282,15.781259],[102.270297,15.785078],[102.275692,15.781259],[102.284972,15.787161],[102.293389,15.785541],[102.295008,15.788782],[102.303209,15.790402],[102.307633,15.79318],[102.307957,15.800471],[102.312381,15.800587],[102.311842,15.807416],[102.318316,15.807184],[102.318964,15.804407],[102.327597,15.803481],[102.32587,15.807763],[102.328136,15.812277],[102.324359,15.816096],[102.326194,15.821073],[102.323388,15.825124],[102.324575,15.829522],[102.321985,15.841443],[102.315942,15.847578],[102.321877,15.86679],[102.330402,15.871651],[102.335042,15.871304],[102.338819,15.880795],[102.343351,15.882184],[102.342272,15.887971],[102.345941,15.889128],[102.352847,15.900239],[102.352955,15.907994],[102.358998,15.914938],[102.360941,15.919684],[102.360401,15.924776],[102.362235,15.933341],[102.365796,15.938781],[102.368063,15.946651],[102.373782,15.945378],[102.373566,15.954521],[102.369897,15.952901],[102.366228,15.961697],[102.372487,15.96841],[102.371624,15.974776],[102.383602,15.978711],[102.383386,15.995146],[102.375508,15.997808],[102.372919,15.996419],[102.36666,16.002438],[102.359322,16.002553],[102.351445,16.01216],[102.352847,16.015169],[102.352308,16.024891],[102.348099,16.029984],[102.344646,16.030215],[102.341733,16.035887],[102.336445,16.038433],[102.326625,16.0301],[102.321769,16.036697],[102.316374,16.037738],[102.312058,16.042368],[102.303749,16.038664],[102.297706,16.048849],[102.291015,16.057646],[102.28821,16.058803],[102.285728,16.067484],[102.279901,16.071997],[102.282922,16.085539],[102.296842,16.099196],[102.315079,16.115168],[102.324251,16.126164],[102.339467,16.146765],[102.345402,16.160654],[102.364825,16.188316],[102.380688,16.20776],[102.394716,16.228246],[102.403133,16.242945],[102.408313,16.247922],[102.418025,16.253362],[102.413169,16.260654],[102.410795,16.27107],[102.413385,16.279982],[102.416838,16.286232],[102.419212,16.300005],[102.422665,16.308338],[102.42601,16.312968],[102.430003,16.322227],[102.43734,16.327783],[102.43583,16.335074],[102.442412,16.342482],[102.446621,16.358222],[102.445973,16.368986],[102.447052,16.378708],[102.453851,16.386694],[102.458814,16.39468],[102.448131,16.397921],[102.443383,16.407759],[102.434966,16.409148],[102.430434,16.413083],[102.425363,16.414819],[102.420938,16.420143],[102.415435,16.422921],[102.41414,16.428014],[102.407773,16.435189],[102.405831,16.441555],[102.409824,16.446301],[102.403996,16.460305],[102.400651,16.465513],[102.395256,16.451972],[102.399356,16.451277],[102.390831,16.44306],[102.384896,16.443986],[102.379393,16.441902],[102.375724,16.438083],[102.366336,16.438314],[102.365473,16.450467],[102.353819,16.451277],[102.342164,16.448731],[102.340761,16.445953],[102.333316,16.445143],[102.32533,16.447805],[102.320043,16.447342],[102.318316,16.455907],[102.311302,16.450583],[102.306878,16.451277],[102.300295,16.445143],[102.293065,16.4485],[102.289504,16.454055],[102.280008,16.458916],[102.276124,16.455791],[102.268138,16.457412],[102.263714,16.462157],[102.256808,16.461231],[102.256916,16.466208],[102.244075,16.469449],[102.242672,16.477319],[102.234794,16.486462],[102.231773,16.484032],[102.224543,16.488198],[102.218176,16.49387],[102.214076,16.501393],[102.206954,16.498152],[102.203716,16.504402],[102.198213,16.504286],[102.193681,16.501161],[102.180732,16.505559],[102.180732,16.501624],[102.177279,16.4963],[102.17102,16.494911],[102.164437,16.501624],[102.157315,16.50255],[102.147927,16.500235],[102.142424,16.503129],[102.137784,16.497805],[102.126777,16.4963],[102.122461,16.494217],[102.116094,16.496763],[102.098505,16.494796],[102.093972,16.498615],[102.091167,16.49387],[102.081347,16.493291],[102.078541,16.496647],[102.072606,16.495374],[102.068506,16.503245],[102.059981,16.507643],[102.054693,16.504865],[102.0425,16.508569],[102.031601,16.520953],[102.029982,16.526508],[102.032464,16.532874],[102.032356,16.540629],[102.023939,16.548383],[102.022105,16.553476],[102.017573,16.558221],[102.008832,16.558453],[101.99243,16.565513],[101.988545,16.573383],[101.992106,16.578823],[101.991782,16.583915],[101.982934,16.583568],[101.979804,16.593059],[101.983042,16.595142],[101.977107,16.606485],[101.977322,16.60961],[101.970092,16.617133],[101.961352,16.615397],[101.953259,16.6191],[101.95164,16.623383],[101.956388,16.627549],[101.948403,16.634725],[101.940417,16.635072],[101.936425,16.632063],[101.93049,16.631137],[101.928979,16.634262],[101.918512,16.630096],[101.914195,16.633684],[101.909879,16.633568],[101.905131,16.630559],[101.902433,16.638313],[101.893153,16.639239],[101.890131,16.644679],[101.881067,16.645721],[101.873621,16.64248],[101.860025,16.650234],[101.854629,16.650582],[101.852687,16.655327],[101.840493,16.654517],[101.833263,16.658452],[101.82571,16.65741],[101.813947,16.653475],[101.799488,16.645026],[101.794955,16.645026],[101.791178,16.639702],[101.785459,16.639471],[101.785351,16.636114],[101.773589,16.631484],[101.778769,16.645952],[101.772186,16.648151],[101.772834,16.652433],[101.76269,16.654401],[101.760316,16.652086],[101.750928,16.654864],[101.752115,16.661577],[101.75082,16.667827]]]}},{"type":"Feature","id":"TH37","bbox":[104.419314,15.537394,105.060296,16.283454],"properties":{"ADM1_PCODE":"TH37","ADM1_TH":"อำนาจเจริญ","ADM1_EN":"Amnat Charoen"},"geometry":{"type":"Polygon","coordinates":[[[104.978717,16.279172],[104.973213,16.275005],[104.958322,16.283454],[104.956056,16.279982],[104.95994,16.271996],[104.952603,16.267251],[104.94602,16.261001],[104.92746,16.25313],[104.918827,16.255908],[104.914187,16.255214],[104.908791,16.247459],[104.900159,16.243293],[104.884835,16.234033],[104.88408,16.229751],[104.886346,16.225469],[104.88203,16.221071],[104.881274,16.212274],[104.875987,16.209149],[104.866815,16.209034],[104.854837,16.201626],[104.841672,16.203131],[104.835737,16.200122],[104.825701,16.204867],[104.820306,16.191325],[104.813939,16.185538],[104.803364,16.187043],[104.799587,16.189589],[104.795594,16.197228],[104.78599,16.199774],[104.774228,16.196765],[104.766027,16.196534],[104.76689,16.189473],[104.772825,16.187622],[104.782861,16.175237],[104.786314,16.162622],[104.789228,16.157414],[104.798832,16.159728],[104.802932,16.164126],[104.811673,16.158687],[104.824622,16.155909],[104.824298,16.150006],[104.821061,16.137391],[104.815234,16.130562],[104.816313,16.122692],[104.815558,16.115516],[104.812644,16.103594],[104.813939,16.098618],[104.81081,16.095493],[104.802824,16.094798],[104.797645,16.100817],[104.78858,16.104057],[104.783616,16.113085],[104.776818,16.112738],[104.776063,16.110076],[104.76948,16.105099],[104.757826,16.102669],[104.749193,16.103479],[104.732899,16.102437],[104.722108,16.103826],[104.720381,16.106604],[104.706353,16.108456],[104.70236,16.113664],[104.687469,16.11459],[104.678728,16.120377],[104.66934,16.118062],[104.664376,16.12246],[104.659197,16.122807],[104.656175,16.120492],[104.646787,16.122113],[104.636752,16.121997],[104.627255,16.120492],[104.6224,16.12327],[104.612256,16.113895],[104.609666,16.114358],[104.597472,16.106951],[104.591753,16.106951],[104.579775,16.100354],[104.567582,16.100701],[104.561862,16.098502],[104.55787,16.088317],[104.55269,16.084034],[104.549669,16.076511],[104.542762,16.071303],[104.542007,16.066095],[104.538338,16.05996],[104.534022,16.056373],[104.536612,16.044914],[104.531648,16.04341],[104.531,16.038664],[104.515245,16.025354],[104.518375,16.020377],[104.524094,16.015632],[104.522583,16.009845],[104.527331,16.008225],[104.532835,16.000817],[104.528087,15.998271],[104.521612,15.986003],[104.514382,15.983341],[104.508771,15.983688],[104.501757,15.975933],[104.504778,15.972693],[104.505965,15.967253],[104.502296,15.963896],[104.50521,15.951859],[104.496901,15.949197],[104.495606,15.943642],[104.490103,15.9426],[104.485031,15.933572],[104.481901,15.934846],[104.477261,15.926512],[104.473916,15.924197],[104.465175,15.912855],[104.470355,15.910656],[104.467981,15.902901],[104.454816,15.901165],[104.458269,15.891212],[104.45255,15.882068],[104.456974,15.875355],[104.450068,15.871189],[104.449636,15.865402],[104.457082,15.858804],[104.456543,15.852554],[104.460104,15.842485],[104.451039,15.836582],[104.447478,15.828828],[104.446291,15.820031],[104.437011,15.812971],[104.435932,15.808573],[104.440788,15.803944],[104.435824,15.799198],[104.435069,15.794684],[104.431292,15.79237],[104.433342,15.787046],[104.42827,15.77524],[104.429026,15.767717],[104.432371,15.764361],[104.430321,15.760194],[104.434313,15.752671],[104.429889,15.749662],[104.425573,15.752902],[104.42212,15.748736],[104.423199,15.740171],[104.431292,15.737393],[104.427947,15.732648],[104.425788,15.725356],[104.422659,15.723273],[104.426436,15.718065],[104.42363,15.711467],[104.419314,15.705912],[104.422875,15.700935],[104.428594,15.699546],[104.439385,15.700356],[104.439817,15.688088],[104.443701,15.683343],[104.439925,15.678829],[104.444996,15.673736],[104.440788,15.666329],[104.44532,15.661583],[104.446075,15.65406],[104.441112,15.64781],[104.438953,15.641445],[104.447478,15.636236],[104.44327,15.631375],[104.442622,15.624547],[104.450176,15.617949],[104.452658,15.622232],[104.464204,15.628366],[104.466686,15.621885],[104.465607,15.61413],[104.461399,15.611699],[104.461938,15.606607],[104.46647,15.605797],[104.467334,15.601746],[104.45924,15.593297],[104.462262,15.589246],[104.469384,15.589014],[104.4737,15.586931],[104.484383,15.586352],[104.481362,15.591214],[104.490103,15.593644],[104.494311,15.58994],[104.505318,15.586931],[104.506613,15.578135],[104.511037,15.571075],[104.512008,15.563899],[104.525389,15.555566],[104.528087,15.550589],[104.536504,15.551746],[104.542223,15.544455],[104.546539,15.542255],[104.551827,15.551167],[104.552798,15.555218],[104.556575,15.556839],[104.5651,15.556723],[104.576214,15.565056],[104.585171,15.565866],[104.586358,15.56957],[104.58571,15.582649],[104.583984,15.589709],[104.57902,15.594223],[104.578696,15.602556],[104.582473,15.606723],[104.594235,15.611815],[104.603515,15.612625],[104.609774,15.615982],[104.616465,15.624778],[104.612148,15.631375],[104.613983,15.639014],[104.617436,15.642023],[104.622292,15.641792],[104.625961,15.645264],[104.630493,15.643528],[104.637507,15.647],[104.633946,15.655796],[104.629198,15.662741],[104.623371,15.664361],[104.617328,15.662625],[104.6074,15.665287],[104.602113,15.672],[104.6074,15.679986],[104.611501,15.683343],[104.622939,15.688667],[104.634809,15.686815],[104.641392,15.687162],[104.644305,15.6845],[104.646032,15.678597],[104.650564,15.678366],[104.662542,15.674662],[104.667937,15.675819],[104.675275,15.674083],[104.684555,15.670264],[104.694591,15.658111],[104.700526,15.657301],[104.714446,15.660658],[104.720489,15.657648],[104.722755,15.65406],[104.733115,15.649662],[104.736676,15.655681],[104.742179,15.658111],[104.745956,15.645611],[104.754912,15.639593],[104.759337,15.634616],[104.763869,15.636352],[104.769696,15.630102],[104.777573,15.628366],[104.778868,15.621306],[104.781674,15.618644],[104.787933,15.620959],[104.785235,15.612394],[104.78912,15.608227],[104.786638,15.604755],[104.793868,15.601399],[104.797429,15.594454],[104.803687,15.594454],[104.804119,15.601283],[104.809838,15.604292],[104.82268,15.585774],[104.827104,15.585774],[104.830341,15.591561],[104.838326,15.590751],[104.837787,15.581028],[104.844046,15.584501],[104.84383,15.577788],[104.84847,15.574547],[104.850844,15.578135],[104.862282,15.577672],[104.866275,15.574894],[104.869404,15.567834],[104.876311,15.563899],[104.870915,15.560658],[104.86552,15.562047],[104.866383,15.555218],[104.869081,15.550589],[104.874152,15.546654],[104.870591,15.542834],[104.879008,15.537394],[104.883001,15.547348],[104.891202,15.555566],[104.890986,15.561931],[104.895087,15.56332],[104.890555,15.568876],[104.884512,15.572001],[104.887533,15.576167],[104.89185,15.577556],[104.896705,15.5867],[104.90318,15.589825],[104.905338,15.593413],[104.913971,15.597463],[104.918287,15.60163],[104.924114,15.600473],[104.927028,15.604061],[104.924222,15.60788],[104.926596,15.617949],[104.930265,15.618528],[104.927028,15.625936],[104.931237,15.630681],[104.92951,15.635658],[104.933503,15.639824],[104.928647,15.645033],[104.924978,15.643528],[104.910302,15.64781],[104.894979,15.653482],[104.895411,15.669685],[104.89131,15.689824],[104.896813,15.699199],[104.897461,15.708574],[104.905986,15.724314],[104.906202,15.738666],[104.902856,15.747115],[104.903504,15.751976],[104.907389,15.761351],[104.918179,15.767948],[104.922172,15.76899],[104.939438,15.77686],[104.958322,15.789013],[104.966415,15.811004],[104.966523,15.818758],[104.963394,15.82848],[104.965336,15.831605],[104.963717,15.844221],[104.963394,15.861003],[104.97494,15.877207],[104.977961,15.884846],[104.982601,15.901165],[104.995766,15.918179],[105.003752,15.934614],[105.004183,15.938896],[104.998248,15.946998],[105.012384,15.96598],[105.022636,15.974776],[105.025334,15.980331],[105.024686,15.987507],[105.020478,15.99422],[105.009903,15.99966],[105.004831,16.009382],[105.003212,16.020493],[105.007097,16.033225],[105.015514,16.040748],[105.025873,16.056025],[105.025334,16.063548],[105.028031,16.066095],[105.028895,16.072576],[105.035261,16.078016],[105.03634,16.084845],[105.042707,16.094682],[105.050476,16.095261],[105.056627,16.093294],[105.060296,16.098155],[105.047347,16.101974],[105.040549,16.11158],[105.038175,16.12003],[105.040225,16.12084],[105.035909,16.131835],[105.032456,16.144451],[105.026521,16.153131],[105.026413,16.161464],[105.022744,16.168293],[105.017672,16.182645],[105.015298,16.185191],[105.011305,16.197112],[105.011737,16.207645],[105.016485,16.229867],[105.016161,16.243293],[105.008931,16.250121],[104.987997,16.273385],[104.978717,16.279172]]]}},{"type":"Feature","id":"TH38","bbox":[103.242453,17.770945,104.190006,18.448949],"properties":{"ADM1_PCODE":"TH38","ADM1_TH":"บึงกาฬ","ADM1_EN":"Bueng Kan"},"geometry":{"type":"Polygon","coordinates":[[[104.190006,18.023837],[104.180834,18.035526],[104.16864,18.049184],[104.159684,18.056359],[104.144792,18.07291],[104.127095,18.09085],[104.109506,18.110873],[104.10152,18.123257],[104.096449,18.137262],[104.090298,18.157863],[104.082205,18.174183],[104.075298,18.180548],[104.067421,18.194437],[104.063536,18.204391],[104.063644,18.213882],[104.052098,18.231474],[104.041847,18.244205],[104.021775,18.271752],[104.017999,18.278696],[104.009582,18.288418],[103.997064,18.306011],[103.989834,18.320247],[103.976777,18.334598],[103.972892,18.337145],[103.962641,18.339691],[103.956166,18.339691],[103.944512,18.337029],[103.924657,18.328927],[103.919585,18.326265],[103.908578,18.316774],[103.889478,18.29652],[103.886025,18.293858],[103.870163,18.286219],[103.861314,18.284136],[103.856134,18.284483],[103.852034,18.288534],[103.848904,18.2949],[103.844696,18.309136],[103.840811,18.318395],[103.834445,18.32858],[103.823869,18.336334],[103.813834,18.34027],[103.796784,18.3427],[103.774015,18.342932],[103.752325,18.339575],[103.746606,18.343626],[103.70614,18.342237],[103.699989,18.342932],[103.688659,18.348603],[103.678084,18.359482],[103.639668,18.388649],[103.627366,18.393973],[103.612906,18.403232],[103.601252,18.406473],[103.578483,18.405431],[103.57093,18.405894],[103.559275,18.413533],[103.545355,18.421288],[103.534132,18.424644],[103.520644,18.426727],[103.506508,18.42638],[103.493127,18.424413],[103.485573,18.424528],[103.474566,18.428232],[103.464531,18.42557],[103.457733,18.42557],[103.447697,18.432051],[103.42536,18.443394],[103.414892,18.448024],[103.410037,18.448949],[103.400433,18.448139],[103.375074,18.440153],[103.355866,18.435871],[103.334284,18.433672],[103.31281,18.434366],[103.30558,18.431588],[103.295652,18.424528],[103.28238,18.402653],[103.256373,18.377191],[103.250438,18.374297],[103.243964,18.368394],[103.242453,18.361566],[103.243856,18.351612],[103.25346,18.336334],[103.25864,18.334251],[103.27202,18.332747],[103.277955,18.330779],[103.288854,18.324182],[103.296408,18.316196],[103.298998,18.30902],[103.298674,18.3052],[103.300508,18.303464],[103.296839,18.295594],[103.297271,18.290617],[103.29371,18.287608],[103.296732,18.280664],[103.294789,18.271867],[103.29112,18.27071],[103.28648,18.273256],[103.283675,18.269321],[103.276984,18.264691],[103.26943,18.263534],[103.258963,18.263534],[103.261229,18.259136],[103.258747,18.254622],[103.261229,18.2449],[103.270617,18.236219],[103.277955,18.236451],[103.284538,18.230895],[103.29425,18.227886],[103.308925,18.220826],[103.313458,18.219553],[103.328889,18.210872],[103.340974,18.193396],[103.341514,18.178118],[103.34583,18.173373],[103.359535,18.172678],[103.363851,18.169437],[103.364175,18.164692],[103.355758,18.159137],[103.349499,18.159021],[103.344212,18.153118],[103.336658,18.152424],[103.336766,18.14247],[103.335471,18.135989],[103.328133,18.132401],[103.323277,18.133442],[103.319069,18.124878],[103.306659,18.12453],[103.294789,18.119669],[103.292523,18.111567],[103.295545,18.104044],[103.304069,18.107054],[103.310112,18.104739],[103.313565,18.099762],[103.301048,18.090734],[103.299969,18.081359],[103.304069,18.074762],[103.307523,18.072332],[103.311839,18.06423],[103.313673,18.056938],[103.326946,18.054276],[103.331694,18.051035],[103.335471,18.051846],[103.349068,18.046985],[103.352845,18.042934],[103.35619,18.03217],[103.364283,18.032054],[103.374642,18.033674],[103.381225,18.029624],[103.384786,18.025688],[103.38867,18.026846],[103.392987,18.022448],[103.392447,18.018281],[103.396008,18.009716],[103.406907,18.003466],[103.402699,17.999878],[103.401835,17.992008],[103.405181,17.99224],[103.409173,17.987031],[103.422986,17.983443],[103.427734,17.975457],[103.439064,17.975226],[103.43928,17.968744],[103.445862,17.967124],[103.450718,17.973142],[103.445539,17.976036],[103.443704,17.979855],[103.437985,17.980781],[103.439172,17.985064],[103.443704,17.991082],[103.449208,17.994439],[103.454064,17.990966],[103.463128,17.988652],[103.466905,17.991661],[103.468523,18.000457],[103.47489,18.00555],[103.479099,18.002772],[103.481581,17.997679],[103.486544,17.994439],[103.491616,17.987726],[103.498522,17.991082],[103.499062,17.997911],[103.503918,17.996638],[103.503055,18.00555],[103.500249,18.007054],[103.496688,18.017124],[103.49863,18.020943],[103.497227,18.030781],[103.493558,18.035989],[103.494853,18.041776],[103.498091,18.041198],[103.497551,18.048836],[103.492587,18.054508],[103.493451,18.06041],[103.498091,18.062146],[103.505536,18.061684],[103.506292,18.06967],[103.514277,18.074068],[103.519565,18.070827],[103.525715,18.069554],[103.537046,18.068975],[103.534888,18.074646],[103.537262,18.07835],[103.537909,18.087378],[103.542441,18.088072],[103.542981,18.081244],[103.546326,18.07673],[103.538341,18.071637],[103.54147,18.065734],[103.549456,18.061568],[103.55798,18.062494],[103.565642,18.053813],[103.573196,18.050688],[103.576217,18.045596],[103.577512,18.039693],[103.586145,18.037378],[103.588195,18.041082],[103.586792,18.044901],[103.589382,18.049415],[103.595209,18.049647],[103.595317,18.042702],[103.605461,18.035989],[103.60805,18.01805],[103.61118,18.013188],[103.623589,18.012841],[103.63287,18.015503],[103.639128,18.014114],[103.631791,18.004508],[103.627366,18.006128],[103.621431,18.004045],[103.622618,17.993744],[103.621431,17.988883],[103.625963,17.979392],[103.623158,17.971522],[103.628445,17.97048],[103.631035,17.975341],[103.637186,17.97673],[103.640639,17.971638],[103.638589,17.965388],[103.641718,17.962957],[103.651754,17.963073],[103.654128,17.964462],[103.656718,17.971638],[103.662437,17.97349],[103.666753,17.968629],[103.665782,17.962957],[103.661789,17.958906],[103.660926,17.950573],[103.668156,17.948374],[103.680566,17.95555],[103.685314,17.955203],[103.696212,17.949763],[103.703442,17.944902],[103.705709,17.938999],[103.714665,17.94305],[103.717471,17.940735],[103.719089,17.929856],[103.721787,17.926036],[103.731499,17.923374],[103.740995,17.917819],[103.745851,17.911453],[103.752325,17.914809],[103.753189,17.91886],[103.749412,17.926268],[103.753944,17.933559],[103.759124,17.950342],[103.762685,17.955318],[103.765706,17.954161],[103.764303,17.940967],[103.757289,17.930319],[103.757505,17.920596],[103.760742,17.919439],[103.768943,17.923374],[103.776713,17.930782],[103.781677,17.932055],[103.783295,17.927194],[103.775742,17.914231],[103.775094,17.907749],[103.785669,17.894439],[103.783295,17.888652],[103.770994,17.89143],[103.765059,17.888189],[103.764951,17.882287],[103.772397,17.872796],[103.774878,17.863884],[103.778224,17.860527],[103.786209,17.85775],[103.786533,17.851384],[103.793331,17.842935],[103.796029,17.84224],[103.800453,17.847449],[103.807251,17.850111],[103.810812,17.85856],[103.803906,17.861801],[103.798619,17.868861],[103.793331,17.872564],[103.793978,17.875921],[103.800021,17.877078],[103.802827,17.873838],[103.817071,17.870944],[103.836063,17.87025],[103.840595,17.871754],[103.847502,17.880666],[103.852573,17.883328],[103.86617,17.881129],[103.868436,17.878699],[103.863904,17.867819],[103.869515,17.865041],[103.873616,17.874879],[103.888291,17.879277],[103.904046,17.880782],[103.906312,17.875574],[103.901348,17.871638],[103.90178,17.854972],[103.900269,17.850111],[103.909765,17.85069],[103.917319,17.859023],[103.922822,17.854856],[103.921204,17.851731],[103.922283,17.843977],[103.925088,17.83437],[103.917643,17.82106],[103.922714,17.815505],[103.927463,17.81481],[103.934908,17.806361],[103.940951,17.793977],[103.938793,17.789926],[103.942138,17.785065],[103.950231,17.782171],[103.953792,17.777658],[103.960267,17.775574],[103.966957,17.784139],[103.973,17.785065],[103.970842,17.778583],[103.978935,17.770945],[103.98023,17.776153],[103.987676,17.782403],[103.987352,17.789232],[103.992316,17.791083],[103.999762,17.787843],[104.000949,17.794671],[103.99933,17.803468],[104.003755,17.809833],[104.012279,17.810875],[104.014869,17.815968],[104.012171,17.818398],[104.013035,17.823143],[104.0112,17.830435],[104.004834,17.833213],[103.999006,17.840041],[104.000409,17.845944],[103.993395,17.85393],[103.990374,17.853236],[103.981741,17.858791],[103.986813,17.861338],[103.983899,17.86562],[103.984331,17.871754],[103.989079,17.873375],[103.993827,17.882865],[103.992964,17.885874],[103.998035,17.890504],[104.00246,17.892009],[104.010661,17.892124],[104.013898,17.897333],[104.026631,17.905319],[104.031164,17.910064],[104.036991,17.907865],[104.040983,17.908444],[104.050156,17.906708],[104.053177,17.904509],[104.062349,17.903351],[104.059975,17.900342],[104.062673,17.895481],[104.066018,17.895481],[104.067313,17.883212],[104.072709,17.87974],[104.079183,17.885874],[104.097959,17.906592],[104.10411,17.911453],[104.114146,17.915041],[104.123426,17.921638],[104.127635,17.935064],[104.130764,17.939925],[104.130764,17.945249],[104.134001,17.951846],[104.134109,17.955897],[104.126987,17.958212],[104.126448,17.960758],[104.11857,17.965041],[104.113067,17.98136],[104.115872,17.987263],[104.114254,17.996753],[104.111664,17.999415],[104.111772,18.004855],[104.117059,18.006128],[104.144037,18.003466],[104.166374,18.004508],[104.172741,18.002656],[104.172525,18.010063],[104.174144,18.015735],[104.179971,18.014346],[104.180294,18.018628],[104.190006,18.023837]]]}},{"type":"Feature","id":"TH39","bbox":[101.981747,16.771993,102.679166,17.691547],"properties":{"ADM1_PCODE":"TH39","ADM1_TH":"หนองบัวลำภู","ADM1_EN":"Nong Bua Lam Phu"},"geometry":{"type":"Polygon","coordinates":[[[102.669346,16.993751],[102.663842,16.99676],[102.650893,16.999075],[102.635354,17.008565],[102.625427,17.016899],[102.61388,17.024537],[102.600823,17.03125],[102.586148,17.037037],[102.572011,17.044676],[102.56435,17.051736],[102.549243,17.061574],[102.54007,17.070718],[102.533272,17.081482],[102.519244,17.100231],[102.511366,17.121528],[102.506403,17.140856],[102.504244,17.146296],[102.490971,17.166898],[102.481475,17.179166],[102.474785,17.193518],[102.469713,17.201388],[102.475433,17.204513],[102.482231,17.205092],[102.491187,17.207638],[102.490216,17.217013],[102.501331,17.22986],[102.504568,17.230323],[102.518273,17.225462],[102.527553,17.225231],[102.53543,17.228587],[102.53856,17.225578],[102.567371,17.232638],[102.569853,17.236457],[102.574278,17.233564],[102.577623,17.239698],[102.585392,17.242129],[102.584421,17.245601],[102.591543,17.25405],[102.592622,17.265855],[102.581292,17.264351],[102.57827,17.269212],[102.559278,17.269443],[102.549135,17.276851],[102.538128,17.275925],[102.525934,17.271295],[102.520215,17.273841],[102.516762,17.272684],[102.510827,17.27523],[102.500252,17.272105],[102.489569,17.280439],[102.478778,17.284721],[102.460433,17.287152],[102.437772,17.28229],[102.440038,17.301503],[102.441009,17.325924],[102.436369,17.34317],[102.43119,17.353933],[102.426226,17.368864],[102.421262,17.375808],[102.405939,17.40104],[102.398601,17.414697],[102.384896,17.452197],[102.382415,17.463771],[102.373458,17.485993],[102.368818,17.500345],[102.359861,17.516201],[102.349394,17.52627],[102.345402,17.535067],[102.332452,17.550923],[102.334395,17.568631],[102.333316,17.579048],[102.327597,17.5912],[102.32587,17.598145],[102.323172,17.630552],[102.318964,17.647797],[102.317885,17.679163],[102.305043,17.67488],[102.301806,17.675112],[102.299324,17.682982],[102.296087,17.686107],[102.290368,17.687612],[102.284541,17.691547],[102.282059,17.685992],[102.2758,17.688654],[102.266304,17.690505],[102.262635,17.689464],[102.262527,17.679047],[102.269433,17.662728],[102.264254,17.660992],[102.25875,17.656825],[102.245154,17.650575],[102.234147,17.652195],[102.223464,17.651154],[102.215694,17.653237],[102.207709,17.657057],[102.200803,17.655205],[102.193681,17.657867],[102.185803,17.657635],[102.177063,17.659371],[102.170264,17.663654],[102.165193,17.663769],[102.157855,17.668399],[102.150733,17.666316],[102.145229,17.66076],[102.138863,17.649186],[102.132172,17.647219],[102.133036,17.641663],[102.129475,17.635645],[102.119655,17.632751],[102.117173,17.636339],[102.109943,17.638422],[102.105087,17.644557],[102.099044,17.645598],[102.083289,17.634256],[102.086203,17.628932],[102.089656,17.626964],[102.095915,17.615159],[102.100231,17.614001],[102.106382,17.607636],[102.112101,17.592705],[102.115015,17.582867],[102.115339,17.577196],[102.119331,17.573029],[102.118792,17.568863],[102.12505,17.565506],[102.132172,17.559372],[102.135733,17.54884],[102.132928,17.540622],[102.136489,17.533446],[102.14005,17.529974],[102.138431,17.51921],[102.135733,17.515391],[102.134978,17.508446],[102.12559,17.509141],[102.124511,17.503354],[102.129043,17.494442],[102.125914,17.488423],[102.121274,17.48472],[102.108648,17.481016],[102.110914,17.470831],[102.114475,17.468632],[102.122569,17.470484],[102.124187,17.463655],[102.127532,17.458215],[102.11836,17.453238],[102.112857,17.452428],[102.105627,17.44803],[102.102821,17.45347],[102.095915,17.456595],[102.091491,17.462266],[102.085232,17.464465],[102.082426,17.461109],[102.063758,17.454396],[102.052751,17.449187],[102.045629,17.455206],[102.035054,17.456595],[102.028148,17.459257],[102.01876,17.459488],[102.009048,17.457174],[101.996422,17.460414],[101.988437,17.455669],[101.989084,17.445715],[101.987574,17.43935],[101.992861,17.427544],[101.989732,17.418632],[101.982286,17.414928],[101.981747,17.411456],[101.990056,17.40266],[101.998473,17.3956],[102.0043,17.387267],[102.012069,17.381943],[102.01822,17.373378],[102.017788,17.365739],[102.013904,17.364119],[102.01563,17.353586],[102.020594,17.345369],[102.02027,17.341202],[102.011422,17.334258],[102.000847,17.333563],[101.993185,17.334605],[101.986926,17.328934],[101.983797,17.316087],[101.99243,17.305901],[102.003652,17.296411],[102.014551,17.284952],[102.013364,17.278355],[102.026421,17.281249],[102.027069,17.277429],[102.035054,17.265277],[102.046061,17.26111],[102.047464,17.255323],[102.053614,17.251041],[102.060089,17.254629],[102.064189,17.250462],[102.070017,17.247568],[102.077031,17.248147],[102.086635,17.212152],[102.093649,17.205555],[102.096023,17.189351],[102.096778,17.177083],[102.087714,17.17199],[102.084153,17.167939],[102.082318,17.176041],[102.073362,17.186226],[102.068182,17.187036],[102.066563,17.191666],[102.055233,17.20324],[102.040018,17.213657],[102.035378,17.219444],[102.030738,17.215393],[102.024803,17.207522],[102.025342,17.200925],[102.031925,17.196296],[102.029443,17.185763],[102.034514,17.174652],[102.040126,17.169907],[102.044226,17.164236],[102.044334,17.160185],[102.040773,17.151157],[102.034299,17.14699],[102.037536,17.138194],[102.041421,17.134028],[102.047787,17.134953],[102.061492,17.120254],[102.064297,17.120023],[102.072391,17.112268],[102.079297,17.113889],[102.089332,17.111805],[102.092893,17.102431],[102.096886,17.102546],[102.099584,17.098148],[102.100663,17.087153],[102.105303,17.079977],[102.101202,17.076042],[102.101958,17.066898],[102.114044,17.058102],[102.119007,17.057176],[102.121166,17.054051],[102.124943,17.042246],[102.130122,17.037385],[102.140481,17.035417],[102.146848,17.031945],[102.149438,17.033797],[102.154078,17.028125],[102.148898,17.020024],[102.123863,16.993982],[102.113288,16.991089],[102.100123,16.983681],[102.091598,16.980672],[102.086635,16.973959],[102.082534,16.973959],[102.075628,16.969098],[102.07498,16.964816],[102.067319,16.960996],[102.057931,16.965394],[102.050269,16.964005],[102.045629,16.960186],[102.035701,16.955788],[102.029227,16.950695],[102.033543,16.938427],[102.039478,16.92639],[102.045737,16.916089],[102.048219,16.905094],[102.051348,16.902316],[102.063866,16.896529],[102.068506,16.889469],[102.070988,16.885187],[102.074333,16.885418],[102.081563,16.8897],[102.085124,16.885765],[102.096994,16.88264],[102.099044,16.884492],[102.096346,16.890395],[102.100555,16.896413],[102.104763,16.897339],[102.109404,16.895256],[102.112965,16.888659],[102.118792,16.88889],[102.124619,16.880557],[102.129367,16.883335],[102.135626,16.878474],[102.141021,16.880094],[102.153539,16.881599],[102.156776,16.88102],[102.157639,16.872224],[102.166056,16.870025],[102.172207,16.864932],[102.180948,16.871529],[102.185588,16.865626],[102.186883,16.858682],[102.194436,16.858798],[102.201666,16.86227],[102.214292,16.860997],[102.222061,16.86852],[102.227564,16.875349],[102.236197,16.880673],[102.241377,16.878589],[102.249686,16.885071],[102.249902,16.891784],[102.25875,16.894446],[102.263606,16.891668],[102.276663,16.893983],[102.288317,16.889816],[102.291447,16.884261],[102.298353,16.88264],[102.30159,16.885418],[102.302885,16.876159],[102.307202,16.875001],[102.311842,16.867363],[102.314324,16.86933],[102.321661,16.867131],[102.316698,16.855441],[102.322633,16.853242],[102.329431,16.855904],[102.332237,16.849423],[102.329539,16.844909],[102.331589,16.840511],[102.338603,16.837965],[102.34033,16.83484],[102.33828,16.825002],[102.343567,16.817942],[102.34702,16.81852],[102.3522,16.829979],[102.361372,16.8169],[102.36612,16.81771],[102.3754,16.810881],[102.378746,16.811229],[102.381551,16.816553],[102.38576,16.816321],[102.391695,16.810419],[102.393853,16.815627],[102.40486,16.815974],[102.404428,16.806831],[102.408313,16.804169],[102.416298,16.803937],[102.414787,16.795141],[102.419751,16.794909],[102.428384,16.791321],[102.433887,16.783335],[102.438635,16.788659],[102.437664,16.79352],[102.441981,16.794331],[102.445434,16.789238],[102.452448,16.793289],[102.455146,16.806946],[102.460973,16.807988],[102.469282,16.801391],[102.478454,16.799886],[102.492914,16.803937],[102.502842,16.801969],[102.514172,16.795372],[102.539423,16.78403],[102.549782,16.781368],[102.580213,16.776738],[102.605356,16.771993],[102.610751,16.773729],[102.615175,16.779632],[102.612154,16.786808],[102.614312,16.801969],[102.614636,16.810419],[102.618736,16.827548],[102.630606,16.859261],[102.639239,16.879978],[102.644095,16.889585],[102.649814,16.897802],[102.654023,16.907524],[102.665353,16.926621],[102.670425,16.938427],[102.673123,16.947339],[102.676792,16.953936],[102.679166,16.969098],[102.669346,16.993751]]]}},{"type":"Feature","id":"TH40","bbox":[101.75082,15.632764,103.184074,17.088079],"properties":{"ADM1_PCODE":"TH40","ADM1_TH":"ขอนแก่น","ADM1_EN":"Khon Kaen"},"geometry":{"type":"Polygon","coordinates":[[[103.09807,16.912617],[103.092135,16.910302],[103.08674,16.90521],[103.083718,16.899075],[103.078862,16.898034],[103.073683,16.9022],[103.063539,16.895024],[103.062136,16.891552],[103.052532,16.88565],[103.043576,16.888427],[103.037641,16.88565],[103.031382,16.879515],[103.028145,16.878126],[103.026203,16.872339],[103.021886,16.872687],[103.016383,16.870025],[103.009477,16.87014],[103.006779,16.864469],[103.00257,16.864585],[102.995664,16.859724],[102.987571,16.85683],[102.97937,16.855326],[102.973651,16.850002],[102.954659,16.840511],[102.95045,16.841784],[102.941925,16.836344],[102.926278,16.838312],[102.917538,16.835534],[102.912466,16.838543],[102.908797,16.844909],[102.901891,16.850928],[102.895524,16.860302],[102.89056,16.864585],[102.882683,16.87558],[102.875669,16.873034],[102.874266,16.879978],[102.869626,16.881483],[102.862828,16.879747],[102.859051,16.883682],[102.854519,16.883103],[102.848691,16.877316],[102.849231,16.874307],[102.841461,16.872687],[102.831426,16.868289],[102.828189,16.863775],[102.82398,16.862733],[102.820527,16.867015],[102.822254,16.875349],[102.814376,16.884839],[102.810276,16.892478],[102.812434,16.904052],[102.809089,16.908682],[102.812218,16.922802],[102.817074,16.926969],[102.819556,16.939353],[102.810168,16.946413],[102.804341,16.952084],[102.80488,16.95845],[102.80952,16.962964],[102.814808,16.965163],[102.822361,16.971413],[102.816966,16.976042],[102.817182,16.979862],[102.806175,16.986343],[102.801103,16.988079],[102.798082,16.993288],[102.795276,17.006135],[102.78891,17.013658],[102.781464,17.016436],[102.775745,17.023033],[102.765277,17.025348],[102.761608,17.028125],[102.759558,17.034144],[102.750494,17.041898],[102.744775,17.04132],[102.737005,17.047223],[102.723301,17.049537],[102.717905,17.05382],[102.715639,17.058218],[102.717258,17.065741],[102.712725,17.076736],[102.708949,17.080324],[102.710244,17.086343],[102.704848,17.088079],[102.699992,17.086921],[102.698481,17.072454],[102.695244,17.065278],[102.690712,17.064815],[102.686719,17.060301],[102.682727,17.052662],[102.679489,17.051505],[102.678626,17.042824],[102.679597,17.036922],[102.677763,17.031945],[102.681863,17.028241],[102.679166,17.025],[102.681863,17.017246],[102.677223,17.004283],[102.669346,16.993751],[102.679166,16.969098],[102.676792,16.953936],[102.673123,16.947339],[102.670425,16.938427],[102.665353,16.926621],[102.654023,16.907524],[102.649814,16.897802],[102.644095,16.889585],[102.639239,16.879978],[102.630606,16.859261],[102.618736,16.827548],[102.614636,16.810419],[102.614312,16.801969],[102.612154,16.786808],[102.615175,16.779632],[102.610751,16.773729],[102.605356,16.771993],[102.580213,16.776738],[102.549782,16.781368],[102.539423,16.78403],[102.514172,16.795372],[102.502842,16.801969],[102.492914,16.803937],[102.478454,16.799886],[102.469282,16.801391],[102.460973,16.807988],[102.455146,16.806946],[102.452448,16.793289],[102.445434,16.789238],[102.441981,16.794331],[102.437664,16.79352],[102.438635,16.788659],[102.433887,16.783335],[102.428384,16.791321],[102.419751,16.794909],[102.414787,16.795141],[102.416298,16.803937],[102.408313,16.804169],[102.404428,16.806831],[102.40486,16.815974],[102.393853,16.815627],[102.391695,16.810419],[102.38576,16.816321],[102.381551,16.816553],[102.378746,16.811229],[102.3754,16.810881],[102.36612,16.81771],[102.361372,16.8169],[102.3522,16.829979],[102.34702,16.81852],[102.343567,16.817942],[102.33828,16.825002],[102.34033,16.83484],[102.338603,16.837965],[102.331589,16.840511],[102.329539,16.844909],[102.332237,16.849423],[102.329431,16.855904],[102.322633,16.853242],[102.316698,16.855441],[102.321661,16.867131],[102.314324,16.86933],[102.311842,16.867363],[102.307202,16.875001],[102.302885,16.876159],[102.30159,16.885418],[102.298353,16.88264],[102.291447,16.884261],[102.288317,16.889816],[102.276663,16.893983],[102.263606,16.891668],[102.25875,16.894446],[102.249902,16.891784],[102.249686,16.885071],[102.241377,16.878589],[102.236197,16.880673],[102.227564,16.875349],[102.222061,16.86852],[102.214292,16.860997],[102.201666,16.86227],[102.194436,16.858798],[102.186883,16.858682],[102.185588,16.865626],[102.180948,16.871529],[102.172207,16.864932],[102.166056,16.870025],[102.157639,16.872224],[102.156776,16.88102],[102.153539,16.881599],[102.141021,16.880094],[102.135626,16.878474],[102.129367,16.883335],[102.124619,16.880557],[102.118792,16.88889],[102.112965,16.888659],[102.109404,16.895256],[102.104763,16.897339],[102.100555,16.896413],[102.096346,16.890395],[102.099044,16.884492],[102.096994,16.88264],[102.085124,16.885765],[102.081563,16.8897],[102.074333,16.885418],[102.070988,16.885187],[102.068506,16.889469],[102.063002,16.887154],[102.063326,16.881599],[102.055125,16.875349],[102.059657,16.871298],[102.055665,16.867826],[102.051132,16.86933],[102.043255,16.865858],[102.044658,16.860765],[102.039802,16.858335],[102.030522,16.863775],[102.025882,16.86227],[102.019623,16.86852],[102.01617,16.864238],[102.009264,16.869677],[102.004731,16.86227],[101.999444,16.860187],[102.003652,16.853011],[101.997933,16.848265],[101.993832,16.839932],[101.987466,16.843289],[101.982286,16.843867],[101.98002,16.840048],[101.969769,16.8419],[101.968905,16.846992],[101.95682,16.847108],[101.946568,16.849654],[101.944734,16.845835],[101.949805,16.839932],[101.945165,16.838891],[101.93718,16.834029],[101.927037,16.831252],[101.917325,16.822803],[101.905886,16.817131],[101.898117,16.81227],[101.881822,16.811344],[101.871355,16.80359],[101.867363,16.793405],[101.862075,16.790511],[101.849234,16.788775],[101.84373,16.785882],[101.834234,16.783798],[101.829378,16.779284],[101.824307,16.778822],[101.801322,16.768984],[101.797221,16.768984],[101.793876,16.76609],[101.792797,16.757178],[101.793445,16.750812],[101.78643,16.741322],[101.789884,16.738197],[101.791178,16.726391],[101.787402,16.722109],[101.783085,16.721414],[101.776287,16.712387],[101.776611,16.706831],[101.774668,16.702549],[101.772726,16.688429],[101.766575,16.680095],[101.751468,16.677318],[101.75082,16.667827],[101.752115,16.661577],[101.750928,16.654864],[101.760316,16.652086],[101.76269,16.654401],[101.772834,16.652433],[101.772186,16.648151],[101.778769,16.645952],[101.773589,16.631484],[101.785351,16.636114],[101.785459,16.639471],[101.791178,16.639702],[101.794955,16.645026],[101.799488,16.645026],[101.813947,16.653475],[101.82571,16.65741],[101.833263,16.658452],[101.840493,16.654517],[101.852687,16.655327],[101.854629,16.650582],[101.860025,16.650234],[101.873621,16.64248],[101.881067,16.645721],[101.890131,16.644679],[101.893153,16.639239],[101.902433,16.638313],[101.905131,16.630559],[101.909879,16.633568],[101.914195,16.633684],[101.918512,16.630096],[101.928979,16.634262],[101.93049,16.631137],[101.936425,16.632063],[101.940417,16.635072],[101.948403,16.634725],[101.956388,16.627549],[101.95164,16.623383],[101.953259,16.6191],[101.961352,16.615397],[101.970092,16.617133],[101.977322,16.60961],[101.977107,16.606485],[101.983042,16.595142],[101.979804,16.593059],[101.982934,16.583568],[101.991782,16.583915],[101.992106,16.578823],[101.988545,16.573383],[101.99243,16.565513],[102.008832,16.558453],[102.017573,16.558221],[102.022105,16.553476],[102.023939,16.548383],[102.032356,16.540629],[102.032464,16.532874],[102.029982,16.526508],[102.031601,16.520953],[102.0425,16.508569],[102.054693,16.504865],[102.059981,16.507643],[102.068506,16.503245],[102.072606,16.495374],[102.078541,16.496647],[102.081347,16.493291],[102.091167,16.49387],[102.093972,16.498615],[102.098505,16.494796],[102.116094,16.496763],[102.122461,16.494217],[102.126777,16.4963],[102.137784,16.497805],[102.142424,16.503129],[102.147927,16.500235],[102.157315,16.50255],[102.164437,16.501624],[102.17102,16.494911],[102.177279,16.4963],[102.180732,16.501624],[102.180732,16.505559],[102.193681,16.501161],[102.198213,16.504286],[102.203716,16.504402],[102.206954,16.498152],[102.214076,16.501393],[102.218176,16.49387],[102.224543,16.488198],[102.231773,16.484032],[102.234794,16.486462],[102.242672,16.477319],[102.244075,16.469449],[102.256916,16.466208],[102.256808,16.461231],[102.263714,16.462157],[102.268138,16.457412],[102.276124,16.455791],[102.280008,16.458916],[102.289504,16.454055],[102.293065,16.4485],[102.300295,16.445143],[102.306878,16.451277],[102.311302,16.450583],[102.318316,16.455907],[102.320043,16.447342],[102.32533,16.447805],[102.333316,16.445143],[102.340761,16.445953],[102.342164,16.448731],[102.353819,16.451277],[102.365473,16.450467],[102.366336,16.438314],[102.375724,16.438083],[102.379393,16.441902],[102.384896,16.443986],[102.390831,16.44306],[102.399356,16.451277],[102.395256,16.451972],[102.400651,16.465513],[102.403996,16.460305],[102.409824,16.446301],[102.405831,16.441555],[102.407773,16.435189],[102.41414,16.428014],[102.415435,16.422921],[102.420938,16.420143],[102.425363,16.414819],[102.430434,16.413083],[102.434966,16.409148],[102.443383,16.407759],[102.448131,16.397921],[102.458814,16.39468],[102.453851,16.386694],[102.447052,16.378708],[102.445973,16.368986],[102.446621,16.358222],[102.442412,16.342482],[102.43583,16.335074],[102.43734,16.327783],[102.430003,16.322227],[102.42601,16.312968],[102.422665,16.308338],[102.419212,16.300005],[102.416838,16.286232],[102.413385,16.279982],[102.410795,16.27107],[102.413169,16.260654],[102.418025,16.253362],[102.408313,16.247922],[102.403133,16.242945],[102.394716,16.228246],[102.380688,16.20776],[102.364825,16.188316],[102.345402,16.160654],[102.339467,16.146765],[102.324251,16.126164],[102.315079,16.115168],[102.296842,16.099196],[102.282922,16.085539],[102.279901,16.071997],[102.285728,16.067484],[102.28821,16.058803],[102.291015,16.057646],[102.297706,16.048849],[102.303749,16.038664],[102.312058,16.042368],[102.316374,16.037738],[102.321769,16.036697],[102.326625,16.0301],[102.336445,16.038433],[102.341733,16.035887],[102.344646,16.030215],[102.348099,16.029984],[102.352308,16.024891],[102.352847,16.015169],[102.351445,16.01216],[102.359322,16.002553],[102.36666,16.002438],[102.372919,15.996419],[102.375508,15.997808],[102.383386,15.995146],[102.383602,15.978711],[102.371624,15.974776],[102.372487,15.96841],[102.366228,15.961697],[102.369897,15.952901],[102.373566,15.954521],[102.373782,15.945378],[102.368063,15.946651],[102.365796,15.938781],[102.362235,15.933341],[102.360401,15.924776],[102.360941,15.919684],[102.358998,15.914938],[102.352955,15.907994],[102.352847,15.900239],[102.345941,15.889128],[102.342272,15.887971],[102.343351,15.882184],[102.338819,15.880795],[102.335042,15.871304],[102.330402,15.871651],[102.321877,15.86679],[102.315942,15.847578],[102.321985,15.841443],[102.324575,15.829522],[102.323388,15.825124],[102.326194,15.821073],[102.324359,15.816096],[102.328136,15.812277],[102.32587,15.807763],[102.327597,15.803481],[102.327057,15.799198],[102.343567,15.782879],[102.349826,15.774777],[102.35684,15.768296],[102.362991,15.767601],[102.363962,15.763898],[102.359754,15.759384],[102.361588,15.752555],[102.357056,15.740055],[102.358567,15.733689],[102.363207,15.729291],[102.365904,15.731722],[102.376048,15.731953],[102.387378,15.723389],[102.398709,15.71031],[102.400759,15.710194],[102.403781,15.700819],[102.408852,15.69781],[102.421262,15.694917],[102.431837,15.70487],[102.441117,15.705217],[102.444139,15.711352],[102.449211,15.715981],[102.461404,15.717254],[102.467231,15.716444],[102.481475,15.71818],[102.493238,15.724662],[102.502086,15.725125],[102.512553,15.728365],[102.530682,15.711467],[102.537049,15.708342],[102.541581,15.708921],[102.546545,15.706259],[102.556041,15.70406],[102.565213,15.707995],[102.576544,15.709731],[102.582695,15.707301],[102.586903,15.709847],[102.598018,15.712509],[102.598557,15.715634],[102.604061,15.724893],[102.60924,15.727902],[102.613557,15.727555],[102.636002,15.71737],[102.650138,15.714477],[102.657907,15.71737],[102.666648,15.715287],[102.672583,15.71899],[102.672799,15.72281],[102.679058,15.727671],[102.683806,15.72524],[102.691899,15.723504],[102.694489,15.714245],[102.69028,15.711583],[102.689633,15.702555],[102.694165,15.697463],[102.700532,15.69318],[102.700424,15.689361],[102.707006,15.686236],[102.712402,15.679639],[102.71661,15.665982],[102.726538,15.66656],[102.743911,15.669569],[102.751249,15.661005],[102.761716,15.652903],[102.771644,15.653019],[102.779629,15.645611],[102.780601,15.63913],[102.776608,15.633574],[102.785888,15.632764],[102.786967,15.636815],[102.79301,15.637278],[102.804233,15.632764],[102.818477,15.633806],[102.835095,15.636468],[102.844915,15.637047],[102.855274,15.636121],[102.861748,15.648736],[102.867576,15.652787],[102.867683,15.657185],[102.872324,15.663088],[102.876748,15.666097],[102.882359,15.664593],[102.883546,15.672463],[102.875021,15.675356],[102.873511,15.681491],[102.869842,15.68288],[102.869302,15.695842],[102.8761,15.705217],[102.876964,15.717139],[102.875993,15.733574],[102.873942,15.738551],[102.880525,15.745842],[102.878906,15.751861],[102.881064,15.756027],[102.877287,15.764245],[102.878367,15.771768],[102.883438,15.771768],[102.885489,15.778018],[102.891531,15.777786],[102.891855,15.781606],[102.897359,15.785772],[102.904589,15.783689],[102.906639,15.787046],[102.925199,15.795263],[102.930487,15.795842],[102.928437,15.800008],[102.93189,15.802208],[102.931134,15.815633],[102.92002,15.824198],[102.923041,15.831953],[102.919912,15.839823],[102.92002,15.846999],[102.923041,15.849082],[102.921854,15.855448],[102.925523,15.860888],[102.922501,15.870957],[102.925307,15.874892],[102.922286,15.881142],[102.915703,15.881374],[102.913113,15.890633],[102.908365,15.894452],[102.905991,15.901165],[102.902646,15.903364],[102.902107,15.909498],[102.899193,15.91679],[102.896819,15.918063],[102.896603,15.926975],[102.893366,15.927438],[102.890021,15.937508],[102.89779,15.951165],[102.894769,15.957531],[102.90243,15.965864],[102.901351,15.969452],[102.904049,15.980563],[102.908905,15.984035],[102.903294,15.990516],[102.897359,16.00209],[102.88905,16.006489],[102.884194,16.016789],[102.891316,16.018178],[102.895092,16.022692],[102.891316,16.029405],[102.884302,16.032993],[102.878582,16.033225],[102.876208,16.03797],[102.865525,16.037507],[102.859051,16.038896],[102.857972,16.046303],[102.862396,16.048155],[102.863259,16.052785],[102.861425,16.059035],[102.855813,16.06459],[102.851389,16.065516],[102.847936,16.075354],[102.856029,16.082183],[102.855598,16.092252],[102.860885,16.094914],[102.860454,16.100701],[102.864878,16.111349],[102.865202,16.116326],[102.86887,16.118756],[102.867683,16.125354],[102.856029,16.126279],[102.853332,16.132298],[102.845454,16.141326],[102.843188,16.146302],[102.843835,16.150816],[102.855813,16.155677],[102.857216,16.162738],[102.854519,16.166673],[102.845022,16.17246],[102.846209,16.185075],[102.845238,16.19121],[102.848152,16.19908],[102.84772,16.203362],[102.84362,16.209497],[102.847073,16.220029],[102.85085,16.221071],[102.85085,16.226626],[102.844807,16.232645],[102.844807,16.245376],[102.847181,16.248154],[102.849986,16.257181],[102.844915,16.26401],[102.845346,16.271302],[102.851281,16.281255],[102.864446,16.291209],[102.866389,16.297922],[102.874158,16.301741],[102.894013,16.315167],[102.896603,16.334148],[102.899948,16.33901],[102.89779,16.34306],[102.898546,16.348963],[102.907502,16.348963],[102.909121,16.351857],[102.905128,16.357065],[102.908581,16.361695],[102.9143,16.361463],[102.919588,16.365051],[102.925955,16.365977],[102.920991,16.373732],[102.920667,16.377551],[102.924552,16.379982],[102.930703,16.377435],[102.937285,16.377782],[102.934048,16.383685],[102.939875,16.386],[102.943868,16.389588],[102.950126,16.390282],[102.95045,16.395491],[102.955522,16.402319],[102.946134,16.403824],[102.946565,16.407412],[102.956385,16.412736],[102.957356,16.428014],[102.948184,16.422227],[102.947429,16.429171],[102.949803,16.43843],[102.948939,16.444912],[102.955198,16.443523],[102.953148,16.451162],[102.958867,16.448847],[102.963615,16.451509],[102.967931,16.457412],[102.974838,16.456254],[102.982068,16.461578],[102.989729,16.462851],[102.992211,16.465976],[102.999441,16.465166],[103.005916,16.467134],[103.010987,16.471416],[103.020483,16.475004],[103.020267,16.481138],[103.026095,16.489587],[103.025555,16.491555],[103.035806,16.499309],[103.037317,16.492018],[103.042821,16.490745],[103.048863,16.497226],[103.054259,16.496647],[103.058791,16.499657],[103.068503,16.503013],[103.086416,16.516323],[103.087171,16.528129],[103.090732,16.532527],[103.096344,16.536346],[103.098502,16.541902],[103.103574,16.546068],[103.105408,16.555096],[103.10789,16.555791],[103.116846,16.564471],[103.118897,16.569911],[103.118357,16.576392],[103.120623,16.581022],[103.119544,16.591323],[103.125803,16.5963],[103.134652,16.600003],[103.140587,16.599656],[103.15278,16.610536],[103.153752,16.618637],[103.150514,16.632873],[103.150191,16.641322],[103.152349,16.643637],[103.153536,16.646646],[103.150622,16.657295],[103.151378,16.661808],[103.155694,16.668521],[103.158823,16.670489],[103.159147,16.676623],[103.156126,16.678012],[103.154507,16.685419],[103.150298,16.687387],[103.149003,16.693174],[103.144795,16.701854],[103.148788,16.708336],[103.149543,16.717364],[103.153752,16.717827],[103.156665,16.722225],[103.158931,16.732757],[103.15591,16.73785],[103.146953,16.745951],[103.146306,16.754748],[103.152457,16.761229],[103.160981,16.762618],[103.171233,16.770372],[103.173283,16.780442],[103.175441,16.784724],[103.181053,16.78947],[103.179434,16.800465],[103.182887,16.805557],[103.184074,16.821414],[103.179002,16.826622],[103.178031,16.833451],[103.179758,16.837039],[103.178355,16.841784],[103.171017,16.846529],[103.169938,16.853011],[103.174578,16.861228],[103.161089,16.867131],[103.147816,16.8669],[103.13368,16.871182],[103.137457,16.860418],[103.141234,16.855441],[103.141774,16.848497],[103.140155,16.839006],[103.137026,16.829631],[103.128932,16.824423],[103.123753,16.818289],[103.11307,16.81933],[103.104545,16.829747],[103.106811,16.834029],[103.103034,16.836229],[103.102387,16.841437],[103.106811,16.843752],[103.105624,16.847455],[103.115012,16.856136],[103.112206,16.858451],[103.112962,16.866089],[103.119868,16.870835],[103.11922,16.875812],[103.123213,16.899075],[103.11512,16.906483],[103.10843,16.906714],[103.1053,16.911112],[103.09807,16.912617]]]}},{"type":"Feature","id":"TH41","bbox":[102.015846,16.803127,103.668048,18.08622],"properties":{"ADM1_PCODE":"TH41","ADM1_TH":"อุดรธานี","ADM1_EN":"Udon Thani"},"geometry":{"type":"Polygon","coordinates":[[[103.399677,17.904624],[103.394066,17.901036],[103.397951,17.897564],[103.397195,17.881939],[103.393634,17.875342],[103.387915,17.871175],[103.382628,17.874069],[103.373671,17.871523],[103.376153,17.866546],[103.371297,17.863768],[103.366225,17.857518],[103.36342,17.858907],[103.355542,17.854046],[103.352629,17.854972],[103.341406,17.849532],[103.340219,17.84143],[103.32986,17.824648],[103.321227,17.826384],[103.310328,17.825574],[103.306767,17.828352],[103.300293,17.827079],[103.29371,17.830551],[103.269646,17.849069],[103.266085,17.857865],[103.266193,17.865504],[103.2581,17.871638],[103.255079,17.876962],[103.239,17.88518],[103.239432,17.879856],[103.230044,17.878004],[103.227993,17.873953],[103.219253,17.870944],[103.211483,17.872217],[103.204037,17.869671],[103.199937,17.865851],[103.191844,17.869555],[103.175118,17.852078],[103.177492,17.849879],[103.172528,17.838537],[103.171772,17.830898],[103.168103,17.824648],[103.166701,17.814231],[103.160226,17.80613],[103.15278,17.802773],[103.139831,17.812032],[103.135191,17.816893],[103.132817,17.823028],[103.127637,17.829856],[103.122674,17.832403],[103.127314,17.837379],[103.127314,17.844324],[103.121918,17.846523],[103.116307,17.851152],[103.114041,17.861222],[103.10843,17.861685],[103.104653,17.85775],[103.101415,17.861106],[103.100013,17.869787],[103.093646,17.867125],[103.09138,17.871291],[103.085984,17.875458],[103.08156,17.874763],[103.081776,17.879972],[103.077999,17.885759],[103.072711,17.885759],[103.057173,17.879509],[103.051777,17.880087],[103.044331,17.885296],[103.041526,17.892703],[103.037533,17.889694],[103.040878,17.884138],[103.038396,17.877773],[103.030519,17.874532],[103.027605,17.876847],[103.012498,17.875805],[103.010232,17.869092],[103.011958,17.864694],[103.0098,17.861453],[103.004513,17.862379],[103.004081,17.841893],[102.99329,17.84444],[102.988326,17.843398],[102.982607,17.836453],[102.981852,17.829972],[102.968579,17.823722],[102.965342,17.827542],[102.961025,17.82731],[102.961673,17.833213],[102.956601,17.835065],[102.954874,17.844208],[102.951637,17.850111],[102.944191,17.855435],[102.942249,17.859139],[102.942249,17.870944],[102.936853,17.875689],[102.936638,17.884601],[102.927465,17.89305],[102.919804,17.892587],[102.918293,17.890504],[102.893798,17.891199],[102.890884,17.894439],[102.883438,17.898259],[102.880848,17.895018],[102.875885,17.895018],[102.869842,17.888074],[102.870813,17.881476],[102.867683,17.876037],[102.873726,17.872796],[102.872324,17.868051],[102.873403,17.857287],[102.867468,17.857634],[102.868331,17.84606],[102.849555,17.839694],[102.845562,17.835065],[102.851065,17.826847],[102.837577,17.823722],[102.837145,17.817704],[102.839843,17.81238],[102.832397,17.809486],[102.83639,17.805088],[102.842325,17.803815],[102.838548,17.793977],[102.850526,17.785991],[102.845562,17.784833],[102.845022,17.779972],[102.854087,17.776269],[102.850958,17.764579],[102.848152,17.759486],[102.850418,17.751037],[102.846533,17.74907],[102.842325,17.741894],[102.848691,17.737612],[102.846425,17.726848],[102.838332,17.717589],[102.833045,17.715737],[102.835742,17.705436],[102.830671,17.69363],[102.819772,17.689579],[102.814052,17.686339],[102.806175,17.684487],[102.793658,17.68576],[102.788586,17.682288],[102.784054,17.682519],[102.780385,17.670251],[102.776068,17.667473],[102.774666,17.663422],[102.776392,17.654973],[102.774773,17.648376],[102.771212,17.644904],[102.764522,17.645714],[102.762472,17.639464],[102.764198,17.628584],[102.768299,17.62245],[102.766464,17.619904],[102.755997,17.620483],[102.754486,17.62326],[102.749091,17.623145],[102.748336,17.618284],[102.742185,17.619904],[102.738624,17.618168],[102.735602,17.608098],[102.731502,17.603585],[102.717366,17.604048],[102.712078,17.606015],[102.702798,17.61377],[102.699021,17.620135],[102.694489,17.621061],[102.686396,17.610529],[102.672907,17.605089],[102.671396,17.599765],[102.667943,17.596293],[102.651217,17.593747],[102.646901,17.598839],[102.649491,17.603816],[102.646577,17.609487],[102.646901,17.614233],[102.630067,17.620483],[102.613772,17.624765],[102.605571,17.625344],[102.596723,17.622566],[102.596939,17.629047],[102.601579,17.633677],[102.602982,17.6537],[102.600284,17.656825],[102.596831,17.669325],[102.600823,17.68113],[102.61183,17.683445],[102.6046,17.693283],[102.599205,17.695019],[102.584421,17.704047],[102.575357,17.715505],[102.569961,17.71863],[102.548379,17.737033],[102.538344,17.745135],[102.536833,17.754625],[102.532193,17.759834],[102.524639,17.76319],[102.512338,17.761917],[102.501223,17.757519],[102.497014,17.760065],[102.490216,17.757287],[102.47813,17.75694],[102.468958,17.753005],[102.464102,17.757172],[102.452232,17.761454],[102.451477,17.768398],[102.449318,17.771176],[102.440362,17.767472],[102.437448,17.774996],[102.440362,17.785759],[102.433995,17.787843],[102.433779,17.793745],[102.429463,17.79525],[102.441441,17.819903],[102.437125,17.821755],[102.424823,17.820597],[102.421478,17.825805],[102.410471,17.83275],[102.408313,17.840389],[102.400435,17.843398],[102.400543,17.849879],[102.403133,17.854972],[102.400543,17.861916],[102.396011,17.863537],[102.395795,17.869787],[102.40022,17.8765],[102.392234,17.886453],[102.386407,17.896986],[102.379393,17.896754],[102.376803,17.900921],[102.36407,17.907981],[102.366768,17.912958],[102.364502,17.917356],[102.357919,17.917009],[102.355869,17.924184],[102.349071,17.923837],[102.343351,17.925805],[102.342056,17.929971],[102.336229,17.934138],[102.32328,17.934948],[102.319719,17.940272],[102.309252,17.946985],[102.302885,17.958212],[102.298461,17.960874],[102.297814,17.967587],[102.291015,17.971291],[102.295655,17.980434],[102.290152,17.98298],[102.287238,17.988767],[102.281411,17.993281],[102.279793,17.98379],[102.275908,17.980666],[102.260153,17.985758],[102.253786,17.990272],[102.245477,17.99224],[102.244938,17.996869],[102.240837,18.000226],[102.235766,18.001036],[102.231341,18.005665],[102.224867,18.005434],[102.221953,18.00798],[102.214292,18.00555],[102.204364,18.00879],[102.200479,18.01504],[102.200911,18.021985],[102.187098,18.014346],[102.182566,18.013767],[102.169833,18.006938],[102.16379,18.001267],[102.155913,17.990388],[102.153754,17.992934],[102.148683,17.99224],[102.145985,18.00254],[102.14005,18.006476],[102.142208,18.013767],[102.140481,18.015503],[102.144582,18.025804],[102.14469,18.033443],[102.138863,18.035873],[102.13077,18.035526],[102.107785,18.026036],[102.104224,18.029276],[102.104224,18.033443],[102.11167,18.041776],[102.11318,18.054276],[102.108217,18.058906],[102.107785,18.067818],[102.0998,18.072332],[102.102066,18.078234],[102.096994,18.083095],[102.095052,18.080318],[102.083613,18.078929],[102.080592,18.082169],[102.071635,18.085063],[102.055125,18.08622],[102.052535,18.074762],[102.055341,18.068859],[102.055773,18.060179],[102.052535,18.050804],[102.054046,18.036336],[102.049514,18.033674],[102.046816,18.028813],[102.038291,18.023837],[102.039154,18.012841],[102.037644,18.005202],[102.039154,17.993628],[102.042392,17.989809],[102.026853,17.991429],[102.015846,17.981013],[102.024479,17.976499],[102.027069,17.967471],[102.024155,17.965041],[102.024587,17.954971],[102.030845,17.944323],[102.030522,17.934485],[102.032896,17.927309],[102.032248,17.922217],[102.034622,17.918745],[102.038723,17.907749],[102.036025,17.897911],[102.037212,17.887958],[102.045845,17.877541],[102.052212,17.87268],[102.049945,17.866546],[102.048651,17.853699],[102.051996,17.847102],[102.049298,17.835643],[102.047571,17.820134],[102.042823,17.812958],[102.03786,17.809833],[102.036457,17.806477],[102.040665,17.795482],[102.045737,17.790157],[102.039694,17.785065],[102.03063,17.786222],[102.028364,17.78275],[102.029658,17.776153],[102.024263,17.766547],[102.023723,17.755667],[102.019191,17.751848],[102.017788,17.746408],[102.021349,17.738769],[102.023076,17.731593],[102.023292,17.721755],[102.025666,17.717357],[102.029658,17.700228],[102.028687,17.682404],[102.026313,17.6787],[102.032464,17.667357],[102.039262,17.663306],[102.036673,17.657982],[102.036457,17.650228],[102.042392,17.648955],[102.048543,17.653237],[102.053075,17.6537],[102.054801,17.657057],[102.061168,17.657057],[102.072822,17.645483],[102.078434,17.64583],[102.083289,17.634256],[102.099044,17.645598],[102.105087,17.644557],[102.109943,17.638422],[102.117173,17.636339],[102.119655,17.632751],[102.129475,17.635645],[102.133036,17.641663],[102.132172,17.647219],[102.138863,17.649186],[102.145229,17.66076],[102.150733,17.666316],[102.157855,17.668399],[102.165193,17.663769],[102.170264,17.663654],[102.177063,17.659371],[102.185803,17.657635],[102.193681,17.657867],[102.200803,17.655205],[102.207709,17.657057],[102.215694,17.653237],[102.223464,17.651154],[102.234147,17.652195],[102.245154,17.650575],[102.25875,17.656825],[102.264254,17.660992],[102.269433,17.662728],[102.262527,17.679047],[102.262635,17.689464],[102.266304,17.690505],[102.2758,17.688654],[102.282059,17.685992],[102.284541,17.691547],[102.290368,17.687612],[102.296087,17.686107],[102.299324,17.682982],[102.301806,17.675112],[102.305043,17.67488],[102.317885,17.679163],[102.318964,17.647797],[102.323172,17.630552],[102.32587,17.598145],[102.327597,17.5912],[102.333316,17.579048],[102.334395,17.568631],[102.332452,17.550923],[102.345402,17.535067],[102.349394,17.52627],[102.359861,17.516201],[102.368818,17.500345],[102.373458,17.485993],[102.382415,17.463771],[102.384896,17.452197],[102.398601,17.414697],[102.405939,17.40104],[102.421262,17.375808],[102.426226,17.368864],[102.43119,17.353933],[102.436369,17.34317],[102.441009,17.325924],[102.440038,17.301503],[102.437772,17.28229],[102.460433,17.287152],[102.478778,17.284721],[102.489569,17.280439],[102.500252,17.272105],[102.510827,17.27523],[102.516762,17.272684],[102.520215,17.273841],[102.525934,17.271295],[102.538128,17.275925],[102.549135,17.276851],[102.559278,17.269443],[102.57827,17.269212],[102.581292,17.264351],[102.592622,17.265855],[102.591543,17.25405],[102.584421,17.245601],[102.585392,17.242129],[102.577623,17.239698],[102.574278,17.233564],[102.569853,17.236457],[102.567371,17.232638],[102.53856,17.225578],[102.53543,17.228587],[102.527553,17.225231],[102.518273,17.225462],[102.504568,17.230323],[102.501331,17.22986],[102.490216,17.217013],[102.491187,17.207638],[102.482231,17.205092],[102.475433,17.204513],[102.469713,17.201388],[102.474785,17.193518],[102.481475,17.179166],[102.490971,17.166898],[102.504244,17.146296],[102.506403,17.140856],[102.511366,17.121528],[102.519244,17.100231],[102.533272,17.081482],[102.54007,17.070718],[102.549243,17.061574],[102.56435,17.051736],[102.572011,17.044676],[102.586148,17.037037],[102.600823,17.03125],[102.61388,17.024537],[102.625427,17.016899],[102.635354,17.008565],[102.650893,16.999075],[102.663842,16.99676],[102.669346,16.993751],[102.677223,17.004283],[102.681863,17.017246],[102.679166,17.025],[102.681863,17.028241],[102.677763,17.031945],[102.679597,17.036922],[102.678626,17.042824],[102.679489,17.051505],[102.682727,17.052662],[102.686719,17.060301],[102.690712,17.064815],[102.695244,17.065278],[102.698481,17.072454],[102.699992,17.086921],[102.704848,17.088079],[102.710244,17.086343],[102.708949,17.080324],[102.712725,17.076736],[102.717258,17.065741],[102.715639,17.058218],[102.717905,17.05382],[102.723301,17.049537],[102.737005,17.047223],[102.744775,17.04132],[102.750494,17.041898],[102.759558,17.034144],[102.761608,17.028125],[102.765277,17.025348],[102.775745,17.023033],[102.781464,17.016436],[102.78891,17.013658],[102.795276,17.006135],[102.798082,16.993288],[102.801103,16.988079],[102.806175,16.986343],[102.817182,16.979862],[102.816966,16.976042],[102.822361,16.971413],[102.814808,16.965163],[102.80952,16.962964],[102.80488,16.95845],[102.804341,16.952084],[102.810168,16.946413],[102.819556,16.939353],[102.817074,16.926969],[102.812218,16.922802],[102.809089,16.908682],[102.812434,16.904052],[102.810276,16.892478],[102.814376,16.884839],[102.822254,16.875349],[102.820527,16.867015],[102.82398,16.862733],[102.828189,16.863775],[102.831426,16.868289],[102.841461,16.872687],[102.849231,16.874307],[102.848691,16.877316],[102.854519,16.883103],[102.859051,16.883682],[102.862828,16.879747],[102.869626,16.881483],[102.874266,16.879978],[102.875669,16.873034],[102.882683,16.87558],[102.89056,16.864585],[102.895524,16.860302],[102.901891,16.850928],[102.908797,16.844909],[102.912466,16.838543],[102.917538,16.835534],[102.926278,16.838312],[102.941925,16.836344],[102.95045,16.841784],[102.954659,16.840511],[102.973651,16.850002],[102.97937,16.855326],[102.987571,16.85683],[102.995664,16.859724],[103.00257,16.864585],[103.006779,16.864469],[103.009477,16.87014],[103.016383,16.870025],[103.021886,16.872687],[103.026203,16.872339],[103.028145,16.878126],[103.031382,16.879515],[103.037641,16.88565],[103.043576,16.888427],[103.052532,16.88565],[103.062136,16.891552],[103.063539,16.895024],[103.073683,16.9022],[103.078862,16.898034],[103.083718,16.899075],[103.08674,16.90521],[103.092135,16.910302],[103.09807,16.912617],[103.096883,16.917709],[103.098933,16.92176],[103.096991,16.925001],[103.102063,16.934492],[103.101739,16.938543],[103.10789,16.939353],[103.112206,16.949769],[103.114365,16.959144],[103.118681,16.962269],[103.12958,16.956135],[103.132709,16.956945],[103.151378,16.948381],[103.16055,16.946876],[103.164003,16.951274],[103.169938,16.950232],[103.179218,16.954052],[103.185153,16.947107],[103.18947,16.950001],[103.201016,16.950001],[103.203822,16.958218],[103.210512,16.958334],[103.21321,16.963543],[103.220979,16.967825],[103.227454,16.962964],[103.230044,16.958797],[103.23954,16.959376],[103.239863,16.961343],[103.257129,16.949306],[103.2772,16.941899],[103.280437,16.933334],[103.285401,16.930441],[103.285293,16.9272],[103.290473,16.924075],[103.306336,16.922108],[103.321874,16.924075],[103.330076,16.924075],[103.350794,16.92095],[103.353924,16.917131],[103.367304,16.908103],[103.369678,16.904052],[103.37475,16.903242],[103.380254,16.906251],[103.385109,16.902895],[103.38921,16.896645],[103.3959,16.893057],[103.397411,16.888312],[103.403238,16.884261],[103.410792,16.871413],[103.412734,16.864585],[103.411979,16.860997],[103.400756,16.854747],[103.408202,16.850696],[103.410576,16.842016],[103.415216,16.832988],[103.418022,16.819446],[103.413274,16.810997],[103.413598,16.806946],[103.421691,16.803127],[103.43259,16.813196],[103.43874,16.820256],[103.441438,16.825349],[103.449747,16.834492],[103.4491,16.83808],[103.443381,16.844099],[103.443165,16.84734],[103.450503,16.852548],[103.454279,16.864238],[103.459891,16.86852],[103.464423,16.874423],[103.470034,16.875117],[103.471113,16.880904],[103.479962,16.888312],[103.478235,16.891668],[103.48266,16.897339],[103.485465,16.904168],[103.490861,16.902663],[103.491724,16.906714],[103.488163,16.910881],[103.490645,16.913196],[103.490213,16.919793],[103.493774,16.927316],[103.487408,16.932061],[103.48676,16.940279],[103.492264,16.947107],[103.494098,16.952779],[103.491616,16.957061],[103.49453,16.963427],[103.502947,16.974885],[103.503378,16.980441],[103.506723,16.986575],[103.51363,16.989353],[103.516004,16.99676],[103.519673,16.997917],[103.518054,17.003589],[103.519565,17.006829],[103.515248,17.026968],[103.518486,17.034491],[103.511364,17.035996],[103.515464,17.04132],[103.50791,17.044676],[103.51978,17.056597],[103.525284,17.058565],[103.5296,17.062384],[103.537262,17.065972],[103.539204,17.078241],[103.544923,17.079977],[103.549132,17.083796],[103.548808,17.089005],[103.558196,17.086343],[103.562081,17.093519],[103.572117,17.091551],[103.575893,17.093519],[103.577944,17.101736],[103.587763,17.09919],[103.587656,17.09537],[103.599849,17.096875],[103.604274,17.095949],[103.606863,17.099537],[103.611396,17.094444],[103.618949,17.092361],[103.622294,17.086806],[103.626503,17.083102],[103.628445,17.076042],[103.631467,17.076042],[103.63902,17.070371],[103.639884,17.058334],[103.643229,17.054398],[103.647437,17.05382],[103.652833,17.047801],[103.652617,17.039584],[103.647437,17.027662],[103.650459,17.021297],[103.662113,17.019676],[103.659739,17.028473],[103.660926,17.041551],[103.664919,17.048033],[103.666322,17.054514],[103.661789,17.06169],[103.66071,17.066898],[103.65402,17.071412],[103.65607,17.083565],[103.662653,17.089815],[103.66535,17.101157],[103.668048,17.105903],[103.658444,17.113426],[103.644955,17.114699],[103.638481,17.111458],[103.636215,17.120717],[103.628014,17.136342],[103.622402,17.143865],[103.620244,17.150694],[103.613878,17.150347],[103.611288,17.158449],[103.607079,17.1603],[103.59931,17.170023],[103.59003,17.170949],[103.582692,17.16331],[103.572656,17.157407],[103.567261,17.157638],[103.566074,17.161226],[103.559275,17.16574],[103.553772,17.172569],[103.549024,17.174074],[103.532298,17.185763],[103.51773,17.194675],[103.510608,17.197916],[103.507371,17.200925],[103.487731,17.210416],[103.475106,17.217476],[103.468523,17.223032],[103.463236,17.217245],[103.460754,17.218055],[103.45169,17.212615],[103.447157,17.217245],[103.438525,17.213309],[103.430431,17.216434],[103.430863,17.219907],[103.425576,17.221064],[103.421475,17.219444],[103.416835,17.212383],[103.407663,17.216666],[103.400972,17.224652],[103.386512,17.229397],[103.383491,17.227545],[103.375829,17.236805],[103.371513,17.237383],[103.365686,17.234606],[103.361154,17.235994],[103.358456,17.242129],[103.354463,17.244443],[103.355003,17.252777],[103.350794,17.255323],[103.344751,17.254629],[103.33655,17.258332],[103.328565,17.256712],[103.32727,17.261457],[103.314537,17.264351],[103.307846,17.267244],[103.305256,17.270369],[103.301156,17.268633],[103.295976,17.270716],[103.289933,17.267591],[103.28648,17.271179],[103.282811,17.266434],[103.274934,17.270601],[103.272991,17.27361],[103.273747,17.27986],[103.262632,17.289582],[103.257345,17.303355],[103.257129,17.309605],[103.252381,17.313772],[103.255402,17.319096],[103.256697,17.32685],[103.266841,17.328471],[103.270186,17.332985],[103.27256,17.340392],[103.272452,17.347915],[103.276337,17.350924],[103.281516,17.360068],[103.282811,17.36817],[103.287559,17.373841],[103.291012,17.374882],[103.294573,17.384836],[103.297055,17.388655],[103.301588,17.389929],[103.301372,17.395253],[103.2963,17.39803],[103.293171,17.403354],[103.28853,17.406942],[103.281732,17.419442],[103.283243,17.426618],[103.280545,17.432174],[103.276445,17.434951],[103.27461,17.443632],[103.281193,17.450576],[103.282164,17.45891],[103.285725,17.461572],[103.287883,17.467127],[103.288423,17.475923],[103.28648,17.482173],[103.290797,17.488539],[103.287883,17.490044],[103.286804,17.498146],[103.290473,17.501733],[103.300616,17.506247],[103.308386,17.517127],[103.316911,17.52384],[103.315832,17.534951],[103.318961,17.53877],[103.319069,17.54583],[103.323061,17.554627],[103.328565,17.549881],[103.331802,17.556016],[103.335255,17.55752],[103.33709,17.573377],[103.340111,17.578701],[103.343564,17.578353],[103.356945,17.590275],[103.36342,17.590043],[103.370542,17.585529],[103.371297,17.580668],[103.375182,17.579279],[103.37788,17.582751],[103.375398,17.591779],[103.381117,17.589349],[103.38457,17.594673],[103.391476,17.594094],[103.39644,17.595714],[103.398706,17.592242],[103.403454,17.5912],[103.407878,17.594094],[103.406583,17.603816],[103.399353,17.609256],[103.400325,17.61296],[103.397411,17.617242],[103.398274,17.625344],[103.401188,17.632404],[103.401188,17.64039],[103.398382,17.642358],[103.40108,17.65833],[103.404102,17.661339],[103.407015,17.669441],[103.404857,17.676964],[103.400864,17.684718],[103.401404,17.690042],[103.405612,17.695829],[103.405936,17.701848],[103.404425,17.719788],[103.40831,17.727774],[103.409281,17.733792],[103.406583,17.743862],[103.404209,17.747449],[103.40162,17.75694],[103.399785,17.758676],[103.385757,17.752311],[103.382951,17.75451],[103.377016,17.764],[103.380577,17.769672],[103.376693,17.772334],[103.373671,17.778468],[103.367844,17.779857],[103.368599,17.790042],[103.378743,17.79606],[103.374211,17.801269],[103.375829,17.80613],[103.381009,17.812727],[103.374858,17.813768],[103.379714,17.818514],[103.386836,17.821292],[103.390073,17.829278],[103.387483,17.832981],[103.37993,17.837379],[103.380038,17.83981],[103.387052,17.842935],[103.396224,17.843051],[103.39903,17.840273],[103.394929,17.832634],[103.398166,17.830898],[103.406476,17.839231],[103.408957,17.835759],[103.416619,17.836106],[103.419425,17.843282],[103.413813,17.842935],[103.405612,17.849764],[103.400001,17.846176],[103.393742,17.855551],[103.40162,17.857055],[103.408094,17.861106],[103.403238,17.868282],[103.405504,17.877194],[103.409389,17.877657],[103.417698,17.882634],[103.414677,17.885759],[103.413921,17.891083],[103.411008,17.895249],[103.413058,17.900689],[103.407986,17.904277],[103.399677,17.904624]]]}},{"type":"Feature","id":"TH42","bbox":[100.833266,16.75359,102.154078,18.220247],"properties":{"ADM1_PCODE":"TH42","ADM1_TH":"เลย","ADM1_EN":"Loei"},"geometry":{"type":"Polygon","coordinates":[[[102.105627,18.213534],[102.088793,18.220247],[102.079513,18.218164],[102.043795,18.199067],[102.041205,18.194322],[102.039154,18.185641],[102.033327,18.170711],[102.033004,18.161799],[102.023939,18.150803],[102.016386,18.148026],[102.00171,18.132864],[101.994804,18.12453],[101.986387,18.123373],[101.973114,18.113072],[101.966855,18.109716],[101.962107,18.102655],[101.955309,18.104623],[101.953043,18.10173],[101.954553,18.096868],[101.953043,18.091776],[101.937396,18.079739],[101.937288,18.073489],[101.934051,18.068512],[101.925957,18.060063],[101.919159,18.049762],[101.9129,18.042008],[101.909987,18.034485],[101.903512,18.029855],[101.894556,18.028003],[101.88765,18.028813],[101.88042,18.027424],[101.873837,18.029161],[101.867039,18.034253],[101.863262,18.039577],[101.856464,18.044323],[101.840493,18.051267],[101.835313,18.051846],[101.826681,18.059253],[101.822904,18.060642],[101.816321,18.0596],[101.800351,18.064693],[101.794092,18.065156],[101.78697,18.071637],[101.780927,18.068165],[101.765928,18.054623],[101.763769,18.045596],[101.756971,18.036684],[101.755353,18.029624],[101.754813,18.011684],[101.751792,18.001267],[101.744777,17.991429],[101.744022,17.980318],[101.735929,17.960411],[101.729454,17.949879],[101.728375,17.944092],[101.733555,17.928583],[101.732476,17.922333],[101.72298,17.910874],[101.713052,17.903467],[101.706254,17.904277],[101.703124,17.911684],[101.693952,17.913073],[101.67701,17.90636],[101.650249,17.896638],[101.631257,17.895481],[101.622408,17.892472],[101.616905,17.893513],[101.611833,17.886916],[101.612049,17.87812],[101.609998,17.87268],[101.599855,17.853236],[101.592301,17.849185],[101.587877,17.851037],[101.580863,17.867819],[101.575467,17.869787],[101.570072,17.864463],[101.567806,17.850111],[101.565216,17.841778],[101.551835,17.820829],[101.553346,17.817704],[101.551619,17.810759],[101.552914,17.80775],[101.560252,17.808792],[101.566943,17.803583],[101.574065,17.790389],[101.572554,17.784602],[101.557878,17.789],[101.550432,17.788653],[101.547303,17.786917],[101.540721,17.776732],[101.536944,17.77488],[101.528851,17.774185],[101.523131,17.776963],[101.521944,17.773259],[101.512448,17.76481],[101.505326,17.760412],[101.503816,17.755435],[101.497125,17.754162],[101.497341,17.750459],[101.502413,17.745829],[101.495075,17.740158],[101.493025,17.726269],[101.488708,17.723954],[101.485471,17.72569],[101.486874,17.737843],[101.49119,17.744093],[101.488384,17.746639],[101.480507,17.743746],[101.477162,17.745135],[101.475759,17.751616],[101.482989,17.754162],[101.482881,17.760412],[101.462702,17.752195],[101.465616,17.746639],[101.456551,17.747449],[101.454393,17.745482],[101.452882,17.737959],[101.442955,17.733561],[101.436372,17.73194],[101.425689,17.737033],[101.42202,17.736917],[101.420725,17.730551],[101.417488,17.730088],[101.415977,17.735528],[101.403352,17.735528],[101.396877,17.727542],[101.401086,17.723723],[101.409718,17.72326],[101.41274,17.725112],[101.421696,17.723723],[101.42925,17.71863],[101.428495,17.712612],[101.421481,17.712033],[101.414035,17.709371],[101.405618,17.700228],[101.408855,17.689811],[101.401733,17.682751],[101.398064,17.690158],[101.386518,17.69745],[101.380367,17.696987],[101.377777,17.69039],[101.377993,17.682288],[101.367094,17.679279],[101.36062,17.680552],[101.357922,17.67245],[101.345404,17.659256],[101.339685,17.660529],[101.331808,17.65451],[101.325333,17.656709],[101.320801,17.654047],[101.305478,17.649418],[101.306449,17.645714],[101.311737,17.6412],[101.307744,17.632751],[101.299759,17.633909],[101.294795,17.631015],[101.291342,17.624997],[101.287781,17.62326],[101.281846,17.610413],[101.274292,17.611339],[101.266307,17.605089],[101.258753,17.597219],[101.259401,17.58958],[101.255408,17.583446],[101.249689,17.579164],[101.247207,17.571756],[101.247207,17.561571],[101.242459,17.553932],[101.239114,17.553006],[101.232531,17.554858],[101.232531,17.550229],[101.229078,17.535877],[101.224546,17.533562],[101.220769,17.534488],[101.212244,17.5309],[101.202532,17.530321],[101.189259,17.531131],[101.178253,17.526386],[101.177497,17.520252],[101.178684,17.507057],[101.182785,17.497914],[101.17944,17.495831],[101.169296,17.493863],[101.163145,17.491433],[101.162606,17.482636],[101.163793,17.470136],[101.160232,17.467127],[101.14998,17.466664],[101.147283,17.469558],[101.146204,17.478585],[101.141348,17.475576],[101.13088,17.473146],[101.129909,17.479511],[101.120629,17.483562],[101.115557,17.478817],[101.10973,17.480322],[101.110701,17.485414],[101.10714,17.492243],[101.103256,17.492359],[101.095054,17.49884],[101.099587,17.500576],[101.093328,17.508909],[101.08858,17.50671],[101.075091,17.505206],[101.066135,17.513655],[101.060415,17.516664],[101.060631,17.525229],[101.046279,17.530321],[101.046064,17.544442],[101.029014,17.549187],[101.023618,17.552312],[101.023295,17.557752],[101.009482,17.556363],[101.002792,17.556826],[100.998152,17.563191],[100.989303,17.568052],[100.985095,17.566201],[100.978944,17.572103],[100.974196,17.570252],[100.967829,17.57164],[100.965023,17.574881],[100.957038,17.573377],[100.949161,17.574534],[100.939665,17.572682],[100.937938,17.569789],[100.9306,17.570946],[100.917112,17.57627],[100.918838,17.580437],[100.912148,17.58171],[100.905457,17.587728],[100.904378,17.591779],[100.899846,17.590853],[100.893803,17.585761],[100.886034,17.582288],[100.879235,17.583793],[100.873193,17.576849],[100.866934,17.565738],[100.861215,17.544789],[100.864883,17.541201],[100.866394,17.535761],[100.87179,17.529164],[100.864883,17.516548],[100.854308,17.506479],[100.845999,17.502659],[100.843949,17.49803],[100.844165,17.489349],[100.833806,17.482521],[100.833266,17.47766],[100.834777,17.468516],[100.84751,17.459488],[100.850208,17.454627],[100.854848,17.451502],[100.862294,17.454049],[100.866178,17.451155],[100.874487,17.449419],[100.879991,17.452197],[100.88625,17.46053],[100.891753,17.462035],[100.903191,17.458447],[100.905781,17.453817],[100.916356,17.450924],[100.916033,17.44178],[100.914414,17.434836],[100.920457,17.431711],[100.923694,17.421526],[100.920889,17.415276],[100.922399,17.402197],[100.916788,17.399304],[100.916788,17.385415],[100.913011,17.375808],[100.916788,17.372799],[100.91463,17.367822],[100.916896,17.363656],[100.916356,17.355322],[100.913659,17.342591],[100.920996,17.338424],[100.930169,17.336804],[100.939881,17.33692],[100.943765,17.341086],[100.947003,17.33935],[100.957146,17.337498],[100.963405,17.338309],[100.969556,17.342128],[100.973548,17.339929],[100.987253,17.339003],[100.992972,17.341434],[101.007,17.3331],[101.008727,17.329049],[101.007324,17.324073],[101.010669,17.315855],[101.015309,17.311688],[101.022108,17.31354],[101.031172,17.306943],[101.035596,17.300693],[101.036028,17.297105],[101.042071,17.292939],[101.04833,17.286226],[101.061171,17.281017],[101.069804,17.280091],[101.082105,17.281827],[101.082429,17.272337],[101.089011,17.264929],[101.092788,17.253124],[101.108759,17.2353],[101.110054,17.230902],[101.108004,17.216319],[101.099587,17.209721],[101.095702,17.199884],[101.093004,17.197337],[101.083292,17.193055],[101.079947,17.185069],[101.075091,17.177661],[101.075091,17.16956],[101.080271,17.167592],[101.075631,17.159838],[101.080055,17.153356],[101.078328,17.151504],[101.077789,17.13669],[101.073257,17.134375],[101.069912,17.128819],[101.071638,17.117708],[101.070559,17.11493],[101.061279,17.112616],[101.051243,17.115278],[101.054696,17.103935],[101.051027,17.096644],[101.056423,17.093981],[101.056423,17.090162],[101.052862,17.086806],[101.050164,17.076389],[101.055883,17.070718],[101.056099,17.064352],[101.058257,17.060417],[101.05502,17.054167],[101.05707,17.048496],[101.051999,17.040973],[101.057826,17.03426],[101.058257,17.028704],[101.053401,17.02257],[101.055667,17.017362],[101.049948,17.009607],[101.046387,17.0022],[101.045524,16.994908],[101.046171,16.986575],[101.044229,16.981945],[101.048761,16.976505],[101.045524,16.972107],[101.045308,16.965626],[101.051459,16.956019],[101.041963,16.951853],[101.037647,16.947455],[101.028474,16.945024],[101.026424,16.941436],[101.033438,16.931135],[101.039589,16.928821],[101.047251,16.928821],[101.050919,16.930672],[101.059228,16.928358],[101.061818,16.929631],[101.071422,16.924538],[101.071206,16.911691],[101.066998,16.902895],[101.074012,16.9022],[101.078976,16.899538],[101.092033,16.908335],[101.100558,16.911575],[101.101529,16.917247],[101.104658,16.922571],[101.104443,16.93264],[101.106817,16.936922],[101.112536,16.939469],[101.111996,16.946529],[101.115233,16.950927],[101.114694,16.967015],[101.113399,16.976853],[101.114478,16.983566],[101.113507,16.997339],[101.110701,17.000579],[101.111133,17.007755],[101.11437,17.011112],[101.115018,17.016436],[101.120629,17.022801],[101.127427,17.023843],[101.128938,17.026621],[101.135305,17.027894],[101.140161,17.032639],[101.146204,17.032755],[101.167246,17.037385],[101.169728,17.039236],[101.170159,17.046181],[101.172749,17.053704],[101.178468,17.055903],[101.188396,17.065972],[101.200482,17.068403],[101.209115,17.067824],[101.214186,17.062963],[101.221309,17.059838],[101.228431,17.064584],[101.22897,17.069445],[101.225517,17.077315],[101.224762,17.083565],[101.226272,17.087037],[101.238358,17.097569],[101.240732,17.10544],[101.243969,17.108796],[101.25012,17.11169],[101.259293,17.108333],[101.272781,17.096296],[101.281522,17.100579],[101.288428,17.107523],[101.294903,17.10706],[101.299867,17.113426],[101.306341,17.118171],[101.306881,17.128819],[101.317132,17.135301],[101.323067,17.140625],[101.323175,17.144676],[101.330729,17.146296],[101.337527,17.153819],[101.344002,17.157754],[101.344002,17.161111],[101.349937,17.162615],[101.351016,17.167708],[101.355872,17.170486],[101.362238,17.171527],[101.371411,17.168171],[101.374432,17.170486],[101.382417,17.170254],[101.389,17.175347],[101.398712,17.178009],[101.402704,17.172685],[101.409395,17.173263],[101.419107,17.163888],[101.421481,17.16331],[101.425797,17.156713],[101.4313,17.154282],[101.442091,17.147685],[101.445652,17.14699],[101.452666,17.139583],[101.452666,17.130787],[101.456767,17.126157],[101.451803,17.123727],[101.452666,17.120254],[101.457738,17.117014],[101.455796,17.111458],[101.461839,17.102893],[101.458709,17.098727],[101.462378,17.095139],[101.467126,17.095023],[101.476083,17.088542],[101.479752,17.081134],[101.480183,17.074769],[101.489356,17.058912],[101.491945,17.033102],[101.49583,17.027894],[101.496586,17.02257],[101.501442,17.01713],[101.504247,17.010186],[101.508024,17.013195],[101.517952,17.015163],[101.520542,17.019213],[101.533599,17.023264],[101.540289,17.019792],[101.544929,17.014584],[101.546871,17.001737],[101.552159,16.994445],[101.559928,16.993982],[101.566727,16.985533],[101.57536,16.983797],[101.583345,16.987848],[101.587661,16.996181],[101.596941,16.996413],[101.600502,16.999885],[101.608272,16.999422],[101.613452,17.005209],[101.612696,17.009028],[101.61712,17.015163],[101.616473,17.021991],[101.620358,17.026274],[101.62435,17.036806],[101.631365,17.042824],[101.639134,17.04375],[101.644314,17.039236],[101.650033,17.01794],[101.652946,17.01632],[101.655644,17.009607],[101.654457,17.005903],[101.659745,16.995371],[101.668162,16.985417],[101.668809,16.980093],[101.674852,16.976274],[101.675176,16.971181],[101.66978,16.960186],[101.6755,16.945603],[101.680032,16.939353],[101.688772,16.934376],[101.688125,16.926159],[101.684996,16.921413],[101.686506,16.918983],[101.682837,16.912501],[101.684996,16.899654],[101.681542,16.896182],[101.678737,16.883335],[101.682729,16.880673],[101.683593,16.874307],[101.681003,16.869909],[101.678845,16.861228],[101.681435,16.857293],[101.687585,16.858451],[101.684456,16.851506],[101.685427,16.846761],[101.690823,16.848381],[101.689959,16.842016],[101.693628,16.834955],[101.697729,16.835418],[101.705067,16.830442],[101.708951,16.822687],[101.718771,16.815511],[101.718447,16.808567],[101.721793,16.807409],[101.71834,16.799886],[101.700535,16.809493],[101.694168,16.80602],[101.686398,16.798497],[101.704419,16.784146],[101.718016,16.75984],[101.725354,16.754516],[101.730102,16.75359],[101.745101,16.757178],[101.758374,16.755789],[101.764741,16.756831],[101.769489,16.760535],[101.774453,16.75984],[101.785243,16.762155],[101.797221,16.768984],[101.801322,16.768984],[101.824307,16.778822],[101.829378,16.779284],[101.834234,16.783798],[101.84373,16.785882],[101.849234,16.788775],[101.862075,16.790511],[101.867363,16.793405],[101.871355,16.80359],[101.881822,16.811344],[101.898117,16.81227],[101.905886,16.817131],[101.917325,16.822803],[101.927037,16.831252],[101.93718,16.834029],[101.945165,16.838891],[101.949805,16.839932],[101.944734,16.845835],[101.946568,16.849654],[101.95682,16.847108],[101.968905,16.846992],[101.969769,16.8419],[101.98002,16.840048],[101.982286,16.843867],[101.987466,16.843289],[101.993832,16.839932],[101.997933,16.848265],[102.003652,16.853011],[101.999444,16.860187],[102.004731,16.86227],[102.009264,16.869677],[102.01617,16.864238],[102.019623,16.86852],[102.025882,16.86227],[102.030522,16.863775],[102.039802,16.858335],[102.044658,16.860765],[102.043255,16.865858],[102.051132,16.86933],[102.055665,16.867826],[102.059657,16.871298],[102.055125,16.875349],[102.063326,16.881599],[102.063002,16.887154],[102.068506,16.889469],[102.063866,16.896529],[102.051348,16.902316],[102.048219,16.905094],[102.045737,16.916089],[102.039478,16.92639],[102.033543,16.938427],[102.029227,16.950695],[102.035701,16.955788],[102.045629,16.960186],[102.050269,16.964005],[102.057931,16.965394],[102.067319,16.960996],[102.07498,16.964816],[102.075628,16.969098],[102.082534,16.973959],[102.086635,16.973959],[102.091598,16.980672],[102.100123,16.983681],[102.113288,16.991089],[102.123863,16.993982],[102.148898,17.020024],[102.154078,17.028125],[102.149438,17.033797],[102.146848,17.031945],[102.140481,17.035417],[102.130122,17.037385],[102.124943,17.042246],[102.121166,17.054051],[102.119007,17.057176],[102.114044,17.058102],[102.101958,17.066898],[102.101202,17.076042],[102.105303,17.079977],[102.100663,17.087153],[102.099584,17.098148],[102.096886,17.102546],[102.092893,17.102431],[102.089332,17.111805],[102.079297,17.113889],[102.072391,17.112268],[102.064297,17.120023],[102.061492,17.120254],[102.047787,17.134953],[102.041421,17.134028],[102.037536,17.138194],[102.034299,17.14699],[102.040773,17.151157],[102.044334,17.160185],[102.044226,17.164236],[102.040126,17.169907],[102.034514,17.174652],[102.029443,17.185763],[102.031925,17.196296],[102.025342,17.200925],[102.024803,17.207522],[102.030738,17.215393],[102.035378,17.219444],[102.040018,17.213657],[102.055233,17.20324],[102.066563,17.191666],[102.068182,17.187036],[102.073362,17.186226],[102.082318,17.176041],[102.084153,17.167939],[102.087714,17.17199],[102.096778,17.177083],[102.096023,17.189351],[102.093649,17.205555],[102.086635,17.212152],[102.077031,17.248147],[102.070017,17.247568],[102.064189,17.250462],[102.060089,17.254629],[102.053614,17.251041],[102.047464,17.255323],[102.046061,17.26111],[102.035054,17.265277],[102.027069,17.277429],[102.026421,17.281249],[102.013364,17.278355],[102.014551,17.284952],[102.003652,17.296411],[101.99243,17.305901],[101.983797,17.316087],[101.986926,17.328934],[101.993185,17.334605],[102.000847,17.333563],[102.011422,17.334258],[102.02027,17.341202],[102.020594,17.345369],[102.01563,17.353586],[102.013904,17.364119],[102.017788,17.365739],[102.01822,17.373378],[102.012069,17.381943],[102.0043,17.387267],[101.998473,17.3956],[101.990056,17.40266],[101.981747,17.411456],[101.982286,17.414928],[101.989732,17.418632],[101.992861,17.427544],[101.987574,17.43935],[101.989084,17.445715],[101.988437,17.455669],[101.996422,17.460414],[102.009048,17.457174],[102.01876,17.459488],[102.028148,17.459257],[102.035054,17.456595],[102.045629,17.455206],[102.052751,17.449187],[102.063758,17.454396],[102.082426,17.461109],[102.085232,17.464465],[102.091491,17.462266],[102.095915,17.456595],[102.102821,17.45347],[102.105627,17.44803],[102.112857,17.452428],[102.11836,17.453238],[102.127532,17.458215],[102.124187,17.463655],[102.122569,17.470484],[102.114475,17.468632],[102.110914,17.470831],[102.108648,17.481016],[102.121274,17.48472],[102.125914,17.488423],[102.129043,17.494442],[102.124511,17.503354],[102.12559,17.509141],[102.134978,17.508446],[102.135733,17.515391],[102.138431,17.51921],[102.14005,17.529974],[102.136489,17.533446],[102.132928,17.540622],[102.135733,17.54884],[102.132172,17.559372],[102.12505,17.565506],[102.118792,17.568863],[102.119331,17.573029],[102.115339,17.577196],[102.115015,17.582867],[102.112101,17.592705],[102.106382,17.607636],[102.100231,17.614001],[102.095915,17.615159],[102.089656,17.626964],[102.086203,17.628932],[102.083289,17.634256],[102.078434,17.64583],[102.072822,17.645483],[102.061168,17.657057],[102.054801,17.657057],[102.053075,17.6537],[102.048543,17.653237],[102.042392,17.648955],[102.036457,17.650228],[102.036673,17.657982],[102.039262,17.663306],[102.032464,17.667357],[102.026313,17.6787],[102.028687,17.682404],[102.029658,17.700228],[102.025666,17.717357],[102.023292,17.721755],[102.023076,17.731593],[102.021349,17.738769],[102.017788,17.746408],[102.019191,17.751848],[102.023723,17.755667],[102.024263,17.766547],[102.029658,17.776153],[102.028364,17.78275],[102.03063,17.786222],[102.039694,17.785065],[102.045737,17.790157],[102.040665,17.795482],[102.036457,17.806477],[102.03786,17.809833],[102.042823,17.812958],[102.047571,17.820134],[102.049298,17.835643],[102.051996,17.847102],[102.048651,17.853699],[102.049945,17.866546],[102.052212,17.87268],[102.045845,17.877541],[102.037212,17.887958],[102.036025,17.897911],[102.038723,17.907749],[102.034622,17.918745],[102.032248,17.922217],[102.032896,17.927309],[102.030522,17.934485],[102.030845,17.944323],[102.024587,17.954971],[102.024155,17.965041],[102.027069,17.967471],[102.024479,17.976499],[102.015846,17.981013],[102.026853,17.991429],[102.042392,17.989809],[102.039154,17.993628],[102.037644,18.005202],[102.039154,18.012841],[102.038291,18.023837],[102.046816,18.028813],[102.049514,18.033674],[102.054046,18.036336],[102.052535,18.050804],[102.055773,18.060179],[102.055341,18.068859],[102.052535,18.074762],[102.055125,18.08622],[102.055449,18.097331],[102.060305,18.101498],[102.064082,18.113188],[102.064729,18.120364],[102.069261,18.137609],[102.068398,18.143859],[102.075952,18.149877],[102.084476,18.158558],[102.089548,18.160873],[102.101418,18.162262],[102.102929,18.172331],[102.102821,18.181706],[102.101202,18.187261],[102.100879,18.20034],[102.105627,18.213534]]]}},{"type":"Feature","id":"TH43","bbox":[102.055125,17.593747,103.412411,18.3052],"properties":{"ADM1_PCODE":"TH43","ADM1_TH":"หนองคาย","ADM1_EN":"Nong Khai"},"geometry":{"type":"Polygon","coordinates":[[[103.405181,17.99224],[103.401835,17.992008],[103.402699,17.999878],[103.406907,18.003466],[103.396008,18.009716],[103.392447,18.018281],[103.392987,18.022448],[103.38867,18.026846],[103.384786,18.025688],[103.381225,18.029624],[103.374642,18.033674],[103.364283,18.032054],[103.35619,18.03217],[103.352845,18.042934],[103.349068,18.046985],[103.335471,18.051846],[103.331694,18.051035],[103.326946,18.054276],[103.313673,18.056938],[103.311839,18.06423],[103.307523,18.072332],[103.304069,18.074762],[103.299969,18.081359],[103.301048,18.090734],[103.313565,18.099762],[103.310112,18.104739],[103.304069,18.107054],[103.295545,18.104044],[103.292523,18.111567],[103.294789,18.119669],[103.306659,18.12453],[103.319069,18.124878],[103.323277,18.133442],[103.328133,18.132401],[103.335471,18.135989],[103.336766,18.14247],[103.336658,18.152424],[103.344212,18.153118],[103.349499,18.159021],[103.355758,18.159137],[103.364175,18.164692],[103.363851,18.169437],[103.359535,18.172678],[103.34583,18.173373],[103.341514,18.178118],[103.340974,18.193396],[103.328889,18.210872],[103.313458,18.219553],[103.308925,18.220826],[103.29425,18.227886],[103.284538,18.230895],[103.277955,18.236451],[103.270617,18.236219],[103.261229,18.2449],[103.258747,18.254622],[103.261229,18.259136],[103.258963,18.263534],[103.26943,18.263534],[103.276984,18.264691],[103.283675,18.269321],[103.28648,18.273256],[103.29112,18.27071],[103.294789,18.271867],[103.296732,18.280664],[103.29371,18.287608],[103.297271,18.290617],[103.296839,18.295594],[103.300508,18.303464],[103.298674,18.3052],[103.292955,18.299298],[103.282056,18.294552],[103.256913,18.286451],[103.239647,18.283557],[103.229612,18.27939],[103.206735,18.271057],[103.184614,18.26689],[103.168103,18.257747],[103.152565,18.232863],[103.150406,18.220363],[103.155262,18.202886],[103.155478,18.19571],[103.153644,18.18703],[103.149867,18.176845],[103.142853,18.167933],[103.132709,18.158674],[103.110588,18.146752],[103.100013,18.139229],[103.086956,18.132979],[103.081776,18.128003],[103.078107,18.11747],[103.078647,18.107632],[103.077567,18.095943],[103.073251,18.081128],[103.072064,18.072447],[103.07692,18.062146],[103.080805,18.05092],[103.079618,18.037031],[103.075409,18.026383],[103.061489,18.005781],[103.050374,17.991429],[103.040662,17.981939],[103.02685,17.974531],[103.021131,17.972679],[103.0098,17.977193],[103.000196,17.988073],[102.991564,17.993976],[102.980233,17.999763],[102.970521,18.003466],[102.960054,18.005434],[102.947752,18.004392],[102.937825,18.001614],[102.913869,17.989462],[102.906207,17.984601],[102.886891,17.978235],[102.873187,17.976962],[102.860454,17.973721],[102.847396,17.965041],[102.828081,17.947448],[102.823333,17.944207],[102.812434,17.939346],[102.800132,17.939462],[102.794197,17.938305],[102.784162,17.932865],[102.777255,17.922564],[102.773802,17.911337],[102.770025,17.90474],[102.763875,17.89768],[102.754055,17.89143],[102.743264,17.886916],[102.723193,17.881592],[102.705064,17.878351],[102.696971,17.875689],[102.68877,17.870597],[102.68305,17.864231],[102.677007,17.85312],[102.676144,17.844208],[102.677439,17.840041],[102.692762,17.826731],[102.696215,17.822796],[102.696107,17.816662],[102.689309,17.807981],[102.676792,17.803699],[102.664706,17.807056],[102.658339,17.813074],[102.651649,17.82187],[102.643124,17.829162],[102.634383,17.83275],[102.614852,17.832055],[102.604924,17.833213],[102.595859,17.835296],[102.591759,17.838653],[102.591219,17.849532],[102.593378,17.860296],[102.60514,17.882518],[102.61183,17.900342],[102.61388,17.91643],[102.613772,17.941661],[102.60924,17.9493],[102.597262,17.959717],[102.590896,17.962494],[102.574493,17.964809],[102.555286,17.969902],[102.540934,17.96423],[102.5282,17.963536],[102.515035,17.969554],[102.508345,17.971291],[102.492374,17.967124],[102.479425,17.966661],[102.471979,17.967471],[102.459894,17.970943],[102.425147,17.987378],[102.417485,17.991777],[102.400328,18.003698],[102.389321,18.015503],[102.354898,18.039809],[102.348207,18.045364],[102.337416,18.048258],[102.328891,18.048836],[102.297814,18.05416],[102.291555,18.057054],[102.265764,18.080202],[102.246664,18.099993],[102.230154,18.113072],[102.218284,18.124067],[102.21181,18.129044],[102.198968,18.134368],[102.193033,18.143512],[102.185372,18.148141],[102.18289,18.152308],[102.177818,18.169206],[102.173394,18.175572],[102.171559,18.183326],[102.168214,18.190039],[102.163898,18.203465],[102.154618,18.204159],[102.142963,18.20659],[102.141129,18.212724],[102.134546,18.215849],[102.118792,18.21284],[102.113072,18.210757],[102.105627,18.213534],[102.100879,18.20034],[102.101202,18.187261],[102.102821,18.181706],[102.102929,18.172331],[102.101418,18.162262],[102.089548,18.160873],[102.084476,18.158558],[102.075952,18.149877],[102.068398,18.143859],[102.069261,18.137609],[102.064729,18.120364],[102.064082,18.113188],[102.060305,18.101498],[102.055449,18.097331],[102.055125,18.08622],[102.071635,18.085063],[102.080592,18.082169],[102.083613,18.078929],[102.095052,18.080318],[102.096994,18.083095],[102.102066,18.078234],[102.0998,18.072332],[102.107785,18.067818],[102.108217,18.058906],[102.11318,18.054276],[102.11167,18.041776],[102.104224,18.033443],[102.104224,18.029276],[102.107785,18.026036],[102.13077,18.035526],[102.138863,18.035873],[102.14469,18.033443],[102.144582,18.025804],[102.140481,18.015503],[102.142208,18.013767],[102.14005,18.006476],[102.145985,18.00254],[102.148683,17.99224],[102.153754,17.992934],[102.155913,17.990388],[102.16379,18.001267],[102.169833,18.006938],[102.182566,18.013767],[102.187098,18.014346],[102.200911,18.021985],[102.200479,18.01504],[102.204364,18.00879],[102.214292,18.00555],[102.221953,18.00798],[102.224867,18.005434],[102.231341,18.005665],[102.235766,18.001036],[102.240837,18.000226],[102.244938,17.996869],[102.245477,17.99224],[102.253786,17.990272],[102.260153,17.985758],[102.275908,17.980666],[102.279793,17.98379],[102.281411,17.993281],[102.287238,17.988767],[102.290152,17.98298],[102.295655,17.980434],[102.291015,17.971291],[102.297814,17.967587],[102.298461,17.960874],[102.302885,17.958212],[102.309252,17.946985],[102.319719,17.940272],[102.32328,17.934948],[102.336229,17.934138],[102.342056,17.929971],[102.343351,17.925805],[102.349071,17.923837],[102.355869,17.924184],[102.357919,17.917009],[102.364502,17.917356],[102.366768,17.912958],[102.36407,17.907981],[102.376803,17.900921],[102.379393,17.896754],[102.386407,17.896986],[102.392234,17.886453],[102.40022,17.8765],[102.395795,17.869787],[102.396011,17.863537],[102.400543,17.861916],[102.403133,17.854972],[102.400543,17.849879],[102.400435,17.843398],[102.408313,17.840389],[102.410471,17.83275],[102.421478,17.825805],[102.424823,17.820597],[102.437125,17.821755],[102.441441,17.819903],[102.429463,17.79525],[102.433779,17.793745],[102.433995,17.787843],[102.440362,17.785759],[102.437448,17.774996],[102.440362,17.767472],[102.449318,17.771176],[102.451477,17.768398],[102.452232,17.761454],[102.464102,17.757172],[102.468958,17.753005],[102.47813,17.75694],[102.490216,17.757287],[102.497014,17.760065],[102.501223,17.757519],[102.512338,17.761917],[102.524639,17.76319],[102.532193,17.759834],[102.536833,17.754625],[102.538344,17.745135],[102.548379,17.737033],[102.569961,17.71863],[102.575357,17.715505],[102.584421,17.704047],[102.599205,17.695019],[102.6046,17.693283],[102.61183,17.683445],[102.600823,17.68113],[102.596831,17.669325],[102.600284,17.656825],[102.602982,17.6537],[102.601579,17.633677],[102.596939,17.629047],[102.596723,17.622566],[102.605571,17.625344],[102.613772,17.624765],[102.630067,17.620483],[102.646901,17.614233],[102.646577,17.609487],[102.649491,17.603816],[102.646901,17.598839],[102.651217,17.593747],[102.667943,17.596293],[102.671396,17.599765],[102.672907,17.605089],[102.686396,17.610529],[102.694489,17.621061],[102.699021,17.620135],[102.702798,17.61377],[102.712078,17.606015],[102.717366,17.604048],[102.731502,17.603585],[102.735602,17.608098],[102.738624,17.618168],[102.742185,17.619904],[102.748336,17.618284],[102.749091,17.623145],[102.754486,17.62326],[102.755997,17.620483],[102.766464,17.619904],[102.768299,17.62245],[102.764198,17.628584],[102.762472,17.639464],[102.764522,17.645714],[102.771212,17.644904],[102.774773,17.648376],[102.776392,17.654973],[102.774666,17.663422],[102.776068,17.667473],[102.780385,17.670251],[102.784054,17.682519],[102.788586,17.682288],[102.793658,17.68576],[102.806175,17.684487],[102.814052,17.686339],[102.819772,17.689579],[102.830671,17.69363],[102.835742,17.705436],[102.833045,17.715737],[102.838332,17.717589],[102.846425,17.726848],[102.848691,17.737612],[102.842325,17.741894],[102.846533,17.74907],[102.850418,17.751037],[102.848152,17.759486],[102.850958,17.764579],[102.854087,17.776269],[102.845022,17.779972],[102.845562,17.784833],[102.850526,17.785991],[102.838548,17.793977],[102.842325,17.803815],[102.83639,17.805088],[102.832397,17.809486],[102.839843,17.81238],[102.837145,17.817704],[102.837577,17.823722],[102.851065,17.826847],[102.845562,17.835065],[102.849555,17.839694],[102.868331,17.84606],[102.867468,17.857634],[102.873403,17.857287],[102.872324,17.868051],[102.873726,17.872796],[102.867683,17.876037],[102.870813,17.881476],[102.869842,17.888074],[102.875885,17.895018],[102.880848,17.895018],[102.883438,17.898259],[102.890884,17.894439],[102.893798,17.891199],[102.918293,17.890504],[102.919804,17.892587],[102.927465,17.89305],[102.936638,17.884601],[102.936853,17.875689],[102.942249,17.870944],[102.942249,17.859139],[102.944191,17.855435],[102.951637,17.850111],[102.954874,17.844208],[102.956601,17.835065],[102.961673,17.833213],[102.961025,17.82731],[102.965342,17.827542],[102.968579,17.823722],[102.981852,17.829972],[102.982607,17.836453],[102.988326,17.843398],[102.99329,17.84444],[103.004081,17.841893],[103.004513,17.862379],[103.0098,17.861453],[103.011958,17.864694],[103.010232,17.869092],[103.012498,17.875805],[103.027605,17.876847],[103.030519,17.874532],[103.038396,17.877773],[103.040878,17.884138],[103.037533,17.889694],[103.041526,17.892703],[103.044331,17.885296],[103.051777,17.880087],[103.057173,17.879509],[103.072711,17.885759],[103.077999,17.885759],[103.081776,17.879972],[103.08156,17.874763],[103.085984,17.875458],[103.09138,17.871291],[103.093646,17.867125],[103.100013,17.869787],[103.101415,17.861106],[103.104653,17.85775],[103.10843,17.861685],[103.114041,17.861222],[103.116307,17.851152],[103.121918,17.846523],[103.127314,17.844324],[103.127314,17.837379],[103.122674,17.832403],[103.127637,17.829856],[103.132817,17.823028],[103.135191,17.816893],[103.139831,17.812032],[103.15278,17.802773],[103.160226,17.80613],[103.166701,17.814231],[103.168103,17.824648],[103.171772,17.830898],[103.172528,17.838537],[103.177492,17.849879],[103.175118,17.852078],[103.191844,17.869555],[103.199937,17.865851],[103.204037,17.869671],[103.211483,17.872217],[103.219253,17.870944],[103.227993,17.873953],[103.230044,17.878004],[103.239432,17.879856],[103.239,17.88518],[103.255079,17.876962],[103.2581,17.871638],[103.266193,17.865504],[103.266085,17.857865],[103.269646,17.849069],[103.29371,17.830551],[103.300293,17.827079],[103.306767,17.828352],[103.310328,17.825574],[103.321227,17.826384],[103.32986,17.824648],[103.340219,17.84143],[103.341406,17.849532],[103.352629,17.854972],[103.355542,17.854046],[103.36342,17.858907],[103.366225,17.857518],[103.371297,17.863768],[103.376153,17.866546],[103.373671,17.871523],[103.382628,17.874069],[103.387915,17.871175],[103.393634,17.875342],[103.397195,17.881939],[103.397951,17.897564],[103.394066,17.901036],[103.399677,17.904624],[103.396656,17.908444],[103.400325,17.915735],[103.398922,17.9243],[103.3959,17.928235],[103.403994,17.928814],[103.407123,17.931476],[103.412411,17.93136],[103.408742,17.949416],[103.403562,17.954393],[103.397087,17.958328],[103.38867,17.958559],[103.38867,17.971522],[103.392231,17.986337],[103.399461,17.981476],[103.401188,17.988652],[103.405181,17.99224]]]}},{"type":"Feature","id":"TH44","bbox":[102.843188,15.409039,103.503486,16.643637],"properties":{"ADM1_PCODE":"TH44","ADM1_TH":"มหาสารคาม","ADM1_EN":"Maha Sarakham"},"geometry":{"type":"Polygon","coordinates":[[[103.502299,16.199659],[103.503486,16.206372],[103.495393,16.207297],[103.492371,16.202668],[103.486976,16.207182],[103.480933,16.208223],[103.471869,16.197575],[103.471437,16.192136],[103.466365,16.19364],[103.463775,16.189242],[103.459135,16.187506],[103.45579,16.182992],[103.452013,16.182298],[103.452229,16.195376],[103.445755,16.196534],[103.444675,16.199427],[103.450503,16.204057],[103.440899,16.204983],[103.444136,16.214705],[103.448236,16.218524],[103.446186,16.222691],[103.446942,16.227783],[103.438525,16.22408],[103.432698,16.23276],[103.427086,16.237043],[103.413382,16.240515],[103.410144,16.250006],[103.404425,16.256834],[103.409389,16.26239],[103.407015,16.27026],[103.413058,16.281255],[103.409173,16.286695],[103.41036,16.289473],[103.407231,16.294565],[103.395685,16.292714],[103.355111,16.307413],[103.349607,16.317598],[103.347773,16.329403],[103.349391,16.335885],[103.346694,16.34306],[103.346478,16.350121],[103.344535,16.35857],[103.342593,16.360769],[103.331155,16.364009],[103.325436,16.367482],[103.318637,16.368292],[103.306012,16.367482],[103.299861,16.370028],[103.296408,16.377435],[103.294789,16.390861],[103.290581,16.394912],[103.283782,16.395606],[103.27515,16.386347],[103.26943,16.38438],[103.265114,16.379403],[103.255618,16.376625],[103.247741,16.378361],[103.239,16.376046],[103.234899,16.376741],[103.229072,16.372458],[103.175441,16.363431],[103.174362,16.370375],[103.168319,16.374426],[103.168535,16.382412],[103.16465,16.388546],[103.164219,16.393407],[103.168535,16.406023],[103.175333,16.408338],[103.175657,16.420953],[103.1817,16.426278],[103.184937,16.443291],[103.18375,16.450699],[103.175441,16.457643],[103.16724,16.466786],[103.167996,16.47431],[103.163679,16.48681],[103.162924,16.494796],[103.164111,16.503592],[103.169183,16.512041],[103.170262,16.517596],[103.17652,16.531717],[103.183858,16.541207],[103.187096,16.551508],[103.185369,16.562503],[103.181268,16.577087],[103.173067,16.593638],[103.167456,16.601161],[103.167996,16.604633],[103.178247,16.612735],[103.180189,16.617248],[103.195728,16.627665],[103.191628,16.639702],[103.18947,16.640512],[103.161305,16.641207],[103.152349,16.643637],[103.150191,16.641322],[103.150514,16.632873],[103.153752,16.618637],[103.15278,16.610536],[103.140587,16.599656],[103.134652,16.600003],[103.125803,16.5963],[103.119544,16.591323],[103.120623,16.581022],[103.118357,16.576392],[103.118897,16.569911],[103.116846,16.564471],[103.10789,16.555791],[103.105408,16.555096],[103.103574,16.546068],[103.098502,16.541902],[103.096344,16.536346],[103.090732,16.532527],[103.087171,16.528129],[103.086416,16.516323],[103.068503,16.503013],[103.058791,16.499657],[103.054259,16.496647],[103.048863,16.497226],[103.042821,16.490745],[103.037317,16.492018],[103.035806,16.499309],[103.025555,16.491555],[103.026095,16.489587],[103.020267,16.481138],[103.020483,16.475004],[103.010987,16.471416],[103.005916,16.467134],[102.999441,16.465166],[102.992211,16.465976],[102.989729,16.462851],[102.982068,16.461578],[102.974838,16.456254],[102.967931,16.457412],[102.963615,16.451509],[102.958867,16.448847],[102.953148,16.451162],[102.955198,16.443523],[102.948939,16.444912],[102.949803,16.43843],[102.947429,16.429171],[102.948184,16.422227],[102.957356,16.428014],[102.956385,16.412736],[102.946565,16.407412],[102.946134,16.403824],[102.955522,16.402319],[102.95045,16.395491],[102.950126,16.390282],[102.943868,16.389588],[102.939875,16.386],[102.934048,16.383685],[102.937285,16.377782],[102.930703,16.377435],[102.924552,16.379982],[102.920667,16.377551],[102.920991,16.373732],[102.925955,16.365977],[102.919588,16.365051],[102.9143,16.361463],[102.908581,16.361695],[102.905128,16.357065],[102.909121,16.351857],[102.907502,16.348963],[102.898546,16.348963],[102.89779,16.34306],[102.899948,16.33901],[102.896603,16.334148],[102.894013,16.315167],[102.874158,16.301741],[102.866389,16.297922],[102.864446,16.291209],[102.851281,16.281255],[102.845346,16.271302],[102.844915,16.26401],[102.849986,16.257181],[102.847181,16.248154],[102.844807,16.245376],[102.844807,16.232645],[102.85085,16.226626],[102.85085,16.221071],[102.847073,16.220029],[102.84362,16.209497],[102.84772,16.203362],[102.848152,16.19908],[102.845238,16.19121],[102.846209,16.185075],[102.845022,16.17246],[102.854519,16.166673],[102.857216,16.162738],[102.855813,16.155677],[102.843835,16.150816],[102.843188,16.146302],[102.845454,16.141326],[102.853332,16.132298],[102.856029,16.126279],[102.867683,16.125354],[102.86887,16.118756],[102.865202,16.116326],[102.864878,16.111349],[102.860454,16.100701],[102.860885,16.094914],[102.855598,16.092252],[102.856029,16.082183],[102.847936,16.075354],[102.851389,16.065516],[102.855813,16.06459],[102.861425,16.059035],[102.863259,16.052785],[102.862396,16.048155],[102.857972,16.046303],[102.859051,16.038896],[102.865525,16.037507],[102.876208,16.03797],[102.878582,16.033225],[102.884302,16.032993],[102.891316,16.029405],[102.895092,16.022692],[102.891316,16.018178],[102.884194,16.016789],[102.88905,16.006489],[102.897359,16.00209],[102.903294,15.990516],[102.908905,15.984035],[102.904049,15.980563],[102.901351,15.969452],[102.90243,15.965864],[102.894769,15.957531],[102.89779,15.951165],[102.890021,15.937508],[102.893366,15.927438],[102.896603,15.926975],[102.896819,15.918063],[102.899193,15.91679],[102.902107,15.909498],[102.902646,15.903364],[102.905991,15.901165],[102.908365,15.894452],[102.913113,15.890633],[102.915703,15.881374],[102.922286,15.881142],[102.925307,15.874892],[102.922501,15.870957],[102.925523,15.860888],[102.921854,15.855448],[102.923041,15.849082],[102.92002,15.846999],[102.919912,15.839823],[102.923041,15.831953],[102.92002,15.824198],[102.931134,15.815633],[102.93189,15.802208],[102.928437,15.800008],[102.930487,15.795842],[102.933077,15.788897],[102.939767,15.784384],[102.940522,15.780217],[102.937933,15.775587],[102.942465,15.76656],[102.953795,15.759615],[102.962104,15.76031],[102.967392,15.755101],[102.971816,15.756259],[102.976996,15.753134],[102.980125,15.742138],[102.983255,15.741907],[102.987463,15.736814],[102.998686,15.733689],[103.005484,15.728597],[103.006023,15.725009],[103.002786,15.717254],[103.006563,15.716444],[103.010879,15.703366],[103.006347,15.699893],[103.008182,15.695727],[103.00516,15.685079],[102.997391,15.682069],[102.98919,15.674546],[102.981312,15.674778],[102.976348,15.668528],[102.974514,15.660773],[102.980017,15.658343],[102.988758,15.647347],[102.993938,15.648505],[102.995772,15.644222],[102.992427,15.640403],[103.001275,15.637857],[103.009584,15.629292],[103.013577,15.614824],[103.022102,15.608227],[103.029332,15.598737],[103.033325,15.600588],[103.041418,15.597463],[103.045195,15.593413],[103.051238,15.592487],[103.050374,15.583343],[103.047892,15.58207],[103.045087,15.573158],[103.048756,15.567834],[103.046597,15.563667],[103.050914,15.56089],[103.060734,15.557996],[103.06451,15.554177],[103.07692,15.545033],[103.087063,15.538783],[103.090732,15.532881],[103.083718,15.523853],[103.079834,15.514015],[103.07487,15.513089],[103.072064,15.502672],[103.072927,15.497348],[103.084366,15.493529],[103.091919,15.488321],[103.101308,15.486816],[103.111343,15.481261],[103.114688,15.482765],[103.12753,15.479872],[103.162061,15.470844],[103.204145,15.460196],[103.213965,15.46089],[103.214397,15.458113],[103.221519,15.456145],[103.224648,15.453714],[103.224324,15.448622],[103.230583,15.447233],[103.234792,15.449201],[103.249036,15.448738],[103.252705,15.443529],[103.262632,15.438784],[103.261877,15.429988],[103.26943,15.423391],[103.277524,15.423391],[103.287883,15.42177],[103.300724,15.417025],[103.312702,15.414131],[103.326299,15.412742],[103.340651,15.409386],[103.34637,15.409039],[103.364715,15.414016],[103.373995,15.424895],[103.380577,15.428367],[103.397627,15.431724],[103.403238,15.436469],[103.400864,15.445034],[103.402915,15.447117],[103.407663,15.459617],[103.411547,15.480566],[103.420935,15.505913],[103.421691,15.514015],[103.421043,15.5242],[103.426655,15.524779],[103.418885,15.5367],[103.416511,15.535311],[103.410792,15.540056],[103.404209,15.536006],[103.382304,15.537857],[103.380469,15.53508],[103.37529,15.536816],[103.373995,15.531029],[103.36029,15.526168],[103.357593,15.53589],[103.354895,15.541098],[103.344967,15.546422],[103.327378,15.548968],[103.32004,15.554987],[103.313026,15.555566],[103.309141,15.561237],[103.302667,15.562279],[103.300724,15.567834],[103.303206,15.572579],[103.294573,15.57744],[103.2963,15.587973],[103.294897,15.591792],[103.28907,15.595959],[103.283459,15.592487],[103.279358,15.594917],[103.273747,15.60163],[103.276445,15.610774],[103.283351,15.613899],[103.289178,15.620843],[103.298998,15.648852],[103.285617,15.649546],[103.268459,15.649431],[103.267488,15.652093],[103.276768,15.654176],[103.284106,15.663551],[103.285401,15.674199],[103.298458,15.6845],[103.294789,15.685889],[103.291984,15.692602],[103.308386,15.693528],[103.30817,15.702903],[103.301048,15.706375],[103.316155,15.708458],[103.324033,15.697579],[103.329752,15.69943],[103.338277,15.708921],[103.342377,15.710078],[103.345507,15.719801],[103.351658,15.725819],[103.375182,15.716676],[103.377664,15.714129],[103.38457,15.712972],[103.388131,15.709847],[103.39644,15.708921],[103.400864,15.711815],[103.411331,15.711583],[103.418561,15.718065],[103.423309,15.728365],[103.423849,15.734152],[103.42072,15.739708],[103.410037,15.744569],[103.40626,15.756606],[103.40831,15.766444],[103.425576,15.773157],[103.428489,15.782532],[103.43205,15.78693],[103.439927,15.800356],[103.436043,15.803018],[103.4341,15.808573],[103.437769,15.809268],[103.440359,15.815865],[103.438956,15.826166],[103.441007,15.831142],[103.437014,15.834383],[103.443596,15.856258],[103.442841,15.863202],[103.445755,15.872577],[103.450503,15.875587],[103.451905,15.884151],[103.457733,15.894337],[103.458488,15.899198],[103.457193,15.90811],[103.467768,15.915401],[103.477588,15.924545],[103.480717,15.925123],[103.488271,15.931373],[103.481473,15.936466],[103.477264,15.947808],[103.473919,15.950586],[103.467229,15.961813],[103.462373,15.979753],[103.463236,15.982762],[103.461941,15.99422],[103.459891,15.99885],[103.460538,16.005563],[103.46302,16.007762],[103.463128,16.015169],[103.46043,16.024313],[103.467121,16.032993],[103.46971,16.040053],[103.470466,16.046766],[103.466689,16.05209],[103.466689,16.05753],[103.463236,16.061812],[103.464747,16.066673],[103.460754,16.070146],[103.454279,16.081257],[103.453416,16.085192],[103.45838,16.106025],[103.457733,16.122344],[103.46302,16.127321],[103.468092,16.136117],[103.471113,16.134844],[103.473811,16.143756],[103.479314,16.144451],[103.482768,16.1529],[103.483415,16.163432],[103.490429,16.171418],[103.487839,16.176395],[103.488163,16.187969],[103.492695,16.19121],[103.494961,16.188663],[103.50122,16.193987],[103.502299,16.199659]]]}},{"type":"Feature","id":"TH45","bbox":[103.267488,15.405219,104.347986,16.472805],"properties":{"ADM1_PCODE":"TH45","ADM1_TH":"ร้อยเอ็ด","ADM1_EN":"Roi Et"},"geometry":{"type":"Polygon","coordinates":[[[104.347986,16.323153],[104.340432,16.327436],[104.32662,16.332644],[104.327807,16.341672],[104.326404,16.346301],[104.32608,16.356139],[104.320793,16.366556],[104.318203,16.37512],[104.318203,16.383569],[104.315073,16.393407],[104.317663,16.404518],[104.317339,16.410074],[104.319713,16.420375],[104.314102,16.430328],[104.313994,16.440745],[104.311189,16.452435],[104.306333,16.460305],[104.291225,16.472805],[104.287988,16.467249],[104.287449,16.459611],[104.284211,16.449888],[104.273852,16.44387],[104.266082,16.43681],[104.257342,16.437157],[104.25022,16.433685],[104.246659,16.436347],[104.23781,16.428592],[104.232631,16.42975],[104.221947,16.437389],[104.217307,16.437736],[104.212775,16.433801],[104.201984,16.429865],[104.197452,16.43137],[104.187848,16.430676],[104.181913,16.436578],[104.182021,16.438893],[104.172741,16.44549],[104.164755,16.442597],[104.158713,16.441902],[104.15213,16.438083],[104.1449,16.436926],[104.14544,16.429171],[104.137562,16.426972],[104.136591,16.424194],[104.129577,16.427435],[104.109182,16.4235],[104.105297,16.421185],[104.097528,16.420838],[104.093211,16.414819],[104.087384,16.414935],[104.084687,16.409264],[104.08091,16.411],[104.075191,16.408454],[104.071306,16.410074],[104.067421,16.40637],[104.067637,16.401162],[104.064184,16.397458],[104.050048,16.395259],[104.045408,16.390977],[104.039257,16.395954],[104.041199,16.401162],[104.039149,16.40394],[104.04066,16.410768],[104.039904,16.415166],[104.035588,16.415514],[104.039688,16.427319],[104.037854,16.436694],[104.029977,16.443407],[104.022854,16.441092],[104.009797,16.442018],[104.008071,16.444217],[104.000409,16.44549],[103.993827,16.44387],[103.98541,16.433685],[103.978072,16.430907],[103.973216,16.431023],[103.96113,16.436347],[103.955087,16.440514],[103.943109,16.44306],[103.935879,16.437504],[103.928542,16.434264],[103.920988,16.439819],[103.914513,16.439009],[103.914837,16.444449],[103.909765,16.453592],[103.90383,16.447805],[103.897356,16.451393],[103.884946,16.454055],[103.883004,16.459726],[103.86617,16.471069],[103.859587,16.46968],[103.852034,16.464356],[103.843509,16.462157],[103.830884,16.465976],[103.826567,16.470722],[103.816532,16.468986],[103.810381,16.463662],[103.810381,16.460305],[103.806604,16.45475],[103.798834,16.449078],[103.79441,16.448268],[103.791065,16.444333],[103.786209,16.443754],[103.779627,16.436115],[103.774015,16.435652],[103.76862,16.428477],[103.768943,16.426046],[103.758476,16.419912],[103.746714,16.414356],[103.739484,16.409958],[103.730744,16.408106],[103.724377,16.403361],[103.714665,16.387042],[103.705924,16.386347],[103.700097,16.374079],[103.705493,16.369449],[103.714989,16.356486],[103.720492,16.352435],[103.729125,16.342713],[103.722866,16.330329],[103.747793,16.30938],[103.756102,16.300121],[103.755239,16.293061],[103.751354,16.289473],[103.75103,16.28357],[103.754484,16.277899],[103.752002,16.274427],[103.755023,16.270954],[103.752649,16.264126],[103.748549,16.258107],[103.73711,16.251163],[103.733873,16.247228],[103.734736,16.239589],[103.731175,16.234381],[103.733873,16.222807],[103.717147,16.218871],[103.710996,16.218987],[103.704306,16.221765],[103.694162,16.223617],[103.697399,16.217946],[103.695457,16.214473],[103.690817,16.217135],[103.677005,16.216094],[103.675818,16.212274],[103.670206,16.213663],[103.671177,16.218987],[103.666645,16.221649],[103.660926,16.216325],[103.662976,16.209265],[103.667509,16.206372],[103.675386,16.20452],[103.67517,16.201047],[103.669451,16.197344],[103.665242,16.198964],[103.662113,16.192714],[103.65661,16.193409],[103.652617,16.19908],[103.651322,16.188895],[103.645063,16.193409],[103.641718,16.192367],[103.63751,16.186811],[103.631143,16.190052],[103.628877,16.203131],[103.618302,16.216788],[103.609777,16.21864],[103.601684,16.216209],[103.601468,16.21239],[103.611935,16.215168],[103.614309,16.207529],[103.618518,16.206603],[103.618194,16.202089],[103.613985,16.199311],[103.607295,16.200585],[103.606648,16.194798],[103.597583,16.193409],[103.598446,16.201279],[103.594454,16.201395],[103.594022,16.196302],[103.589166,16.19445],[103.570174,16.201279],[103.564347,16.202668],[103.552261,16.203015],[103.553448,16.208455],[103.560462,16.217483],[103.556362,16.219219],[103.552585,16.213547],[103.542441,16.213432],[103.533377,16.220029],[103.530895,16.216557],[103.528413,16.208686],[103.525715,16.207529],[103.5255,16.201626],[103.522047,16.196765],[103.516867,16.195029],[103.514169,16.19989],[103.509853,16.197807],[103.502299,16.199659],[103.50122,16.193987],[103.494961,16.188663],[103.492695,16.19121],[103.488163,16.187969],[103.487839,16.176395],[103.490429,16.171418],[103.483415,16.163432],[103.482768,16.1529],[103.479314,16.144451],[103.473811,16.143756],[103.471113,16.134844],[103.468092,16.136117],[103.46302,16.127321],[103.457733,16.122344],[103.45838,16.106025],[103.453416,16.085192],[103.454279,16.081257],[103.460754,16.070146],[103.464747,16.066673],[103.463236,16.061812],[103.466689,16.05753],[103.466689,16.05209],[103.470466,16.046766],[103.46971,16.040053],[103.467121,16.032993],[103.46043,16.024313],[103.463128,16.015169],[103.46302,16.007762],[103.460538,16.005563],[103.459891,15.99885],[103.461941,15.99422],[103.463236,15.982762],[103.462373,15.979753],[103.467229,15.961813],[103.473919,15.950586],[103.477264,15.947808],[103.481473,15.936466],[103.488271,15.931373],[103.480717,15.925123],[103.477588,15.924545],[103.467768,15.915401],[103.457193,15.90811],[103.458488,15.899198],[103.457733,15.894337],[103.451905,15.884151],[103.450503,15.875587],[103.445755,15.872577],[103.442841,15.863202],[103.443596,15.856258],[103.437014,15.834383],[103.441007,15.831142],[103.438956,15.826166],[103.440359,15.815865],[103.437769,15.809268],[103.4341,15.808573],[103.436043,15.803018],[103.439927,15.800356],[103.43205,15.78693],[103.428489,15.782532],[103.425576,15.773157],[103.40831,15.766444],[103.40626,15.756606],[103.410037,15.744569],[103.42072,15.739708],[103.423849,15.734152],[103.423309,15.728365],[103.418561,15.718065],[103.411331,15.711583],[103.400864,15.711815],[103.39644,15.708921],[103.388131,15.709847],[103.38457,15.712972],[103.377664,15.714129],[103.375182,15.716676],[103.351658,15.725819],[103.345507,15.719801],[103.342377,15.710078],[103.338277,15.708921],[103.329752,15.69943],[103.324033,15.697579],[103.316155,15.708458],[103.301048,15.706375],[103.30817,15.702903],[103.308386,15.693528],[103.291984,15.692602],[103.294789,15.685889],[103.298458,15.6845],[103.285401,15.674199],[103.284106,15.663551],[103.276768,15.654176],[103.267488,15.652093],[103.268459,15.649431],[103.285617,15.649546],[103.298998,15.648852],[103.289178,15.620843],[103.283351,15.613899],[103.276445,15.610774],[103.273747,15.60163],[103.279358,15.594917],[103.283459,15.592487],[103.28907,15.595959],[103.294897,15.591792],[103.2963,15.587973],[103.294573,15.57744],[103.303206,15.572579],[103.300724,15.567834],[103.302667,15.562279],[103.309141,15.561237],[103.313026,15.555566],[103.32004,15.554987],[103.327378,15.548968],[103.344967,15.546422],[103.354895,15.541098],[103.357593,15.53589],[103.36029,15.526168],[103.373995,15.531029],[103.37529,15.536816],[103.380469,15.53508],[103.382304,15.537857],[103.404209,15.536006],[103.410792,15.540056],[103.416511,15.535311],[103.418885,15.5367],[103.426655,15.524779],[103.421043,15.5242],[103.421691,15.514015],[103.420935,15.505913],[103.411547,15.480566],[103.407663,15.459617],[103.402915,15.447117],[103.400864,15.445034],[103.403238,15.436469],[103.418777,15.444455],[103.425468,15.448853],[103.431834,15.450011],[103.433021,15.453599],[103.445862,15.456029],[103.462696,15.452441],[103.466042,15.453367],[103.481041,15.451863],[103.485897,15.448738],[103.486005,15.443066],[103.492048,15.438321],[103.503055,15.439363],[103.509205,15.434502],[103.517299,15.430566],[103.530032,15.426631],[103.537262,15.429409],[103.545571,15.440636],[103.552369,15.446886],[103.554527,15.451631],[103.561865,15.452673],[103.5637,15.458807],[103.57093,15.459733],[103.574275,15.463552],[103.57967,15.465867],[103.590245,15.464594],[103.59208,15.467603],[103.599202,15.46552],[103.60136,15.468066],[103.606863,15.468876],[103.61377,15.465404],[103.620352,15.464825],[103.622618,15.466793],[103.628445,15.458344],[103.642689,15.456492],[103.64884,15.457534],[103.652941,15.451863],[103.659631,15.449432],[103.662545,15.451747],[103.667616,15.446191],[103.674199,15.444687],[103.675386,15.448043],[103.688443,15.44596],[103.695997,15.443066],[103.700637,15.445381],[103.704629,15.441793],[103.713802,15.443182],[103.715744,15.446886],[103.723837,15.437974],[103.725995,15.44133],[103.730636,15.439131],[103.732794,15.444224],[103.737973,15.43971],[103.742182,15.446191],[103.747793,15.44596],[103.75416,15.438784],[103.760203,15.436816],[103.762577,15.440057],[103.770886,15.439363],[103.777576,15.434965],[103.780706,15.442372],[103.783943,15.440404],[103.790741,15.444339],[103.79441,15.441793],[103.797324,15.444918],[103.816747,15.449085],[103.821172,15.451515],[103.828402,15.451284],[103.82743,15.455566],[103.831531,15.460312],[103.839948,15.459386],[103.847286,15.455913],[103.851278,15.465173],[103.856458,15.46471],[103.858616,15.460427],[103.857537,15.451052],[103.863688,15.449895],[103.865738,15.454293],[103.865415,15.46089],[103.874047,15.4639],[103.877393,15.468413],[103.883112,15.464941],[103.883867,15.455913],[103.887104,15.454177],[103.890126,15.458228],[103.892176,15.46795],[103.900485,15.447464],[103.89919,15.441446],[103.905449,15.442603],[103.907176,15.436932],[103.911492,15.436238],[103.916456,15.440057],[103.923686,15.439131],[103.927678,15.433344],[103.939548,15.436469],[103.942894,15.439131],[103.947749,15.436701],[103.947749,15.43265],[103.942894,15.430566],[103.941814,15.4264],[103.95239,15.412511],[103.96113,15.422812],[103.974403,15.426516],[103.976238,15.420034],[103.970842,15.409849],[103.976022,15.405335],[103.985194,15.405219],[103.988971,15.406955],[103.991345,15.41309],[103.994474,15.441562],[103.995769,15.447117],[103.999978,15.452441],[104.009474,15.455451],[104.01638,15.461585],[104.019941,15.468876],[104.023394,15.47964],[104.031595,15.489247],[104.036451,15.491909],[104.055983,15.498853],[104.059975,15.502441],[104.056091,15.509733],[104.055443,15.514941],[104.060407,15.516677],[104.066558,15.523737],[104.07109,15.522117],[104.077025,15.527672],[104.077996,15.532649],[104.073788,15.539246],[104.083392,15.547001],[104.084255,15.549084],[104.095262,15.550473],[104.096665,15.547464],[104.103139,15.545843],[104.105729,15.548853],[104.100765,15.555334],[104.098499,15.563899],[104.099254,15.56714],[104.106808,15.568297],[104.117599,15.561121],[104.121807,15.563089],[104.123426,15.567718],[104.121268,15.574315],[104.122023,15.577788],[104.155583,15.598852],[104.161087,15.602903],[104.174575,15.603945],[104.186229,15.603482],[104.187848,15.606144],[104.209538,15.609037],[104.213099,15.613667],[104.209322,15.618297],[104.202308,15.615287],[104.193891,15.613551],[104.189251,15.609385],[104.187848,15.616213],[104.182237,15.620149],[104.183424,15.623852],[104.191085,15.628366],[104.187416,15.633574],[104.178784,15.630681],[104.171338,15.631375],[104.171338,15.635658],[104.178136,15.637857],[104.178352,15.640519],[104.173604,15.647232],[104.171446,15.656607],[104.174899,15.661583],[104.181158,15.656607],[104.187093,15.659269],[104.187093,15.666792],[104.183963,15.668296],[104.177813,15.664245],[104.175223,15.66656],[104.176733,15.671653],[104.16864,15.673157],[104.167777,15.678134],[104.162921,15.68693],[104.15213,15.69075],[104.150727,15.69862],[104.143929,15.702671],[104.142418,15.708227],[104.139181,15.711236],[104.136483,15.705449],[104.130009,15.697231],[104.123858,15.69619],[104.118031,15.702092],[104.119865,15.705796],[104.127958,15.704523],[104.127527,15.719916],[104.133678,15.73612],[104.132275,15.74237],[104.134217,15.746074],[104.140476,15.74862],[104.14026,15.754175],[104.134541,15.753481],[104.127743,15.7698],[104.133138,15.773967],[104.134217,15.779522],[104.139505,15.784152],[104.136375,15.796652],[104.131843,15.801397],[104.127311,15.801513],[104.12116,15.80487],[104.111017,15.806953],[104.106592,15.81436],[104.096772,15.825008],[104.091161,15.828249],[104.077133,15.838666],[104.070227,15.836929],[104.069687,15.829522],[104.072817,15.824661],[104.079291,15.82524],[104.077241,15.819106],[104.065695,15.812508],[104.058357,15.811004],[104.046487,15.804059],[104.03753,15.797578],[104.033322,15.796073],[104.02307,15.798851],[104.009258,15.794337],[104.001596,15.795032],[104.000193,15.797925],[104.002891,15.803944],[104.005697,15.817485],[104.009042,15.821768],[104.010229,15.832068],[104.014977,15.840517],[104.02048,15.839476],[104.018538,15.846883],[104.027603,15.852902],[104.025121,15.86436],[104.030624,15.868295],[104.02307,15.871073],[104.027603,15.87686],[104.023718,15.878827],[104.019941,15.884383],[104.015085,15.886813],[104.016812,15.901628],[104.019401,15.906026],[104.015517,15.911698],[104.022423,15.911119],[104.02825,15.920147],[104.030192,15.928133],[104.03289,15.92929],[104.035912,15.939128],[104.03289,15.948271],[104.025552,15.959845],[104.019941,15.955447],[104.016164,15.949197],[104.012171,15.953248],[104.0112,15.958109],[104.015517,15.960193],[104.016056,15.966095],[104.02156,15.971188],[104.022639,15.975239],[104.027279,15.977438],[104.0303,15.981952],[104.036343,15.984266],[104.042818,15.983456],[104.058141,15.986813],[104.07055,15.982183],[104.08091,15.981952],[104.081773,15.978595],[104.088679,15.979174],[104.094075,15.977669],[104.102923,15.984151],[104.106916,15.990979],[104.107132,15.996882],[104.102276,16.006257],[104.107995,16.013549],[104.111556,16.02084],[104.110153,16.03091],[104.113714,16.032299],[104.112743,16.041674],[104.109182,16.045724],[104.101952,16.049544],[104.100873,16.056141],[104.098283,16.058919],[104.099254,16.069683],[104.095262,16.074891],[104.100441,16.085423],[104.1026,16.086812],[104.100118,16.092946],[104.107348,16.097692],[104.10875,16.106719],[104.111556,16.107182],[104.114793,16.11459],[104.122671,16.116905],[104.1258,16.112159],[104.130224,16.114243],[104.137239,16.110192],[104.147598,16.11702],[104.151806,16.11783],[104.156986,16.130909],[104.163137,16.131604],[104.166266,16.142715],[104.173496,16.147691],[104.180942,16.149775],[104.189143,16.14746],[104.199502,16.152552],[104.198639,16.15614],[104.20738,16.164242],[104.210941,16.157298],[104.221192,16.160654],[104.230149,16.169219],[104.228962,16.171881],[104.236839,16.18033],[104.238458,16.187043],[104.246335,16.192136],[104.245472,16.199311],[104.249141,16.203825],[104.250004,16.219103],[104.257989,16.224543],[104.269859,16.227089],[104.276981,16.22651],[104.283348,16.232529],[104.296729,16.238779],[104.296945,16.252899],[104.305577,16.257413],[104.31162,16.258223],[104.322627,16.264936],[104.328778,16.271649],[104.330936,16.278246],[104.335468,16.281024],[104.343777,16.292251],[104.34108,16.296764],[104.344101,16.315746],[104.347986,16.323153]]]}},{"type":"Feature","id":"TH46","bbox":[103.096883,16.182298,104.2404,17.101736],"properties":{"ADM1_PCODE":"TH46","ADM1_TH":"กาฬสินธุ์","ADM1_EN":"Kalasin"},"geometry":{"type":"Polygon","coordinates":[[[103.662113,17.019676],[103.650459,17.021297],[103.647437,17.027662],[103.652617,17.039584],[103.652833,17.047801],[103.647437,17.05382],[103.643229,17.054398],[103.639884,17.058334],[103.63902,17.070371],[103.631467,17.076042],[103.628445,17.076042],[103.626503,17.083102],[103.622294,17.086806],[103.618949,17.092361],[103.611396,17.094444],[103.606863,17.099537],[103.604274,17.095949],[103.599849,17.096875],[103.587656,17.09537],[103.587763,17.09919],[103.577944,17.101736],[103.575893,17.093519],[103.572117,17.091551],[103.562081,17.093519],[103.558196,17.086343],[103.548808,17.089005],[103.549132,17.083796],[103.544923,17.079977],[103.539204,17.078241],[103.537262,17.065972],[103.5296,17.062384],[103.525284,17.058565],[103.51978,17.056597],[103.50791,17.044676],[103.515464,17.04132],[103.511364,17.035996],[103.518486,17.034491],[103.515248,17.026968],[103.519565,17.006829],[103.518054,17.003589],[103.519673,16.997917],[103.516004,16.99676],[103.51363,16.989353],[103.506723,16.986575],[103.503378,16.980441],[103.502947,16.974885],[103.49453,16.963427],[103.491616,16.957061],[103.494098,16.952779],[103.492264,16.947107],[103.48676,16.940279],[103.487408,16.932061],[103.493774,16.927316],[103.490213,16.919793],[103.490645,16.913196],[103.488163,16.910881],[103.491724,16.906714],[103.490861,16.902663],[103.485465,16.904168],[103.48266,16.897339],[103.478235,16.891668],[103.479962,16.888312],[103.471113,16.880904],[103.470034,16.875117],[103.464423,16.874423],[103.459891,16.86852],[103.454279,16.864238],[103.450503,16.852548],[103.443165,16.84734],[103.443381,16.844099],[103.4491,16.83808],[103.449747,16.834492],[103.441438,16.825349],[103.43874,16.820256],[103.43259,16.813196],[103.421691,16.803127],[103.413598,16.806946],[103.413274,16.810997],[103.418022,16.819446],[103.415216,16.832988],[103.410576,16.842016],[103.408202,16.850696],[103.400756,16.854747],[103.411979,16.860997],[103.412734,16.864585],[103.410792,16.871413],[103.403238,16.884261],[103.397411,16.888312],[103.3959,16.893057],[103.38921,16.896645],[103.385109,16.902895],[103.380254,16.906251],[103.37475,16.903242],[103.369678,16.904052],[103.367304,16.908103],[103.353924,16.917131],[103.350794,16.92095],[103.330076,16.924075],[103.321874,16.924075],[103.306336,16.922108],[103.290473,16.924075],[103.285293,16.9272],[103.285401,16.930441],[103.280437,16.933334],[103.2772,16.941899],[103.257129,16.949306],[103.239863,16.961343],[103.23954,16.959376],[103.230044,16.958797],[103.227454,16.962964],[103.220979,16.967825],[103.21321,16.963543],[103.210512,16.958334],[103.203822,16.958218],[103.201016,16.950001],[103.18947,16.950001],[103.185153,16.947107],[103.179218,16.954052],[103.169938,16.950232],[103.164003,16.951274],[103.16055,16.946876],[103.151378,16.948381],[103.132709,16.956945],[103.12958,16.956135],[103.118681,16.962269],[103.114365,16.959144],[103.112206,16.949769],[103.10789,16.939353],[103.101739,16.938543],[103.102063,16.934492],[103.096991,16.925001],[103.098933,16.92176],[103.096883,16.917709],[103.09807,16.912617],[103.1053,16.911112],[103.10843,16.906714],[103.11512,16.906483],[103.123213,16.899075],[103.11922,16.875812],[103.119868,16.870835],[103.112962,16.866089],[103.112206,16.858451],[103.115012,16.856136],[103.105624,16.847455],[103.106811,16.843752],[103.102387,16.841437],[103.103034,16.836229],[103.106811,16.834029],[103.104545,16.829747],[103.11307,16.81933],[103.123753,16.818289],[103.128932,16.824423],[103.137026,16.829631],[103.140155,16.839006],[103.141774,16.848497],[103.141234,16.855441],[103.137457,16.860418],[103.13368,16.871182],[103.147816,16.8669],[103.161089,16.867131],[103.174578,16.861228],[103.169938,16.853011],[103.171017,16.846529],[103.178355,16.841784],[103.179758,16.837039],[103.178031,16.833451],[103.179002,16.826622],[103.184074,16.821414],[103.182887,16.805557],[103.179434,16.800465],[103.181053,16.78947],[103.175441,16.784724],[103.173283,16.780442],[103.171233,16.770372],[103.160981,16.762618],[103.152457,16.761229],[103.146306,16.754748],[103.146953,16.745951],[103.15591,16.73785],[103.158931,16.732757],[103.156665,16.722225],[103.153752,16.717827],[103.149543,16.717364],[103.148788,16.708336],[103.144795,16.701854],[103.149003,16.693174],[103.150298,16.687387],[103.154507,16.685419],[103.156126,16.678012],[103.159147,16.676623],[103.158823,16.670489],[103.155694,16.668521],[103.151378,16.661808],[103.150622,16.657295],[103.153536,16.646646],[103.152349,16.643637],[103.161305,16.641207],[103.18947,16.640512],[103.191628,16.639702],[103.195728,16.627665],[103.180189,16.617248],[103.178247,16.612735],[103.167996,16.604633],[103.167456,16.601161],[103.173067,16.593638],[103.181268,16.577087],[103.185369,16.562503],[103.187096,16.551508],[103.183858,16.541207],[103.17652,16.531717],[103.170262,16.517596],[103.169183,16.512041],[103.164111,16.503592],[103.162924,16.494796],[103.163679,16.48681],[103.167996,16.47431],[103.16724,16.466786],[103.175441,16.457643],[103.18375,16.450699],[103.184937,16.443291],[103.1817,16.426278],[103.175657,16.420953],[103.175333,16.408338],[103.168535,16.406023],[103.164219,16.393407],[103.16465,16.388546],[103.168535,16.382412],[103.168319,16.374426],[103.174362,16.370375],[103.175441,16.363431],[103.229072,16.372458],[103.234899,16.376741],[103.239,16.376046],[103.247741,16.378361],[103.255618,16.376625],[103.265114,16.379403],[103.26943,16.38438],[103.27515,16.386347],[103.283782,16.395606],[103.290581,16.394912],[103.294789,16.390861],[103.296408,16.377435],[103.299861,16.370028],[103.306012,16.367482],[103.318637,16.368292],[103.325436,16.367482],[103.331155,16.364009],[103.342593,16.360769],[103.344535,16.35857],[103.346478,16.350121],[103.346694,16.34306],[103.349391,16.335885],[103.347773,16.329403],[103.349607,16.317598],[103.355111,16.307413],[103.395685,16.292714],[103.407231,16.294565],[103.41036,16.289473],[103.409173,16.286695],[103.413058,16.281255],[103.407015,16.27026],[103.409389,16.26239],[103.404425,16.256834],[103.410144,16.250006],[103.413382,16.240515],[103.427086,16.237043],[103.432698,16.23276],[103.438525,16.22408],[103.446942,16.227783],[103.446186,16.222691],[103.448236,16.218524],[103.444136,16.214705],[103.440899,16.204983],[103.450503,16.204057],[103.444675,16.199427],[103.445755,16.196534],[103.452229,16.195376],[103.452013,16.182298],[103.45579,16.182992],[103.459135,16.187506],[103.463775,16.189242],[103.466365,16.19364],[103.471437,16.192136],[103.471869,16.197575],[103.480933,16.208223],[103.486976,16.207182],[103.492371,16.202668],[103.495393,16.207297],[103.503486,16.206372],[103.502299,16.199659],[103.509853,16.197807],[103.514169,16.19989],[103.516867,16.195029],[103.522047,16.196765],[103.5255,16.201626],[103.525715,16.207529],[103.528413,16.208686],[103.530895,16.216557],[103.533377,16.220029],[103.542441,16.213432],[103.552585,16.213547],[103.556362,16.219219],[103.560462,16.217483],[103.553448,16.208455],[103.552261,16.203015],[103.564347,16.202668],[103.570174,16.201279],[103.589166,16.19445],[103.594022,16.196302],[103.594454,16.201395],[103.598446,16.201279],[103.597583,16.193409],[103.606648,16.194798],[103.607295,16.200585],[103.613985,16.199311],[103.618194,16.202089],[103.618518,16.206603],[103.614309,16.207529],[103.611935,16.215168],[103.601468,16.21239],[103.601684,16.216209],[103.609777,16.21864],[103.618302,16.216788],[103.628877,16.203131],[103.631143,16.190052],[103.63751,16.186811],[103.641718,16.192367],[103.645063,16.193409],[103.651322,16.188895],[103.652617,16.19908],[103.65661,16.193409],[103.662113,16.192714],[103.665242,16.198964],[103.669451,16.197344],[103.67517,16.201047],[103.675386,16.20452],[103.667509,16.206372],[103.662976,16.209265],[103.660926,16.216325],[103.666645,16.221649],[103.671177,16.218987],[103.670206,16.213663],[103.675818,16.212274],[103.677005,16.216094],[103.690817,16.217135],[103.695457,16.214473],[103.697399,16.217946],[103.694162,16.223617],[103.704306,16.221765],[103.710996,16.218987],[103.717147,16.218871],[103.733873,16.222807],[103.731175,16.234381],[103.734736,16.239589],[103.733873,16.247228],[103.73711,16.251163],[103.748549,16.258107],[103.752649,16.264126],[103.755023,16.270954],[103.752002,16.274427],[103.754484,16.277899],[103.75103,16.28357],[103.751354,16.289473],[103.755239,16.293061],[103.756102,16.300121],[103.747793,16.30938],[103.722866,16.330329],[103.729125,16.342713],[103.720492,16.352435],[103.714989,16.356486],[103.705493,16.369449],[103.700097,16.374079],[103.705924,16.386347],[103.714665,16.387042],[103.724377,16.403361],[103.730744,16.408106],[103.739484,16.409958],[103.746714,16.414356],[103.758476,16.419912],[103.768943,16.426046],[103.76862,16.428477],[103.774015,16.435652],[103.779627,16.436115],[103.786209,16.443754],[103.791065,16.444333],[103.79441,16.448268],[103.798834,16.449078],[103.806604,16.45475],[103.810381,16.460305],[103.810381,16.463662],[103.816532,16.468986],[103.826567,16.470722],[103.830884,16.465976],[103.843509,16.462157],[103.852034,16.464356],[103.859587,16.46968],[103.86617,16.471069],[103.883004,16.459726],[103.884946,16.454055],[103.897356,16.451393],[103.90383,16.447805],[103.909765,16.453592],[103.914837,16.444449],[103.914513,16.439009],[103.920988,16.439819],[103.928542,16.434264],[103.935879,16.437504],[103.943109,16.44306],[103.955087,16.440514],[103.96113,16.436347],[103.973216,16.431023],[103.978072,16.430907],[103.98541,16.433685],[103.993827,16.44387],[104.000409,16.44549],[104.008071,16.444217],[104.009797,16.442018],[104.022854,16.441092],[104.029977,16.443407],[104.037854,16.436694],[104.039688,16.427319],[104.035588,16.415514],[104.039904,16.415166],[104.04066,16.410768],[104.039149,16.40394],[104.041199,16.401162],[104.039257,16.395954],[104.045408,16.390977],[104.050048,16.395259],[104.064184,16.397458],[104.067637,16.401162],[104.067421,16.40637],[104.071306,16.410074],[104.075191,16.408454],[104.08091,16.411],[104.084687,16.409264],[104.087384,16.414935],[104.093211,16.414819],[104.097528,16.420838],[104.105297,16.421185],[104.109182,16.4235],[104.129577,16.427435],[104.136591,16.424194],[104.137562,16.426972],[104.14544,16.429171],[104.1449,16.436926],[104.15213,16.438083],[104.158713,16.441902],[104.164755,16.442597],[104.172741,16.44549],[104.182021,16.438893],[104.181913,16.436578],[104.187848,16.430676],[104.197452,16.43137],[104.201984,16.429865],[104.212775,16.433801],[104.217307,16.437736],[104.221947,16.437389],[104.232631,16.42975],[104.23781,16.428592],[104.236731,16.434264],[104.238566,16.442713],[104.238566,16.454518],[104.234249,16.460421],[104.224861,16.467712],[104.226588,16.479402],[104.231551,16.482759],[104.23371,16.487041],[104.238889,16.492018],[104.238134,16.498731],[104.238781,16.513198],[104.2404,16.518291],[104.237918,16.522342],[104.232307,16.525698],[104.222595,16.528939],[104.220976,16.542249],[104.225832,16.549656],[104.22335,16.554749],[104.21666,16.557874],[104.217092,16.561578],[104.210617,16.564587],[104.204142,16.572573],[104.206301,16.58079],[104.203927,16.585651],[104.189359,16.59248],[104.186445,16.596994],[104.177381,16.59711],[104.177597,16.600813],[104.17328,16.609725],[104.17792,16.616438],[104.179971,16.626623],[104.175762,16.633568],[104.175978,16.637503],[104.182129,16.637619],[104.18569,16.645721],[104.189251,16.649424],[104.194431,16.649771],[104.194646,16.661461],[104.188819,16.664933],[104.183855,16.66991],[104.166698,16.674193],[104.16195,16.679285],[104.16195,16.685535],[104.168856,16.692711],[104.168856,16.697919],[104.162921,16.697341],[104.153965,16.698498],[104.149756,16.704979],[104.151051,16.71528],[104.145548,16.72234],[104.136052,16.729516],[104.131951,16.736576],[104.13098,16.748498],[104.136591,16.756252],[104.14285,16.759261],[104.138965,16.766553],[104.134325,16.771993],[104.118894,16.765743],[104.11393,16.766785],[104.10875,16.774655],[104.099039,16.783914],[104.094722,16.789701],[104.091269,16.798497],[104.091917,16.810303],[104.083715,16.809261],[104.078644,16.810881],[104.073572,16.815627],[104.070119,16.821298],[104.067853,16.825696],[104.068932,16.837849],[104.062134,16.840395],[104.051019,16.842594],[104.046055,16.842247],[104.035696,16.846182],[104.030732,16.85139],[104.022854,16.855904],[104.014222,16.849423],[104.011416,16.843867],[104.004942,16.841668],[104.000193,16.837039],[103.99005,16.833451],[103.981417,16.834724],[103.97764,16.819909],[103.973648,16.814469],[103.968684,16.811344],[103.96113,16.819678],[103.956598,16.81933],[103.953792,16.804632],[103.954764,16.799307],[103.94926,16.789701],[103.952498,16.780558],[103.950987,16.776622],[103.941814,16.772224],[103.935879,16.774886],[103.936419,16.784609],[103.932103,16.789238],[103.92293,16.789238],[103.920988,16.793636],[103.91365,16.799307],[103.901672,16.805442],[103.897356,16.809956],[103.891529,16.811923],[103.888076,16.816437],[103.883543,16.815627],[103.878687,16.819215],[103.874047,16.819562],[103.8734,16.829863],[103.869515,16.832409],[103.862609,16.832988],[103.856458,16.836691],[103.842646,16.840164],[103.83984,16.846182],[103.836063,16.848381],[103.835092,16.854515],[103.836711,16.859029],[103.834768,16.865742],[103.825272,16.865511],[103.824085,16.870719],[103.820524,16.875117],[103.809841,16.876506],[103.806064,16.878705],[103.805741,16.884724],[103.799266,16.884145],[103.788907,16.88889],[103.792252,16.893983],[103.789123,16.903705],[103.783511,16.906598],[103.781029,16.910071],[103.780598,16.921645],[103.778763,16.92558],[103.778763,16.934376],[103.776065,16.941899],[103.782756,16.959029],[103.768836,16.967015],[103.763116,16.964353],[103.750491,16.973149],[103.743585,16.971297],[103.741534,16.978126],[103.736679,16.981366],[103.738837,16.990163],[103.732902,16.988195],[103.727938,16.982871],[103.722219,16.980441],[103.71855,16.984491],[103.720384,16.989815],[103.730204,17.003589],[103.728262,17.008102],[103.720708,17.014815],[103.710025,17.020024],[103.705493,17.020602],[103.704198,17.024422],[103.695025,17.033681],[103.686716,17.032408],[103.683695,17.02963],[103.679594,17.032061],[103.674846,17.029514],[103.676357,17.025],[103.673659,17.020487],[103.662113,17.019676]]]}},{"type":"Feature","id":"TH47","bbox":[103.252381,16.772224,104.435285,18.088072],"properties":{"ADM1_PCODE":"TH47","ADM1_TH":"สกลนคร","ADM1_EN":"Sakon Nakhon"},"geometry":{"type":"Polygon","coordinates":[[[104.012279,17.810875],[104.003755,17.809833],[103.99933,17.803468],[104.000949,17.794671],[103.999762,17.787843],[103.992316,17.791083],[103.987352,17.789232],[103.987676,17.782403],[103.98023,17.776153],[103.978935,17.770945],[103.970842,17.778583],[103.973,17.785065],[103.966957,17.784139],[103.960267,17.775574],[103.953792,17.777658],[103.950231,17.782171],[103.942138,17.785065],[103.938793,17.789926],[103.940951,17.793977],[103.934908,17.806361],[103.927463,17.81481],[103.922714,17.815505],[103.917643,17.82106],[103.925088,17.83437],[103.922283,17.843977],[103.921204,17.851731],[103.922822,17.854856],[103.917319,17.859023],[103.909765,17.85069],[103.900269,17.850111],[103.90178,17.854972],[103.901348,17.871638],[103.906312,17.875574],[103.904046,17.880782],[103.888291,17.879277],[103.873616,17.874879],[103.869515,17.865041],[103.863904,17.867819],[103.868436,17.878699],[103.86617,17.881129],[103.852573,17.883328],[103.847502,17.880666],[103.840595,17.871754],[103.836063,17.87025],[103.817071,17.870944],[103.802827,17.873838],[103.800021,17.877078],[103.793978,17.875921],[103.793331,17.872564],[103.798619,17.868861],[103.803906,17.861801],[103.810812,17.85856],[103.807251,17.850111],[103.800453,17.847449],[103.796029,17.84224],[103.793331,17.842935],[103.786533,17.851384],[103.786209,17.85775],[103.778224,17.860527],[103.774878,17.863884],[103.772397,17.872796],[103.764951,17.882287],[103.765059,17.888189],[103.770994,17.89143],[103.783295,17.888652],[103.785669,17.894439],[103.775094,17.907749],[103.775742,17.914231],[103.783295,17.927194],[103.781677,17.932055],[103.776713,17.930782],[103.768943,17.923374],[103.760742,17.919439],[103.757505,17.920596],[103.757289,17.930319],[103.764303,17.940967],[103.765706,17.954161],[103.762685,17.955318],[103.759124,17.950342],[103.753944,17.933559],[103.749412,17.926268],[103.753189,17.91886],[103.752325,17.914809],[103.745851,17.911453],[103.740995,17.917819],[103.731499,17.923374],[103.721787,17.926036],[103.719089,17.929856],[103.717471,17.940735],[103.714665,17.94305],[103.705709,17.938999],[103.703442,17.944902],[103.696212,17.949763],[103.685314,17.955203],[103.680566,17.95555],[103.668156,17.948374],[103.660926,17.950573],[103.661789,17.958906],[103.665782,17.962957],[103.666753,17.968629],[103.662437,17.97349],[103.656718,17.971638],[103.654128,17.964462],[103.651754,17.963073],[103.641718,17.962957],[103.638589,17.965388],[103.640639,17.971638],[103.637186,17.97673],[103.631035,17.975341],[103.628445,17.97048],[103.623158,17.971522],[103.625963,17.979392],[103.621431,17.988883],[103.622618,17.993744],[103.621431,18.004045],[103.627366,18.006128],[103.631791,18.004508],[103.639128,18.014114],[103.63287,18.015503],[103.623589,18.012841],[103.61118,18.013188],[103.60805,18.01805],[103.605461,18.035989],[103.595317,18.042702],[103.595209,18.049647],[103.589382,18.049415],[103.586792,18.044901],[103.588195,18.041082],[103.586145,18.037378],[103.577512,18.039693],[103.576217,18.045596],[103.573196,18.050688],[103.565642,18.053813],[103.55798,18.062494],[103.549456,18.061568],[103.54147,18.065734],[103.538341,18.071637],[103.546326,18.07673],[103.542981,18.081244],[103.542441,18.088072],[103.537909,18.087378],[103.537262,18.07835],[103.534888,18.074646],[103.537046,18.068975],[103.525715,18.069554],[103.519565,18.070827],[103.514277,18.074068],[103.506292,18.06967],[103.505536,18.061684],[103.498091,18.062146],[103.493451,18.06041],[103.492587,18.054508],[103.497551,18.048836],[103.498091,18.041198],[103.494853,18.041776],[103.493558,18.035989],[103.497227,18.030781],[103.49863,18.020943],[103.496688,18.017124],[103.500249,18.007054],[103.503055,18.00555],[103.503918,17.996638],[103.499062,17.997911],[103.498522,17.991082],[103.491616,17.987726],[103.486544,17.994439],[103.481581,17.997679],[103.479099,18.002772],[103.47489,18.00555],[103.468523,18.000457],[103.466905,17.991661],[103.463128,17.988652],[103.454064,17.990966],[103.449208,17.994439],[103.443704,17.991082],[103.439172,17.985064],[103.437985,17.980781],[103.443704,17.979855],[103.445539,17.976036],[103.450718,17.973142],[103.445862,17.967124],[103.43928,17.968744],[103.439064,17.975226],[103.427734,17.975457],[103.422986,17.983443],[103.409173,17.987031],[103.405181,17.99224],[103.401188,17.988652],[103.399461,17.981476],[103.392231,17.986337],[103.38867,17.971522],[103.38867,17.958559],[103.397087,17.958328],[103.403562,17.954393],[103.408742,17.949416],[103.412411,17.93136],[103.407123,17.931476],[103.403994,17.928814],[103.3959,17.928235],[103.398922,17.9243],[103.400325,17.915735],[103.396656,17.908444],[103.399677,17.904624],[103.407986,17.904277],[103.413058,17.900689],[103.411008,17.895249],[103.413921,17.891083],[103.414677,17.885759],[103.417698,17.882634],[103.409389,17.877657],[103.405504,17.877194],[103.403238,17.868282],[103.408094,17.861106],[103.40162,17.857055],[103.393742,17.855551],[103.400001,17.846176],[103.405612,17.849764],[103.413813,17.842935],[103.419425,17.843282],[103.416619,17.836106],[103.408957,17.835759],[103.406476,17.839231],[103.398166,17.830898],[103.394929,17.832634],[103.39903,17.840273],[103.396224,17.843051],[103.387052,17.842935],[103.380038,17.83981],[103.37993,17.837379],[103.387483,17.832981],[103.390073,17.829278],[103.386836,17.821292],[103.379714,17.818514],[103.374858,17.813768],[103.381009,17.812727],[103.375829,17.80613],[103.374211,17.801269],[103.378743,17.79606],[103.368599,17.790042],[103.367844,17.779857],[103.373671,17.778468],[103.376693,17.772334],[103.380577,17.769672],[103.377016,17.764],[103.382951,17.75451],[103.385757,17.752311],[103.399785,17.758676],[103.40162,17.75694],[103.404209,17.747449],[103.406583,17.743862],[103.409281,17.733792],[103.40831,17.727774],[103.404425,17.719788],[103.405936,17.701848],[103.405612,17.695829],[103.401404,17.690042],[103.400864,17.684718],[103.404857,17.676964],[103.407015,17.669441],[103.404102,17.661339],[103.40108,17.65833],[103.398382,17.642358],[103.401188,17.64039],[103.401188,17.632404],[103.398274,17.625344],[103.397411,17.617242],[103.400325,17.61296],[103.399353,17.609256],[103.406583,17.603816],[103.407878,17.594094],[103.403454,17.5912],[103.398706,17.592242],[103.39644,17.595714],[103.391476,17.594094],[103.38457,17.594673],[103.381117,17.589349],[103.375398,17.591779],[103.37788,17.582751],[103.375182,17.579279],[103.371297,17.580668],[103.370542,17.585529],[103.36342,17.590043],[103.356945,17.590275],[103.343564,17.578353],[103.340111,17.578701],[103.33709,17.573377],[103.335255,17.55752],[103.331802,17.556016],[103.328565,17.549881],[103.323061,17.554627],[103.319069,17.54583],[103.318961,17.53877],[103.315832,17.534951],[103.316911,17.52384],[103.308386,17.517127],[103.300616,17.506247],[103.290473,17.501733],[103.286804,17.498146],[103.287883,17.490044],[103.290797,17.488539],[103.28648,17.482173],[103.288423,17.475923],[103.287883,17.467127],[103.285725,17.461572],[103.282164,17.45891],[103.281193,17.450576],[103.27461,17.443632],[103.276445,17.434951],[103.280545,17.432174],[103.283243,17.426618],[103.281732,17.419442],[103.28853,17.406942],[103.293171,17.403354],[103.2963,17.39803],[103.301372,17.395253],[103.301588,17.389929],[103.297055,17.388655],[103.294573,17.384836],[103.291012,17.374882],[103.287559,17.373841],[103.282811,17.36817],[103.281516,17.360068],[103.276337,17.350924],[103.272452,17.347915],[103.27256,17.340392],[103.270186,17.332985],[103.266841,17.328471],[103.256697,17.32685],[103.255402,17.319096],[103.252381,17.313772],[103.257129,17.309605],[103.257345,17.303355],[103.262632,17.289582],[103.273747,17.27986],[103.272991,17.27361],[103.274934,17.270601],[103.282811,17.266434],[103.28648,17.271179],[103.289933,17.267591],[103.295976,17.270716],[103.301156,17.268633],[103.305256,17.270369],[103.307846,17.267244],[103.314537,17.264351],[103.32727,17.261457],[103.328565,17.256712],[103.33655,17.258332],[103.344751,17.254629],[103.350794,17.255323],[103.355003,17.252777],[103.354463,17.244443],[103.358456,17.242129],[103.361154,17.235994],[103.365686,17.234606],[103.371513,17.237383],[103.375829,17.236805],[103.383491,17.227545],[103.386512,17.229397],[103.400972,17.224652],[103.407663,17.216666],[103.416835,17.212383],[103.421475,17.219444],[103.425576,17.221064],[103.430863,17.219907],[103.430431,17.216434],[103.438525,17.213309],[103.447157,17.217245],[103.45169,17.212615],[103.460754,17.218055],[103.463236,17.217245],[103.468523,17.223032],[103.475106,17.217476],[103.487731,17.210416],[103.507371,17.200925],[103.510608,17.197916],[103.51773,17.194675],[103.532298,17.185763],[103.549024,17.174074],[103.553772,17.172569],[103.559275,17.16574],[103.566074,17.161226],[103.567261,17.157638],[103.572656,17.157407],[103.582692,17.16331],[103.59003,17.170949],[103.59931,17.170023],[103.607079,17.1603],[103.611288,17.158449],[103.613878,17.150347],[103.620244,17.150694],[103.622402,17.143865],[103.628014,17.136342],[103.636215,17.120717],[103.638481,17.111458],[103.644955,17.114699],[103.658444,17.113426],[103.668048,17.105903],[103.66535,17.101157],[103.662653,17.089815],[103.65607,17.083565],[103.65402,17.071412],[103.66071,17.066898],[103.661789,17.06169],[103.666322,17.054514],[103.664919,17.048033],[103.660926,17.041551],[103.659739,17.028473],[103.662113,17.019676],[103.673659,17.020487],[103.676357,17.025],[103.674846,17.029514],[103.679594,17.032061],[103.683695,17.02963],[103.686716,17.032408],[103.695025,17.033681],[103.704198,17.024422],[103.705493,17.020602],[103.710025,17.020024],[103.720708,17.014815],[103.728262,17.008102],[103.730204,17.003589],[103.720384,16.989815],[103.71855,16.984491],[103.722219,16.980441],[103.727938,16.982871],[103.732902,16.988195],[103.738837,16.990163],[103.736679,16.981366],[103.741534,16.978126],[103.743585,16.971297],[103.750491,16.973149],[103.763116,16.964353],[103.768836,16.967015],[103.782756,16.959029],[103.776065,16.941899],[103.778763,16.934376],[103.778763,16.92558],[103.780598,16.921645],[103.781029,16.910071],[103.783511,16.906598],[103.789123,16.903705],[103.792252,16.893983],[103.788907,16.88889],[103.799266,16.884145],[103.805741,16.884724],[103.806064,16.878705],[103.809841,16.876506],[103.820524,16.875117],[103.824085,16.870719],[103.825272,16.865511],[103.834768,16.865742],[103.836711,16.859029],[103.835092,16.854515],[103.836063,16.848381],[103.83984,16.846182],[103.842646,16.840164],[103.856458,16.836691],[103.862609,16.832988],[103.869515,16.832409],[103.8734,16.829863],[103.874047,16.819562],[103.878687,16.819215],[103.883543,16.815627],[103.888076,16.816437],[103.891529,16.811923],[103.897356,16.809956],[103.901672,16.805442],[103.91365,16.799307],[103.920988,16.793636],[103.92293,16.789238],[103.932103,16.789238],[103.936419,16.784609],[103.935879,16.774886],[103.941814,16.772224],[103.950987,16.776622],[103.952498,16.780558],[103.94926,16.789701],[103.954764,16.799307],[103.953792,16.804632],[103.956598,16.81933],[103.96113,16.819678],[103.968684,16.811344],[103.973648,16.814469],[103.97764,16.819909],[103.981417,16.834724],[103.99005,16.833451],[104.000193,16.837039],[104.004942,16.841668],[104.011416,16.843867],[104.014222,16.849423],[104.022854,16.855904],[104.030732,16.85139],[104.035696,16.846182],[104.046055,16.842247],[104.051019,16.842594],[104.062134,16.840395],[104.068932,16.837849],[104.067853,16.825696],[104.070119,16.821298],[104.075406,16.826854],[104.08814,16.826391],[104.10465,16.83646],[104.104326,16.850696],[104.105297,16.852316],[104.116304,16.854284],[104.12375,16.861113],[104.119326,16.880325],[104.124289,16.888312],[104.132706,16.886112],[104.143713,16.886575],[104.162381,16.888543],[104.169719,16.886228],[104.179755,16.887849],[104.182237,16.882293],[104.185366,16.88264],[104.194431,16.876159],[104.197668,16.8772],[104.208243,16.874191],[104.213746,16.886344],[104.217847,16.891437],[104.226695,16.893404],[104.241803,16.893751],[104.243961,16.899654],[104.248277,16.904978],[104.252162,16.906946],[104.258853,16.910534],[104.26673,16.920487],[104.285398,16.928705],[104.301477,16.927084],[104.310217,16.94514],[104.314858,16.956251],[104.315937,16.961806],[104.321008,16.967593],[104.317447,16.976274],[104.324893,16.977663],[104.333094,16.975927],[104.337195,16.982408],[104.343777,16.985417],[104.351331,16.984723],[104.353273,16.987501],[104.357266,17.006366],[104.361798,17.008797],[104.36687,17.007408],[104.374963,17.012038],[104.377769,17.017014],[104.392552,17.01713],[104.392229,17.021644],[104.397732,17.021644],[104.396545,17.034491],[104.383704,17.037385],[104.384459,17.046181],[104.378416,17.04676],[104.374424,17.05081],[104.362661,17.057523],[104.363201,17.063426],[104.358129,17.063079],[104.352842,17.059607],[104.351331,17.065972],[104.353057,17.070718],[104.358669,17.069908],[104.36223,17.073148],[104.360611,17.07882],[104.36223,17.090046],[104.360072,17.091319],[104.362446,17.099537],[104.36633,17.105787],[104.372265,17.103125],[104.378308,17.10544],[104.380359,17.109143],[104.391689,17.112847],[104.393308,17.122338],[104.3973,17.130324],[104.403235,17.135995],[104.3973,17.143171],[104.39061,17.145139],[104.388668,17.148148],[104.39115,17.157176],[104.39061,17.168865],[104.391365,17.177893],[104.394603,17.183796],[104.402264,17.18831],[104.406581,17.192939],[104.407552,17.198958],[104.417264,17.217708],[104.424709,17.226735],[104.430321,17.236342],[104.435285,17.240045],[104.429673,17.243055],[104.425357,17.250578],[104.425788,17.255439],[104.420177,17.262036],[104.415969,17.262615],[104.413163,17.269675],[104.405286,17.283216],[104.406149,17.286689],[104.402912,17.299188],[104.403127,17.308332],[104.407552,17.311341],[104.415321,17.312846],[104.418127,17.315855],[104.416077,17.321295],[104.42212,17.327661],[104.423522,17.339929],[104.419853,17.347799],[104.414242,17.352313],[104.4123,17.369906],[104.408847,17.372452],[104.406904,17.379049],[104.412516,17.392938],[104.415105,17.39479],[104.410357,17.408679],[104.415321,17.413192],[104.417372,17.420947],[104.413271,17.423609],[104.412839,17.427197],[104.402696,17.426734],[104.397408,17.428239],[104.3932,17.424535],[104.39579,17.415276],[104.387157,17.413192],[104.383056,17.413771],[104.376042,17.419674],[104.372481,17.420831],[104.349928,17.422336],[104.339461,17.422336],[104.332663,17.427081],[104.325001,17.427313],[104.317771,17.431942],[104.308491,17.432289],[104.302772,17.43009],[104.287988,17.432174],[104.28065,17.42928],[104.260471,17.417128],[104.251299,17.415507],[104.245148,17.417128],[104.229393,17.413655],[104.224214,17.414003],[104.216444,17.417359],[104.21202,17.415507],[104.205222,17.41759],[104.205114,17.423262],[104.19756,17.428354],[104.191949,17.423146],[104.187309,17.425461],[104.182992,17.422683],[104.180294,17.42928],[104.175546,17.427544],[104.172201,17.429396],[104.170151,17.418285],[104.163676,17.415507],[104.157094,17.417012],[104.15159,17.409604],[104.144253,17.409373],[104.144253,17.402197],[104.15159,17.401387],[104.153533,17.396757],[104.150835,17.392706],[104.146842,17.393401],[104.144145,17.397452],[104.139181,17.39398],[104.142958,17.389697],[104.14026,17.384373],[104.131196,17.379859],[104.126879,17.382753],[104.127311,17.38854],[104.124289,17.391896],[104.123858,17.397105],[104.117383,17.397105],[104.113606,17.391433],[104.108211,17.392128],[104.111124,17.397567],[104.110153,17.401734],[104.104974,17.402776],[104.100657,17.399304],[104.095801,17.403586],[104.090945,17.401387],[104.095909,17.396294],[104.092456,17.391433],[104.094938,17.388308],[104.098823,17.392359],[104.10001,17.382058],[104.095801,17.375693],[104.091269,17.374998],[104.087708,17.378818],[104.090837,17.384489],[104.086305,17.386688],[104.080586,17.392475],[104.074219,17.384373],[104.072169,17.379165],[104.067853,17.381827],[104.065479,17.389118],[104.060623,17.388193],[104.056846,17.390623],[104.058896,17.3956],[104.050911,17.404049],[104.050263,17.40729],[104.037746,17.420253],[104.038717,17.423377],[104.035048,17.432058],[104.027603,17.437613],[104.029869,17.444211],[104.018322,17.458678],[104.012711,17.471525],[104.009474,17.485993],[104.019725,17.487266],[104.023502,17.496294],[104.024149,17.502659],[104.029977,17.507405],[104.033753,17.516317],[104.033214,17.520136],[104.039365,17.52384],[104.039365,17.531479],[104.035156,17.55833],[104.035156,17.563539],[104.038825,17.568284],[104.049832,17.57164],[104.051882,17.575344],[104.054148,17.592358],[104.046379,17.604511],[104.038825,17.608446],[104.038393,17.613191],[104.031811,17.619672],[104.032351,17.626501],[104.037854,17.640274],[104.043034,17.646293],[104.0453,17.641663],[104.04994,17.640043],[104.059112,17.643746],[104.067313,17.644209],[104.067853,17.648839],[104.071198,17.651154],[104.072493,17.657404],[104.070766,17.663769],[104.07368,17.670945],[104.082636,17.677774],[104.082205,17.682404],[104.075514,17.6787],[104.070119,17.679742],[104.068284,17.687959],[104.069471,17.693746],[104.074759,17.692936],[104.078428,17.69664],[104.074111,17.700112],[104.077349,17.706593],[104.071845,17.70694],[104.071306,17.712496],[104.066558,17.715852],[104.062889,17.722565],[104.068392,17.724186],[104.068392,17.731246],[104.064292,17.747565],[104.05868,17.739926],[104.050156,17.737959],[104.050048,17.748607],[104.057817,17.749996],[104.057386,17.757403],[104.049508,17.765158],[104.039796,17.76944],[104.029977,17.768746],[104.029005,17.757403],[104.022854,17.760644],[104.019617,17.772912],[104.014977,17.777542],[104.014438,17.784602],[104.009905,17.791662],[104.010877,17.795366],[104.018754,17.795829],[104.02102,17.799069],[104.01584,17.810412],[104.012279,17.810875]]]}},{"type":"Feature","id":"TH48","bbox":[103.981741,16.787386,104.807249,18.023837],"properties":{"ADM1_PCODE":"TH48","ADM1_TH":"นครพนม","ADM1_EN":"Nakhon Phanom"},"geometry":{"type":"Polygon","coordinates":[[[104.737215,16.804632],[104.737755,16.81146],[104.741855,16.82153],[104.754912,16.832756],[104.762466,16.840858],[104.764085,16.848497],[104.75966,16.864469],[104.748762,16.883219],[104.739158,16.905557],[104.735597,16.921066],[104.735597,16.949422],[104.734625,16.967941],[104.731712,16.980093],[104.729338,17.001042],[104.730525,17.014815],[104.734841,17.028241],[104.74315,17.042477],[104.754157,17.054398],[104.760632,17.064468],[104.765164,17.07581],[104.771423,17.088542],[104.775415,17.101157],[104.779192,17.106018],[104.780703,17.111342],[104.788472,17.127546],[104.792141,17.146643],[104.796673,17.156365],[104.802285,17.17199],[104.804227,17.208911],[104.807249,17.226504],[104.806062,17.247221],[104.802608,17.269096],[104.802932,17.278818],[104.805198,17.292013],[104.806709,17.309952],[104.80509,17.321642],[104.804119,17.338656],[104.804119,17.364813],[104.802932,17.381827],[104.800666,17.393169],[104.79322,17.405554],[104.777142,17.426618],[104.761711,17.441201],[104.752323,17.451618],[104.745956,17.463771],[104.740453,17.468979],[104.735381,17.475692],[104.727935,17.491548],[104.73128,17.49259],[104.72977,17.499303],[104.726208,17.503817],[104.714446,17.515159],[104.705598,17.526502],[104.689303,17.536918],[104.674304,17.544557],[104.665887,17.547451],[104.646787,17.559951],[104.63837,17.564349],[104.616572,17.578585],[104.608479,17.577196],[104.58366,17.590737],[104.572545,17.597566],[104.548913,17.609024],[104.514706,17.628469],[104.50316,17.633561],[104.4887,17.64201],[104.482441,17.647682],[104.473053,17.651154],[104.46647,17.656709],[104.447047,17.684718],[104.445104,17.689232],[104.432803,17.705783],[104.42104,17.718283],[104.40248,17.74282],[104.397408,17.7515],[104.392552,17.763422],[104.375718,17.788653],[104.3741,17.792588],[104.361043,17.81481],[104.354676,17.823491],[104.349496,17.828352],[104.338921,17.83518],[104.316045,17.842125],[104.306333,17.843398],[104.299642,17.845944],[104.290038,17.851384],[104.279787,17.85856],[104.270615,17.871523],[104.249896,17.921407],[104.246011,17.93217],[104.241587,17.939231],[104.23522,17.954277],[104.226588,17.976846],[104.212883,18.000226],[104.19756,18.01504],[104.190006,18.023837],[104.180294,18.018628],[104.179971,18.014346],[104.174144,18.015735],[104.172525,18.010063],[104.172741,18.002656],[104.166374,18.004508],[104.144037,18.003466],[104.117059,18.006128],[104.111772,18.004855],[104.111664,17.999415],[104.114254,17.996753],[104.115872,17.987263],[104.113067,17.98136],[104.11857,17.965041],[104.126448,17.960758],[104.126987,17.958212],[104.134109,17.955897],[104.134001,17.951846],[104.130764,17.945249],[104.130764,17.939925],[104.127635,17.935064],[104.123426,17.921638],[104.114146,17.915041],[104.10411,17.911453],[104.097959,17.906592],[104.079183,17.885874],[104.072709,17.87974],[104.067313,17.883212],[104.066018,17.895481],[104.062673,17.895481],[104.059975,17.900342],[104.062349,17.903351],[104.053177,17.904509],[104.050156,17.906708],[104.040983,17.908444],[104.036991,17.907865],[104.031164,17.910064],[104.026631,17.905319],[104.013898,17.897333],[104.010661,17.892124],[104.00246,17.892009],[103.998035,17.890504],[103.992964,17.885874],[103.993827,17.882865],[103.989079,17.873375],[103.984331,17.871754],[103.983899,17.86562],[103.986813,17.861338],[103.981741,17.858791],[103.990374,17.853236],[103.993395,17.85393],[104.000409,17.845944],[103.999006,17.840041],[104.004834,17.833213],[104.0112,17.830435],[104.013035,17.823143],[104.012171,17.818398],[104.014869,17.815968],[104.012279,17.810875],[104.01584,17.810412],[104.02102,17.799069],[104.018754,17.795829],[104.010877,17.795366],[104.009905,17.791662],[104.014438,17.784602],[104.014977,17.777542],[104.019617,17.772912],[104.022854,17.760644],[104.029005,17.757403],[104.029977,17.768746],[104.039796,17.76944],[104.049508,17.765158],[104.057386,17.757403],[104.057817,17.749996],[104.050048,17.748607],[104.050156,17.737959],[104.05868,17.739926],[104.064292,17.747565],[104.068392,17.731246],[104.068392,17.724186],[104.062889,17.722565],[104.066558,17.715852],[104.071306,17.712496],[104.071845,17.70694],[104.077349,17.706593],[104.074111,17.700112],[104.078428,17.69664],[104.074759,17.692936],[104.069471,17.693746],[104.068284,17.687959],[104.070119,17.679742],[104.075514,17.6787],[104.082205,17.682404],[104.082636,17.677774],[104.07368,17.670945],[104.070766,17.663769],[104.072493,17.657404],[104.071198,17.651154],[104.067853,17.648839],[104.067313,17.644209],[104.059112,17.643746],[104.04994,17.640043],[104.0453,17.641663],[104.043034,17.646293],[104.037854,17.640274],[104.032351,17.626501],[104.031811,17.619672],[104.038393,17.613191],[104.038825,17.608446],[104.046379,17.604511],[104.054148,17.592358],[104.051882,17.575344],[104.049832,17.57164],[104.038825,17.568284],[104.035156,17.563539],[104.035156,17.55833],[104.039365,17.531479],[104.039365,17.52384],[104.033214,17.520136],[104.033753,17.516317],[104.029977,17.507405],[104.024149,17.502659],[104.023502,17.496294],[104.019725,17.487266],[104.009474,17.485993],[104.012711,17.471525],[104.018322,17.458678],[104.029869,17.444211],[104.027603,17.437613],[104.035048,17.432058],[104.038717,17.423377],[104.037746,17.420253],[104.050263,17.40729],[104.050911,17.404049],[104.058896,17.3956],[104.056846,17.390623],[104.060623,17.388193],[104.065479,17.389118],[104.067853,17.381827],[104.072169,17.379165],[104.074219,17.384373],[104.080586,17.392475],[104.086305,17.386688],[104.090837,17.384489],[104.087708,17.378818],[104.091269,17.374998],[104.095801,17.375693],[104.10001,17.382058],[104.098823,17.392359],[104.094938,17.388308],[104.092456,17.391433],[104.095909,17.396294],[104.090945,17.401387],[104.095801,17.403586],[104.100657,17.399304],[104.104974,17.402776],[104.110153,17.401734],[104.111124,17.397567],[104.108211,17.392128],[104.113606,17.391433],[104.117383,17.397105],[104.123858,17.397105],[104.124289,17.391896],[104.127311,17.38854],[104.126879,17.382753],[104.131196,17.379859],[104.14026,17.384373],[104.142958,17.389697],[104.139181,17.39398],[104.144145,17.397452],[104.146842,17.393401],[104.150835,17.392706],[104.153533,17.396757],[104.15159,17.401387],[104.144253,17.402197],[104.144253,17.409373],[104.15159,17.409604],[104.157094,17.417012],[104.163676,17.415507],[104.170151,17.418285],[104.172201,17.429396],[104.175546,17.427544],[104.180294,17.42928],[104.182992,17.422683],[104.187309,17.425461],[104.191949,17.423146],[104.19756,17.428354],[104.205114,17.423262],[104.205222,17.41759],[104.21202,17.415507],[104.216444,17.417359],[104.224214,17.414003],[104.229393,17.413655],[104.245148,17.417128],[104.251299,17.415507],[104.260471,17.417128],[104.28065,17.42928],[104.287988,17.432174],[104.302772,17.43009],[104.308491,17.432289],[104.317771,17.431942],[104.325001,17.427313],[104.332663,17.427081],[104.339461,17.422336],[104.349928,17.422336],[104.372481,17.420831],[104.376042,17.419674],[104.383056,17.413771],[104.387157,17.413192],[104.39579,17.415276],[104.3932,17.424535],[104.397408,17.428239],[104.402696,17.426734],[104.412839,17.427197],[104.413271,17.423609],[104.417372,17.420947],[104.415321,17.413192],[104.410357,17.408679],[104.415105,17.39479],[104.412516,17.392938],[104.406904,17.379049],[104.408847,17.372452],[104.4123,17.369906],[104.414242,17.352313],[104.419853,17.347799],[104.423522,17.339929],[104.42212,17.327661],[104.416077,17.321295],[104.418127,17.315855],[104.415321,17.312846],[104.407552,17.311341],[104.403127,17.308332],[104.402912,17.299188],[104.406149,17.286689],[104.405286,17.283216],[104.413163,17.269675],[104.415969,17.262615],[104.420177,17.262036],[104.425788,17.255439],[104.425357,17.250578],[104.429673,17.243055],[104.435285,17.240045],[104.430321,17.236342],[104.424709,17.226735],[104.417264,17.217708],[104.407552,17.198958],[104.406581,17.192939],[104.402264,17.18831],[104.394603,17.183796],[104.391365,17.177893],[104.39061,17.168865],[104.39115,17.157176],[104.388668,17.148148],[104.39061,17.145139],[104.3973,17.143171],[104.403235,17.135995],[104.3973,17.130324],[104.393308,17.122338],[104.391689,17.112847],[104.380359,17.109143],[104.378308,17.10544],[104.372265,17.103125],[104.36633,17.105787],[104.362446,17.099537],[104.360072,17.091319],[104.36223,17.090046],[104.360611,17.07882],[104.36223,17.073148],[104.358669,17.069908],[104.353057,17.070718],[104.351331,17.065972],[104.352842,17.059607],[104.358129,17.063079],[104.363201,17.063426],[104.362661,17.057523],[104.374424,17.05081],[104.378416,17.04676],[104.384459,17.046181],[104.383704,17.037385],[104.396545,17.034491],[104.397732,17.021644],[104.392229,17.021644],[104.392552,17.01713],[104.377769,17.017014],[104.374963,17.012038],[104.36687,17.007408],[104.361798,17.008797],[104.357266,17.006366],[104.353273,16.987501],[104.351331,16.984723],[104.343777,16.985417],[104.337195,16.982408],[104.333094,16.975927],[104.324893,16.977663],[104.317447,16.976274],[104.321008,16.967593],[104.315937,16.961806],[104.314858,16.956251],[104.310217,16.94514],[104.301477,16.927084],[104.285398,16.928705],[104.26673,16.920487],[104.258853,16.910534],[104.252162,16.906946],[104.251191,16.897108],[104.252594,16.886112],[104.248925,16.878589],[104.249896,16.871413],[104.258853,16.872802],[104.262521,16.866089],[104.267917,16.86389],[104.274823,16.863775],[104.278708,16.860418],[104.277413,16.856946],[104.287556,16.856715],[104.289499,16.848844],[104.294355,16.842016],[104.30029,16.840164],[104.304175,16.846761],[104.306117,16.853937],[104.31421,16.866784],[104.319713,16.86933],[104.31939,16.874654],[104.326728,16.876506],[104.330073,16.87558],[104.346475,16.877779],[104.356942,16.880094],[104.363309,16.877316],[104.36223,16.866205],[104.36946,16.864122],[104.376798,16.865626],[104.381761,16.864353],[104.382841,16.859724],[104.392337,16.845025],[104.398164,16.837849],[104.405609,16.837849],[104.409602,16.845025],[104.403235,16.852201],[104.398595,16.863427],[104.398595,16.871761],[104.404638,16.882293],[104.407444,16.896182],[104.410897,16.892594],[104.418451,16.892131],[104.427839,16.886691],[104.428594,16.88264],[104.435069,16.879052],[104.441543,16.872571],[104.437011,16.868057],[104.42881,16.862849],[104.428918,16.85683],[104.436687,16.859955],[104.43604,16.853242],[104.439493,16.84271],[104.442299,16.843404],[104.44068,16.852664],[104.444888,16.857756],[104.449529,16.844909],[104.448881,16.840164],[104.445536,16.833914],[104.448989,16.830442],[104.453197,16.831252],[104.451471,16.837965],[104.456543,16.842016],[104.457838,16.853821],[104.454708,16.859724],[104.459672,16.86065],[104.465391,16.856715],[104.46906,16.849423],[104.467442,16.841437],[104.478664,16.842016],[104.477585,16.847108],[104.468629,16.860071],[104.463017,16.862386],[104.467873,16.865858],[104.483628,16.85359],[104.499922,16.854515],[104.506613,16.852316],[104.510821,16.856715],[104.52431,16.859377],[104.527008,16.864932],[104.537475,16.867594],[104.547834,16.864932],[104.551395,16.869099],[104.554848,16.869099],[104.559488,16.865279],[104.566826,16.863312],[104.572761,16.865511],[104.577617,16.864353],[104.589811,16.866668],[104.598444,16.866321],[104.605889,16.863196],[104.6074,16.860765],[104.616141,16.863427],[104.628335,16.86308],[104.630385,16.852085],[104.633622,16.84977],[104.637399,16.84109],[104.635888,16.826043],[104.637291,16.821182],[104.641931,16.81852],[104.642902,16.815048],[104.64819,16.80903],[104.654557,16.804284],[104.660384,16.795141],[104.66006,16.792247],[104.666535,16.787386],[104.673009,16.795025],[104.677433,16.793636],[104.686498,16.794909],[104.69308,16.792016],[104.692649,16.82396],[104.700094,16.827201],[104.704735,16.826969],[104.716497,16.8294],[104.716281,16.824423],[104.720381,16.816321],[104.721245,16.809145],[104.72718,16.806252],[104.737215,16.804632]]]}},{"type":"Feature","id":"TH49","bbox":[104.070119,16.185538,104.978717,16.906946],"properties":{"ADM1_PCODE":"TH49","ADM1_TH":"มุกดาหาร","ADM1_EN":"Mukdahan"},"geometry":{"type":"Polygon","coordinates":[[[104.737215,16.804632],[104.72718,16.806252],[104.721245,16.809145],[104.720381,16.816321],[104.716281,16.824423],[104.716497,16.8294],[104.704735,16.826969],[104.700094,16.827201],[104.692649,16.82396],[104.69308,16.792016],[104.686498,16.794909],[104.677433,16.793636],[104.673009,16.795025],[104.666535,16.787386],[104.66006,16.792247],[104.660384,16.795141],[104.654557,16.804284],[104.64819,16.80903],[104.642902,16.815048],[104.641931,16.81852],[104.637291,16.821182],[104.635888,16.826043],[104.637399,16.84109],[104.633622,16.84977],[104.630385,16.852085],[104.628335,16.86308],[104.616141,16.863427],[104.6074,16.860765],[104.605889,16.863196],[104.598444,16.866321],[104.589811,16.866668],[104.577617,16.864353],[104.572761,16.865511],[104.566826,16.863312],[104.559488,16.865279],[104.554848,16.869099],[104.551395,16.869099],[104.547834,16.864932],[104.537475,16.867594],[104.527008,16.864932],[104.52431,16.859377],[104.510821,16.856715],[104.506613,16.852316],[104.499922,16.854515],[104.483628,16.85359],[104.467873,16.865858],[104.463017,16.862386],[104.468629,16.860071],[104.477585,16.847108],[104.478664,16.842016],[104.467442,16.841437],[104.46906,16.849423],[104.465391,16.856715],[104.459672,16.86065],[104.454708,16.859724],[104.457838,16.853821],[104.456543,16.842016],[104.451471,16.837965],[104.453197,16.831252],[104.448989,16.830442],[104.445536,16.833914],[104.448881,16.840164],[104.449529,16.844909],[104.444888,16.857756],[104.44068,16.852664],[104.442299,16.843404],[104.439493,16.84271],[104.43604,16.853242],[104.436687,16.859955],[104.428918,16.85683],[104.42881,16.862849],[104.437011,16.868057],[104.441543,16.872571],[104.435069,16.879052],[104.428594,16.88264],[104.427839,16.886691],[104.418451,16.892131],[104.410897,16.892594],[104.407444,16.896182],[104.404638,16.882293],[104.398595,16.871761],[104.398595,16.863427],[104.403235,16.852201],[104.409602,16.845025],[104.405609,16.837849],[104.398164,16.837849],[104.392337,16.845025],[104.382841,16.859724],[104.381761,16.864353],[104.376798,16.865626],[104.36946,16.864122],[104.36223,16.866205],[104.363309,16.877316],[104.356942,16.880094],[104.346475,16.877779],[104.330073,16.87558],[104.326728,16.876506],[104.31939,16.874654],[104.319713,16.86933],[104.31421,16.866784],[104.306117,16.853937],[104.304175,16.846761],[104.30029,16.840164],[104.294355,16.842016],[104.289499,16.848844],[104.287556,16.856715],[104.277413,16.856946],[104.278708,16.860418],[104.274823,16.863775],[104.267917,16.86389],[104.262521,16.866089],[104.258853,16.872802],[104.249896,16.871413],[104.248925,16.878589],[104.252594,16.886112],[104.251191,16.897108],[104.252162,16.906946],[104.248277,16.904978],[104.243961,16.899654],[104.241803,16.893751],[104.226695,16.893404],[104.217847,16.891437],[104.213746,16.886344],[104.208243,16.874191],[104.197668,16.8772],[104.194431,16.876159],[104.185366,16.88264],[104.182237,16.882293],[104.179755,16.887849],[104.169719,16.886228],[104.162381,16.888543],[104.143713,16.886575],[104.132706,16.886112],[104.124289,16.888312],[104.119326,16.880325],[104.12375,16.861113],[104.116304,16.854284],[104.105297,16.852316],[104.104326,16.850696],[104.10465,16.83646],[104.08814,16.826391],[104.075406,16.826854],[104.070119,16.821298],[104.073572,16.815627],[104.078644,16.810881],[104.083715,16.809261],[104.091917,16.810303],[104.091269,16.798497],[104.094722,16.789701],[104.099039,16.783914],[104.10875,16.774655],[104.11393,16.766785],[104.118894,16.765743],[104.134325,16.771993],[104.138965,16.766553],[104.14285,16.759261],[104.136591,16.756252],[104.13098,16.748498],[104.131951,16.736576],[104.136052,16.729516],[104.145548,16.72234],[104.151051,16.71528],[104.149756,16.704979],[104.153965,16.698498],[104.162921,16.697341],[104.168856,16.697919],[104.168856,16.692711],[104.16195,16.685535],[104.16195,16.679285],[104.166698,16.674193],[104.183855,16.66991],[104.188819,16.664933],[104.194646,16.661461],[104.194431,16.649771],[104.189251,16.649424],[104.18569,16.645721],[104.182129,16.637619],[104.175978,16.637503],[104.175762,16.633568],[104.179971,16.626623],[104.17792,16.616438],[104.17328,16.609725],[104.177597,16.600813],[104.177381,16.59711],[104.186445,16.596994],[104.189359,16.59248],[104.203927,16.585651],[104.206301,16.58079],[104.204142,16.572573],[104.210617,16.564587],[104.217092,16.561578],[104.21666,16.557874],[104.22335,16.554749],[104.225832,16.549656],[104.220976,16.542249],[104.222595,16.528939],[104.232307,16.525698],[104.237918,16.522342],[104.2404,16.518291],[104.238781,16.513198],[104.238134,16.498731],[104.238889,16.492018],[104.23371,16.487041],[104.231551,16.482759],[104.226588,16.479402],[104.224861,16.467712],[104.234249,16.460421],[104.238566,16.454518],[104.238566,16.442713],[104.236731,16.434264],[104.23781,16.428592],[104.246659,16.436347],[104.25022,16.433685],[104.257342,16.437157],[104.266082,16.43681],[104.273852,16.44387],[104.284211,16.449888],[104.287449,16.459611],[104.287988,16.467249],[104.291225,16.472805],[104.306333,16.460305],[104.311189,16.452435],[104.313994,16.440745],[104.314102,16.430328],[104.319713,16.420375],[104.317339,16.410074],[104.317663,16.404518],[104.315073,16.393407],[104.318203,16.383569],[104.318203,16.37512],[104.320793,16.366556],[104.32608,16.356139],[104.326404,16.346301],[104.327807,16.341672],[104.32662,16.332644],[104.340432,16.327436],[104.347986,16.323153],[104.351655,16.329403],[104.366546,16.340861],[104.374963,16.342366],[104.389315,16.348847],[104.399998,16.346533],[104.406904,16.346996],[104.420609,16.345144],[104.424709,16.346996],[104.437874,16.344681],[104.452658,16.343408],[104.458269,16.341903],[104.466147,16.344797],[104.473377,16.345607],[104.481901,16.342135],[104.4928,16.34144],[104.503807,16.337621],[104.503483,16.334033],[104.508123,16.328709],[104.508339,16.321417],[104.510821,16.316903],[104.521288,16.31482],[104.530245,16.31563],[104.537043,16.318176],[104.54136,16.313894],[104.5501,16.312505],[104.551071,16.306371],[104.557114,16.293061],[104.560891,16.2882],[104.558625,16.27026],[104.555927,16.261464],[104.572545,16.259149],[104.574919,16.249774],[104.57848,16.243061],[104.58571,16.237158],[104.59758,16.242019],[104.600494,16.238894],[104.60071,16.229635],[104.602652,16.224543],[104.608803,16.223501],[104.613227,16.216557],[104.629198,16.211233],[104.640205,16.214473],[104.646895,16.218061],[104.654341,16.224543],[104.65801,16.225932],[104.660492,16.237274],[104.664053,16.24283],[104.666642,16.234728],[104.66988,16.230445],[104.681966,16.225469],[104.690706,16.226626],[104.692757,16.223848],[104.692325,16.215515],[104.697936,16.213432],[104.70495,16.207182],[104.709159,16.210307],[104.716497,16.203941],[104.737863,16.201973],[104.748006,16.202899],[104.754049,16.198038],[104.758473,16.200816],[104.766027,16.196534],[104.774228,16.196765],[104.78599,16.199774],[104.795594,16.197228],[104.799587,16.189589],[104.803364,16.187043],[104.813939,16.185538],[104.820306,16.191325],[104.825701,16.204867],[104.835737,16.200122],[104.841672,16.203131],[104.854837,16.201626],[104.866815,16.209034],[104.875987,16.209149],[104.881274,16.212274],[104.88203,16.221071],[104.886346,16.225469],[104.88408,16.229751],[104.884835,16.234033],[104.900159,16.243293],[104.908791,16.247459],[104.914187,16.255214],[104.918827,16.255908],[104.92746,16.25313],[104.94602,16.261001],[104.952603,16.267251],[104.95994,16.271996],[104.956056,16.279982],[104.958322,16.283454],[104.973213,16.275005],[104.978717,16.279172],[104.957782,16.292482],[104.945696,16.309033],[104.934798,16.319797],[104.929942,16.332065],[104.921633,16.337736],[104.912029,16.339704],[104.903072,16.338547],[104.896705,16.341903],[104.891742,16.346533],[104.885591,16.357528],[104.886022,16.36644],[104.884188,16.371532],[104.878577,16.378708],[104.871778,16.38519],[104.868649,16.392018],[104.861959,16.402088],[104.863901,16.414588],[104.860987,16.426509],[104.855484,16.438662],[104.844369,16.455791],[104.830449,16.465282],[104.819442,16.469449],[104.795271,16.48137],[104.777034,16.493175],[104.763221,16.505559],[104.743042,16.527666],[104.736244,16.542712],[104.733762,16.560073],[104.734841,16.570837],[104.740453,16.600813],[104.741208,16.619911],[104.745524,16.640975],[104.751783,16.650466],[104.753617,16.664818],[104.756315,16.67072],[104.762466,16.68947],[104.764085,16.697688],[104.761063,16.708104],[104.758366,16.721877],[104.759229,16.737965],[104.755776,16.748961],[104.746495,16.764238],[104.740776,16.78322],[104.738402,16.793289],[104.737215,16.804632]]]}},{"type":"Feature","id":"TH50","bbox":[98.008627,17.244443,99.572883,20.147434],"properties":{"ADM1_PCODE":"TH50","ADM1_TH":"เชียงใหม่","ADM1_EN":"Chiang Mai"},"geometry":{"type":"Polygon","coordinates":[[[99.401847,19.000103],[99.395912,19.008437],[99.396343,19.014802],[99.393214,19.020358],[99.389869,19.020126],[99.385984,19.03876],[99.381452,19.041538],[99.381883,19.05126],[99.384473,19.054964],[99.381668,19.065265],[99.368826,19.067695],[99.364078,19.073135],[99.364402,19.08008],[99.350913,19.087256],[99.344331,19.086445],[99.343576,19.093853],[99.340662,19.095589],[99.337856,19.103806],[99.329979,19.11295],[99.3289,19.117927],[99.325123,19.118968],[99.32113,19.124061],[99.319188,19.132973],[99.324044,19.135635],[99.322749,19.147325],[99.31962,19.154037],[99.319404,19.164801],[99.314116,19.171977],[99.306347,19.175912],[99.304512,19.182972],[99.306455,19.186792],[99.306455,19.194084],[99.308937,19.204963],[99.314548,19.209245],[99.31185,19.211445],[99.310016,19.218273],[99.311526,19.225449],[99.31703,19.228227],[99.32221,19.23413],[99.322749,19.240727],[99.329008,19.249407],[99.332353,19.249754],[99.335914,19.254268],[99.335914,19.262139],[99.342065,19.266074],[99.337101,19.285171],[99.338396,19.297555],[99.332785,19.303574],[99.331921,19.310634],[99.327281,19.319198],[99.327713,19.323712],[99.332569,19.3273],[99.334943,19.336444],[99.333432,19.339453],[99.334295,19.348596],[99.332677,19.362254],[99.329871,19.364684],[99.330842,19.381698],[99.327281,19.384592],[99.324907,19.391536],[99.330195,19.398133],[99.320483,19.406119],[99.319404,19.412253],[99.314872,19.418503],[99.314332,19.424985],[99.308829,19.42892],[99.314548,19.452068],[99.31703,19.455193],[99.310555,19.471281],[99.305376,19.474637],[99.307534,19.478572],[99.306347,19.489683],[99.298685,19.487021],[99.294908,19.492461],[99.294693,19.498595],[99.299009,19.506929],[99.299333,19.5126],[99.303649,19.517808],[99.305915,19.526604],[99.312282,19.529035],[99.313685,19.535054],[99.322641,19.535054],[99.326202,19.538757],[99.320483,19.541766],[99.317569,19.553803],[99.309692,19.553688],[99.296851,19.56422],[99.294693,19.567808],[99.294693,19.577299],[99.289297,19.580655],[99.289621,19.586789],[99.293074,19.59084],[99.29124,19.595933],[99.284657,19.603224],[99.281528,19.602646],[99.275701,19.606928],[99.267176,19.610632],[99.267823,19.621627],[99.266636,19.625331],[99.258759,19.631118],[99.261456,19.634937],[99.25919,19.639798],[99.258651,19.650794],[99.261996,19.65334],[99.264694,19.663756],[99.276024,19.668155],[99.281636,19.673363],[99.286923,19.67533],[99.296851,19.682159],[99.296851,19.6854],[99.302138,19.689914],[99.310447,19.70114],[99.314008,19.702645],[99.313253,19.70739],[99.325878,19.71202],[99.337317,19.713293],[99.343036,19.711673],[99.347676,19.71364],[99.346597,19.720353],[99.348971,19.724636],[99.359762,19.726256],[99.362028,19.732506],[99.362352,19.740376],[99.360086,19.743385],[99.360409,19.748825],[99.36451,19.751372],[99.364726,19.764103],[99.367424,19.774751],[99.377028,19.779149],[99.377351,19.797436],[99.380912,19.799288],[99.378646,19.8082],[99.383394,19.811556],[99.389437,19.810862],[99.402818,19.813524],[99.407998,19.812598],[99.419976,19.81445],[99.41922,19.824519],[99.409292,19.829728],[99.407998,19.834126],[99.411343,19.844658],[99.39602,19.856463],[99.387495,19.86526],[99.386308,19.877065],[99.382099,19.878454],[99.383502,19.883547],[99.382099,19.891301],[99.388682,19.90056],[99.391164,19.900329],[99.398609,19.906347],[99.40217,19.914102],[99.413393,19.915491],[99.420515,19.918037],[99.416522,19.924519],[99.414688,19.931116],[99.415012,19.940375],[99.417386,19.943037],[99.418249,19.95218],[99.427098,19.960745],[99.43886,19.961324],[99.441881,19.964333],[99.442313,19.970236],[99.452025,19.980768],[99.454399,19.987018],[99.460334,19.993152],[99.45947,19.996393],[99.465298,20.001023],[99.465513,20.005421],[99.473175,20.011324],[99.478355,20.013175],[99.472527,20.017805],[99.470693,20.022087],[99.465945,20.025791],[99.469182,20.029379],[99.467672,20.033893],[99.47242,20.034703],[99.475873,20.039217],[99.482887,20.038291],[99.495512,20.047319],[99.498318,20.051948],[99.50285,20.054842],[99.502958,20.059471],[99.492707,20.064217],[99.489469,20.072434],[99.491196,20.079031],[99.502203,20.083082],[99.508461,20.088175],[99.514181,20.088638],[99.517742,20.091647],[99.530259,20.093615],[99.538352,20.099749],[99.546985,20.101485],[99.551949,20.104147],[99.559179,20.098129],[99.564466,20.104379],[99.570509,20.107272],[99.572883,20.119193],[99.568567,20.123591],[99.564574,20.12417],[99.556589,20.130073],[99.546014,20.130883],[99.529719,20.13748],[99.521518,20.137827],[99.512993,20.147434],[99.509756,20.147087],[99.507274,20.142573],[99.500152,20.134934],[99.494865,20.133545],[99.498642,20.123013],[99.499073,20.117689],[99.491843,20.115837],[99.483426,20.109587],[99.471988,20.10924],[99.461844,20.104263],[99.453535,20.097897],[99.444579,20.09836],[99.440694,20.09211],[99.429364,20.090142],[99.423429,20.093267],[99.41663,20.093383],[99.412314,20.088291],[99.405408,20.088754],[99.40012,20.086207],[99.396128,20.089564],[99.392027,20.087943],[99.383178,20.087943],[99.378215,20.089448],[99.37379,20.094425],[99.365697,20.098939],[99.350806,20.09674],[99.348432,20.101716],[99.344223,20.105536],[99.33818,20.103684],[99.335914,20.109818],[99.329439,20.111323],[99.326202,20.109818],[99.316059,20.110513],[99.314764,20.113522],[99.296635,20.115142],[99.293721,20.113869],[99.281743,20.114101],[99.278722,20.116531],[99.265449,20.113522],[99.254011,20.114448],[99.246457,20.112828],[99.242464,20.114448],[99.235342,20.123244],[99.231026,20.125096],[99.225415,20.120003],[99.221314,20.122781],[99.218509,20.128452],[99.212358,20.131693],[99.198006,20.130883],[99.192287,20.128337],[99.188294,20.131693],[99.181603,20.128915],[99.172107,20.130536],[99.168439,20.133082],[99.163367,20.13123],[99.158727,20.132966],[99.147612,20.127642],[99.140058,20.122318],[99.126138,20.119425],[99.127217,20.105767],[99.119448,20.101022],[99.11157,20.101601],[99.099808,20.097781],[99.096787,20.104957],[99.092362,20.106693],[99.090744,20.097434],[99.085564,20.098129],[99.080492,20.102179],[99.074557,20.099633],[99.069486,20.093152],[99.06668,20.08505],[99.069701,20.082967],[99.066788,20.068383],[99.056644,20.063059],[99.053191,20.050328],[99.048767,20.046509],[99.044019,20.038754],[99.044127,20.030073],[99.045638,20.025328],[99.043695,20.0163],[99.046177,20.009472],[99.051141,20.005074],[99.050601,19.997666],[99.046285,19.997666],[99.037544,19.990375],[99.036034,19.980768],[99.032041,19.973477],[99.039595,19.964912],[99.039487,19.957504],[99.045206,19.948361],[99.042077,19.943268],[99.041105,19.936787],[99.042724,19.931347],[99.035926,19.930653],[99.032365,19.926139],[99.027293,19.925213],[99.021897,19.927296],[99.023516,19.918616],[99.026645,19.91225],[99.028912,19.900908],[99.025458,19.897667],[99.025458,19.888408],[99.030854,19.889912],[99.035926,19.885051],[99.033444,19.870237],[99.036034,19.865028],[99.033983,19.860051],[99.032041,19.848593],[99.029451,19.841996],[99.029667,19.836209],[99.026969,19.827297],[99.024811,19.825329],[99.02179,19.815607],[99.018768,19.816417],[99.013912,19.811672],[99.007761,19.809936],[99.009056,19.798362],[99.00269,19.797205],[99.007222,19.792112],[99.006574,19.787945],[98.993949,19.793154],[98.993841,19.788987],[98.986071,19.78401],[98.967403,19.777413],[98.964058,19.774057],[98.951972,19.768848],[98.940318,19.769311],[98.932872,19.773709],[98.928124,19.772436],[98.927045,19.768154],[98.920463,19.762483],[98.912153,19.761557],[98.902334,19.766533],[98.898665,19.765723],[98.895104,19.773015],[98.8896,19.775561],[98.884205,19.781348],[98.877299,19.782043],[98.871903,19.785862],[98.871364,19.791765],[98.86122,19.794427],[98.851293,19.800098],[98.849242,19.8082],[98.838883,19.814103],[98.833164,19.811556],[98.8282,19.80276],[98.829603,19.7957],[98.822265,19.787945],[98.813093,19.781117],[98.807589,19.779959],[98.805323,19.776834],[98.797014,19.77614],[98.787086,19.762135],[98.781907,19.757969],[98.779317,19.753108],[98.775001,19.752413],[98.769929,19.75577],[98.760325,19.75658],[98.749642,19.759821],[98.74511,19.755885],[98.738311,19.754381],[98.732916,19.756811],[98.729247,19.760978],[98.721801,19.760862],[98.714032,19.765029],[98.712089,19.768617],[98.705507,19.761209],[98.693853,19.754612],[98.684572,19.754612],[98.679716,19.74952],[98.672163,19.75195],[98.66353,19.746973],[98.665472,19.741881],[98.661804,19.737598],[98.657811,19.736788],[98.653818,19.740145],[98.645617,19.735978],[98.643891,19.733548],[98.636445,19.731927],[98.635258,19.729612],[98.625546,19.728108],[98.628028,19.719659],[98.626733,19.715608],[98.62123,19.713988],[98.616589,19.71746],[98.612813,19.7104],[98.607417,19.709242],[98.599432,19.713409],[98.589936,19.715724],[98.587022,19.712251],[98.574828,19.704381],[98.57008,19.696395],[98.567599,19.678687],[98.56598,19.67209],[98.559289,19.675215],[98.557779,19.680191],[98.54947,19.686441],[98.538571,19.689103],[98.53911,19.69246],[98.533715,19.695932],[98.530154,19.703108],[98.519795,19.714913],[98.508572,19.717575],[98.505658,19.709821],[98.49681,19.70577],[98.485587,19.704497],[98.47512,19.698015],[98.472422,19.694427],[98.466487,19.692228],[98.470048,19.685631],[98.468969,19.679266],[98.471667,19.676719],[98.470156,19.665492],[98.472099,19.656465],[98.481379,19.654729],[98.482134,19.651604],[98.488285,19.647437],[98.489472,19.642807],[98.500155,19.637368],[98.502637,19.632391],[98.516557,19.625562],[98.521521,19.626257],[98.521737,19.619775],[98.526269,19.615261],[98.533931,19.614451],[98.54019,19.610979],[98.539542,19.606928],[98.535765,19.601835],[98.539866,19.598248],[98.53706,19.587831],[98.542132,19.577993],[98.541484,19.568502],[98.545369,19.563178],[98.542132,19.558664],[98.54483,19.556002],[98.565872,19.546628],[98.562635,19.536558],[98.561987,19.529498],[98.565764,19.523711],[98.563714,19.519313],[98.568786,19.507623],[98.574073,19.512484],[98.577634,19.511327],[98.584972,19.504845],[98.588749,19.497785],[98.591447,19.496281],[98.595223,19.489105],[98.592741,19.483202],[98.597058,19.479267],[98.596842,19.473711],[98.599971,19.471049],[98.595547,19.462022],[98.591231,19.462948],[98.59231,19.455309],[98.589828,19.448827],[98.584756,19.443619],[98.586051,19.429267],[98.58454,19.426605],[98.585511,19.415494],[98.589396,19.413758],[98.594468,19.403573],[98.588425,19.398596],[98.580332,19.400101],[98.577634,19.398943],[98.572994,19.387485],[98.575476,19.384823],[98.575152,19.379267],[98.581735,19.366189],[98.589073,19.367809],[98.593281,19.366999],[98.596626,19.362254],[98.595223,19.35392],[98.590475,19.35392],[98.589936,19.348018],[98.594036,19.339684],[98.58918,19.334013],[98.590475,19.327416],[98.598029,19.317925],[98.601158,19.316884],[98.601698,19.306814],[98.598461,19.301259],[98.600619,19.299407],[98.59436,19.289222],[98.600079,19.283088],[98.604719,19.280657],[98.599324,19.276259],[98.598029,19.270935],[98.591662,19.26781],[98.589936,19.257509],[98.587778,19.253227],[98.59231,19.245935],[98.592741,19.242116],[98.597382,19.237833],[98.598461,19.228574],[98.595547,19.227185],[98.588101,19.218852],[98.578066,19.214917],[98.571591,19.216421],[98.56803,19.210519],[98.569433,19.205773],[98.576555,19.202185],[98.578713,19.196051],[98.585511,19.186097],[98.593281,19.186213],[98.602561,19.182625],[98.608712,19.178343],[98.607525,19.173019],[98.614863,19.169199],[98.622309,19.168505],[98.622848,19.157741],[98.638279,19.154616],[98.639143,19.149061],[98.636553,19.139917],[98.63979,19.13413],[98.642164,19.122672],[98.642164,19.114107],[98.645941,19.109941],[98.644106,19.105195],[98.648639,19.10126],[98.651768,19.095705],[98.648962,19.081121],[98.64648,19.076955],[98.641085,19.075219],[98.640545,19.067811],[98.628459,19.067001],[98.622524,19.067811],[98.617129,19.065844],[98.612057,19.055774],[98.602561,19.052418],[98.593389,19.043043],[98.586483,19.047209],[98.580332,19.048483],[98.569217,19.046284],[98.565872,19.044084],[98.565872,19.039455],[98.560692,19.037256],[98.555297,19.038066],[98.552707,19.032395],[98.548175,19.028691],[98.541916,19.026145],[98.52983,19.025219],[98.52519,19.026376],[98.514075,19.033436],[98.505658,19.036214],[98.492494,19.038182],[98.486235,19.040612],[98.474904,19.042927],[98.471127,19.04096],[98.45397,19.046862],[98.441992,19.046284],[98.439186,19.048483],[98.433035,19.04339],[98.425913,19.03552],[98.42095,19.027186],[98.407245,19.035057],[98.40077,19.036446],[98.399799,19.0442],[98.396022,19.045821],[98.393001,19.055311],[98.388361,19.056353],[98.385124,19.060288],[98.380915,19.058668],[98.372498,19.067117],[98.374872,19.075103],[98.371851,19.084593],[98.365808,19.088413],[98.353398,19.09038],[98.351132,19.097556],[98.352535,19.103343],[98.347355,19.109709],[98.345089,19.120473],[98.343039,19.122093],[98.346492,19.13332],[98.339262,19.143042],[98.340233,19.149292],[98.33419,19.151375],[98.330198,19.150218],[98.325881,19.155426],[98.319838,19.155889],[98.314119,19.153112],[98.293832,19.155658],[98.284876,19.152764],[98.268473,19.155658],[98.265776,19.15207],[98.261459,19.15751],[98.252071,19.160866],[98.249589,19.156468],[98.243115,19.153459],[98.240957,19.137834],[98.244086,19.134014],[98.240957,19.12626],[98.247539,19.122209],[98.248834,19.117001],[98.252179,19.113644],[98.250129,19.107741],[98.244194,19.105658],[98.237503,19.10126],[98.236856,19.094316],[98.231245,19.08957],[98.225849,19.08795],[98.224446,19.079269],[98.216785,19.070936],[98.212576,19.063182],[98.209879,19.063413],[98.206857,19.058089],[98.205778,19.049871],[98.201138,19.045705],[98.192181,19.041538],[98.190887,19.032163],[98.18452,19.0317],[98.186246,19.023946],[98.186031,19.01515],[98.178693,19.00589],[98.169197,18.99883],[98.169197,18.989108],[98.163693,18.981353],[98.165096,18.975798],[98.172866,18.962488],[98.171787,18.948252],[98.166715,18.939919],[98.156463,18.936678],[98.158837,18.929386],[98.158514,18.923368],[98.156248,18.919085],[98.15042,18.91897],[98.144162,18.911794],[98.130349,18.912025],[98.124522,18.907627],[98.119558,18.897558],[98.110818,18.892697],[98.108444,18.886331],[98.102293,18.884595],[98.094955,18.8714],[98.092581,18.870706],[98.08848,18.859711],[98.087833,18.850567],[98.083732,18.843507],[98.081143,18.834827],[98.08233,18.831123],[98.078876,18.820938],[98.081682,18.812489],[98.088265,18.803924],[98.085999,18.80022],[98.086322,18.792582],[98.091178,18.786332],[98.08956,18.783322],[98.093228,18.776494],[98.0983,18.775221],[98.107041,18.780197],[98.121609,18.776725],[98.118156,18.769086],[98.118479,18.762489],[98.120422,18.759711],[98.114918,18.753924],[98.107472,18.751262],[98.107904,18.746517],[98.093876,18.738531],[98.102185,18.735522],[98.104019,18.727304],[98.103264,18.718276],[98.107688,18.713068],[98.100243,18.703925],[98.103588,18.698716],[98.107257,18.688184],[98.104991,18.677304],[98.110062,18.67499],[98.112652,18.669318],[98.109199,18.664342],[98.105422,18.650221],[98.110818,18.644897],[98.117508,18.634828],[98.121393,18.633902],[98.132076,18.636448],[98.135961,18.63587],[98.143298,18.639342],[98.155924,18.632166],[98.159916,18.626842],[98.168118,18.626032],[98.173621,18.628115],[98.18247,18.625337],[98.183764,18.618509],[98.182685,18.609597],[98.192289,18.608092],[98.199196,18.608671],[98.210634,18.607166],[98.211713,18.605198],[98.213008,18.590962],[98.218511,18.587375],[98.227468,18.58668],[98.230597,18.580199],[98.234158,18.577537],[98.23718,18.571518],[98.235345,18.5655],[98.23146,18.563648],[98.232324,18.557629],[98.22477,18.55462],[98.223044,18.54918],[98.219698,18.549412],[98.216245,18.543278],[98.211929,18.542004],[98.206533,18.537491],[98.201677,18.541541],[98.193261,18.540384],[98.184844,18.548254],[98.174592,18.546981],[98.174916,18.541426],[98.170384,18.529852],[98.170276,18.525106],[98.162938,18.524759],[98.162722,18.521981],[98.154305,18.512375],[98.14578,18.513648],[98.127112,18.501958],[98.122472,18.502653],[98.118479,18.493857],[98.118911,18.489574],[98.112544,18.484366],[98.109846,18.476033],[98.110062,18.47175],[98.106825,18.466773],[98.104667,18.45763],[98.099271,18.456704],[98.092257,18.45138],[98.082761,18.44594],[98.081682,18.439227],[98.074021,18.429621],[98.078121,18.422098],[98.08384,18.417468],[98.092473,18.421172],[98.100674,18.41851],[98.103156,18.413649],[98.107149,18.413186],[98.110818,18.409135],[98.1174,18.409366],[98.126141,18.405894],[98.126896,18.402769],[98.123011,18.394204],[98.127112,18.393394],[98.129918,18.386334],[98.135421,18.385871],[98.13855,18.378811],[98.13963,18.371867],[98.150097,18.359598],[98.16078,18.356705],[98.166067,18.351381],[98.180527,18.343163],[98.189915,18.33645],[98.192397,18.33645],[98.199196,18.328348],[98.201677,18.322446],[98.200814,18.318048],[98.20826,18.306705],[98.202541,18.297677],[98.203296,18.293858],[98.197145,18.287145],[98.192397,18.285062],[98.185383,18.284714],[98.182038,18.286335],[98.174916,18.283441],[98.167254,18.282052],[98.157327,18.282978],[98.153442,18.286219],[98.138335,18.281127],[98.137256,18.27071],[98.137256,18.257979],[98.142867,18.252192],[98.138982,18.240733],[98.141788,18.238534],[98.146428,18.22777],[98.15042,18.224414],[98.158298,18.221983],[98.165852,18.224761],[98.169844,18.220363],[98.167039,18.21284],[98.166391,18.204159],[98.170923,18.201613],[98.175995,18.192007],[98.174484,18.189113],[98.166607,18.182285],[98.16747,18.171752],[98.166067,18.167354],[98.158945,18.167586],[98.156355,18.165502],[98.156571,18.159715],[98.159593,18.156243],[98.162075,18.146984],[98.16801,18.140387],[98.162938,18.134021],[98.165744,18.126266],[98.165744,18.118975],[98.170492,18.116313],[98.173945,18.11747],[98.183117,18.116544],[98.190563,18.113998],[98.190455,18.109947],[98.201354,18.10173],[98.20362,18.09629],[98.202541,18.090156],[98.213655,18.087262],[98.226605,18.091892],[98.228547,18.098257],[98.232863,18.095248],[98.233619,18.086915],[98.242036,18.088072],[98.241064,18.079739],[98.247971,18.07592],[98.256172,18.084484],[98.256819,18.087725],[98.264481,18.085642],[98.272358,18.087146],[98.281207,18.082748],[98.286818,18.084947],[98.289408,18.078582],[98.287034,18.068859],[98.283797,18.067008],[98.282502,18.06041],[98.276027,18.051961],[98.271387,18.048836],[98.265128,18.049994],[98.256927,18.036915],[98.253258,18.02592],[98.243654,18.020017],[98.240309,18.011684],[98.244625,18.003466],[98.246676,17.992702],[98.235453,17.98599],[98.22995,17.987957],[98.216893,17.984716],[98.212037,17.981128],[98.206641,17.985064],[98.203296,17.981476],[98.197253,17.979161],[98.190455,17.980318],[98.181714,17.977541],[98.179664,17.971869],[98.173729,17.974531],[98.161427,17.970365],[98.162183,17.967355],[98.158945,17.96099],[98.153118,17.960874],[98.148694,17.942934],[98.14373,17.935411],[98.140709,17.940851],[98.134234,17.94224],[98.132939,17.946059],[98.12258,17.946059],[98.110278,17.954393],[98.102401,17.957402],[98.099271,17.962494],[98.089991,17.963305],[98.079956,17.95636],[98.073805,17.957633],[98.061827,17.949763],[98.057079,17.952078],[98.052547,17.946754],[98.043806,17.945133],[98.040461,17.942587],[98.035389,17.942703],[98.026001,17.936569],[98.023411,17.93217],[98.018879,17.929971],[98.021684,17.924416],[98.014886,17.92187],[98.011217,17.923837],[98.010354,17.912032],[98.011325,17.907981],[98.008627,17.904161],[98.010354,17.895828],[98.015749,17.893745],[98.020066,17.888536],[98.026972,17.888536],[98.029454,17.879162],[98.032691,17.876037],[98.048554,17.868629],[98.054489,17.867935],[98.0601,17.857518],[98.064201,17.858444],[98.070028,17.852194],[98.06938,17.844787],[98.072726,17.837958],[98.071754,17.833791],[98.082437,17.81863],[98.085999,17.815273],[98.087833,17.808329],[98.092365,17.806708],[98.109523,17.79363],[98.114271,17.798375],[98.123119,17.798491],[98.132615,17.796523],[98.135097,17.790736],[98.145457,17.775574],[98.144809,17.770366],[98.140493,17.76157],[98.135313,17.759834],[98.139845,17.74907],[98.147615,17.746986],[98.149989,17.734371],[98.153226,17.730204],[98.149449,17.723376],[98.149233,17.711223],[98.150744,17.700459],[98.144162,17.688885],[98.145672,17.686107],[98.13855,17.676385],[98.137471,17.671987],[98.13391,17.670714],[98.131968,17.665737],[98.126572,17.663885],[98.126249,17.660297],[98.118371,17.655205],[98.115134,17.654973],[98.111681,17.649649],[98.108659,17.651501],[98.097545,17.643399],[98.094415,17.637381],[98.089236,17.637149],[98.093336,17.632404],[98.095818,17.624418],[98.100027,17.617936],[98.099487,17.614464],[98.107041,17.611108],[98.104775,17.608098],[98.103048,17.600575],[98.105746,17.59502],[98.110278,17.592126],[98.10607,17.587728],[98.111465,17.578353],[98.127652,17.567705],[98.126249,17.562265],[98.129054,17.552196],[98.135961,17.541779],[98.142327,17.542705],[98.149341,17.540969],[98.158514,17.5434],[98.167578,17.547682],[98.174808,17.542821],[98.178153,17.537381],[98.187002,17.53796],[98.188728,17.540622],[98.196822,17.542474],[98.203404,17.539349],[98.212253,17.541201],[98.217109,17.546872],[98.22477,17.545599],[98.232647,17.549881],[98.239122,17.550344],[98.242144,17.556478],[98.248726,17.557636],[98.250668,17.567358],[98.254337,17.572103],[98.261244,17.573839],[98.264805,17.578585],[98.270308,17.580089],[98.277862,17.576849],[98.292214,17.574534],[98.297933,17.57546],[98.302357,17.565738],[98.298149,17.558099],[98.298796,17.552891],[98.305271,17.549418],[98.308939,17.535414],[98.308184,17.530553],[98.314551,17.526733],[98.312608,17.516895],[98.315522,17.511803],[98.315198,17.505669],[98.325018,17.493169],[98.327932,17.484257],[98.327716,17.479511],[98.329658,17.469558],[98.324047,17.459836],[98.322428,17.448725],[98.319515,17.445021],[98.319515,17.434951],[98.326313,17.42928],[98.322536,17.417012],[98.308939,17.41354],[98.296098,17.412729],[98.29189,17.40891],[98.295235,17.402544],[98.299012,17.400229],[98.302789,17.391896],[98.319299,17.379628],[98.320917,17.37604],[98.316925,17.37222],[98.317464,17.367244],[98.323399,17.36273],[98.323615,17.359373],[98.328687,17.355554],[98.334082,17.347915],[98.331277,17.344559],[98.329658,17.335415],[98.332248,17.329628],[98.328255,17.326156],[98.31768,17.322684],[98.321025,17.318864],[98.322644,17.309721],[98.327284,17.304513],[98.339802,17.295832],[98.350916,17.293633],[98.35642,17.288772],[98.358254,17.283564],[98.357822,17.273841],[98.368829,17.268633],[98.374656,17.262846],[98.377786,17.254629],[98.390951,17.244443],[98.398289,17.252198],[98.408864,17.255207],[98.413828,17.252314],[98.420734,17.252892],[98.435086,17.260763],[98.440373,17.269443],[98.445337,17.268286],[98.449977,17.27199],[98.453754,17.269096],[98.45602,17.273378],[98.472099,17.275693],[98.477818,17.277314],[98.481918,17.273147],[98.490227,17.270601],[98.497134,17.273494],[98.503608,17.28067],[98.510083,17.279165],[98.518716,17.28148],[98.5226,17.278124],[98.531988,17.274536],[98.546448,17.283216],[98.551304,17.281365],[98.565548,17.285068],[98.574936,17.284837],[98.575476,17.291318],[98.578929,17.294327],[98.575044,17.299999],[98.562851,17.292939],[98.556808,17.294096],[98.557887,17.298841],[98.555728,17.31435],[98.560476,17.317591],[98.560908,17.323147],[98.558534,17.325461],[98.555189,17.335647],[98.557779,17.346179],[98.562095,17.350461],[98.560584,17.353586],[98.554002,17.356364],[98.549254,17.353933],[98.542348,17.35648],[98.537276,17.362151],[98.541916,17.369906],[98.54947,17.386225],[98.55616,17.39722],[98.554326,17.40972],[98.557239,17.418632],[98.557671,17.426618],[98.54947,17.430438],[98.546125,17.433678],[98.546448,17.445831],[98.540729,17.449187],[98.532528,17.449882],[98.528319,17.453586],[98.5185,17.47766],[98.519579,17.486109],[98.522061,17.487034],[98.524327,17.497798],[98.519903,17.507405],[98.520118,17.514118],[98.524543,17.515159],[98.524327,17.522335],[98.52724,17.53634],[98.534362,17.539233],[98.538247,17.544442],[98.54483,17.549303],[98.549578,17.559256],[98.554541,17.561687],[98.563606,17.56215],[98.566304,17.567127],[98.570512,17.568747],[98.577526,17.577196],[98.567275,17.595483],[98.554649,17.606131],[98.549901,17.612034],[98.543966,17.614927],[98.534686,17.615853],[98.532636,17.619094],[98.529075,17.634024],[98.532204,17.638422],[98.531449,17.64745],[98.52724,17.657867],[98.528319,17.66076],[98.524974,17.665968],[98.521845,17.680783],[98.523356,17.6912],[98.522061,17.698491],[98.525298,17.707288],[98.520658,17.714927],[98.519255,17.726038],[98.516234,17.730088],[98.516665,17.737496],[98.505658,17.752889],[98.503608,17.76157],[98.50609,17.768514],[98.509112,17.771408],[98.508248,17.782519],[98.509867,17.787958],[98.500695,17.795829],[98.497349,17.796292],[98.492817,17.802889],[98.49163,17.81238],[98.495731,17.816199],[98.502961,17.81562],[98.50814,17.812495],[98.515478,17.816778],[98.51386,17.821755],[98.517205,17.824764],[98.522384,17.824301],[98.524219,17.820944],[98.531341,17.814694],[98.53965,17.814463],[98.543966,17.811454],[98.547743,17.806014],[98.553247,17.80231],[98.556484,17.797449],[98.561664,17.795482],[98.564253,17.797565],[98.571052,17.80856],[98.580332,17.806245],[98.581519,17.801153],[98.586051,17.800574],[98.592418,17.803931],[98.597597,17.803005],[98.608172,17.787033],[98.613028,17.78113],[98.6181,17.779046],[98.626085,17.778931],[98.63051,17.781014],[98.634826,17.791315],[98.631481,17.800921],[98.635042,17.804162],[98.638711,17.811569],[98.649178,17.817935],[98.652955,17.826153],[98.659645,17.826616],[98.669141,17.834486],[98.672594,17.831477],[98.671407,17.820134],[98.675508,17.816315],[98.678961,17.805204],[98.68468,17.796523],[98.685436,17.790968],[98.691694,17.790736],[98.708528,17.796407],[98.712629,17.798838],[98.725902,17.796407],[98.726981,17.79363],[98.734858,17.797796],[98.741657,17.805204],[98.746081,17.805204],[98.74975,17.801269],[98.762699,17.801731],[98.767123,17.80937],[98.767555,17.814347],[98.773598,17.823259],[98.77759,17.827194],[98.777482,17.831014],[98.783633,17.832403],[98.78741,17.830898],[98.788597,17.824532],[98.793021,17.824648],[98.793021,17.809602],[98.797985,17.802542],[98.797122,17.798259],[98.811798,17.798722],[98.82097,17.797449],[98.824315,17.79988],[98.830142,17.800343],[98.833703,17.805551],[98.85712,17.814579],[98.85194,17.823375],[98.854854,17.832055],[98.852156,17.846291],[98.859386,17.855435],[98.870393,17.849185],[98.870716,17.854277],[98.865429,17.87187],[98.867047,17.877888],[98.861112,17.886222],[98.860789,17.895365],[98.856472,17.897101],[98.854314,17.903583],[98.855609,17.910874],[98.850537,17.917587],[98.848919,17.924995],[98.850429,17.929277],[98.84266,17.941661],[98.839099,17.959948],[98.840717,17.963536],[98.831006,17.974531],[98.831006,17.981591],[98.83284,17.988304],[98.821833,17.996638],[98.814495,18.006244],[98.805971,18.008675],[98.792158,18.002888],[98.786871,17.998721],[98.779533,17.999878],[98.778885,18.013651],[98.784928,18.017934],[98.786331,18.024878],[98.794208,18.030086],[98.791079,18.037031],[98.794101,18.040966],[98.798525,18.054392],[98.796798,18.056938],[98.808345,18.065387],[98.807158,18.07372],[98.813416,18.079392],[98.80446,18.084831],[98.797554,18.084947],[98.797338,18.088535],[98.801438,18.09166],[98.801438,18.104855],[98.807373,18.106822],[98.8091,18.11504],[98.805647,18.120942],[98.807265,18.125225],[98.804784,18.129739],[98.804784,18.135526],[98.802841,18.151382],[98.804999,18.156012],[98.798417,18.160757],[98.793021,18.159831],[98.791727,18.166081],[98.786331,18.172562],[98.784173,18.178928],[98.782446,18.192701],[98.78018,18.19571],[98.783849,18.199414],[98.781475,18.20659],[98.785576,18.215502],[98.784065,18.221983],[98.775108,18.224414],[98.772303,18.230201],[98.775432,18.232168],[98.777051,18.244321],[98.775432,18.249645],[98.770792,18.255779],[98.762591,18.256474],[98.758706,18.259367],[98.736693,18.266543],[98.73475,18.270131],[98.728276,18.27314],[98.724391,18.27777],[98.720614,18.285525],[98.710471,18.289691],[98.706046,18.289807],[98.700111,18.293395],[98.69914,18.296867],[98.68932,18.301844],[98.683493,18.309946],[98.675508,18.310872],[98.674537,18.32071],[98.6713,18.326265],[98.679501,18.328117],[98.685004,18.333094],[98.691155,18.334483],[98.696335,18.330316],[98.703025,18.331242],[98.70378,18.33645],[98.695687,18.351844],[98.681443,18.368163],[98.687486,18.378232],[98.688241,18.38726],[98.69191,18.3927],[98.698601,18.396404],[98.709607,18.41388],[98.705507,18.415153],[98.698277,18.410408],[98.693637,18.41388],[98.693961,18.418973],[98.701083,18.426612],[98.702162,18.431936],[98.707449,18.440848],[98.71155,18.441195],[98.715866,18.433093],[98.721046,18.435292],[98.722557,18.442468],[98.727412,18.444551],[98.737772,18.438186],[98.742304,18.431588],[98.756764,18.435524],[98.766044,18.435524],[98.774569,18.447445],[98.785791,18.453232],[98.797338,18.452422],[98.799604,18.453695],[98.804999,18.462954],[98.81115,18.461449],[98.815035,18.462607],[98.814388,18.469667],[98.823991,18.478579],[98.835538,18.48344],[98.84266,18.48969],[98.846113,18.499412],[98.852264,18.501264],[98.855825,18.499412],[98.86176,18.503347],[98.861868,18.510292],[98.867695,18.515269],[98.873846,18.515616],[98.876867,18.510755],[98.895643,18.52337],[98.906434,18.528231],[98.916362,18.536912],[98.922297,18.535754],[98.929419,18.540963],[98.934059,18.542004],[98.932548,18.554389],[98.935786,18.556356],[98.938052,18.563532],[98.943124,18.563301],[98.948087,18.571981],[98.948303,18.576726],[98.953375,18.57962],[98.953591,18.586217],[98.960173,18.595361],[98.964921,18.597444],[98.969453,18.602536],[98.965137,18.609018],[98.965353,18.614921],[98.970964,18.623601],[98.976899,18.628694],[98.980029,18.634481],[98.98564,18.635754],[98.991359,18.63992],[98.994596,18.638184],[99.004416,18.643045],[99.005819,18.648022],[99.004308,18.662143],[99.008301,18.667698],[99.018013,18.673369],[99.054054,18.666078],[99.059774,18.662374],[99.064414,18.661564],[99.070673,18.667814],[99.073694,18.666425],[99.079629,18.680545],[99.096139,18.678925],[99.10229,18.681124],[99.10434,18.679272],[99.114376,18.682166],[99.125598,18.683323],[99.127001,18.689573],[99.136713,18.701378],[99.140382,18.702073],[99.153331,18.708323],[99.161209,18.706008],[99.177071,18.706471],[99.179337,18.708207],[99.189913,18.704966],[99.190344,18.699179],[99.186999,18.688184],[99.188726,18.678925],[99.198869,18.671286],[99.205991,18.667351],[99.205883,18.660754],[99.213761,18.660175],[99.218077,18.654156],[99.225523,18.652768],[99.231026,18.653925],[99.233832,18.648717],[99.23135,18.64293],[99.233832,18.634596],[99.230594,18.62418],[99.235019,18.619087],[99.234803,18.615847],[99.22671,18.611333],[99.217537,18.592004],[99.22822,18.589226],[99.234911,18.586101],[99.236421,18.583324],[99.243975,18.583787],[99.249586,18.576032],[99.263831,18.571634],[99.26437,18.56874],[99.272895,18.56249],[99.273327,18.558555],[99.278614,18.553463],[99.288542,18.547328],[99.296635,18.536796],[99.306455,18.536102],[99.311742,18.532745],[99.317354,18.532167],[99.319404,18.536217],[99.323397,18.537491],[99.328468,18.545592],[99.327281,18.553578],[99.329763,18.557051],[99.327281,18.561217],[99.327821,18.565731],[99.333432,18.576379],[99.338936,18.577074],[99.343576,18.574643],[99.348216,18.578463],[99.351777,18.589342],[99.349187,18.591541],[99.356956,18.600106],[99.358791,18.606935],[99.354043,18.613416],[99.348863,18.617583],[99.336346,18.615847],[99.32685,18.619666],[99.330734,18.627189],[99.326958,18.638532],[99.330626,18.643856],[99.332893,18.650337],[99.342497,18.649527],[99.346381,18.657513],[99.339367,18.66573],[99.333108,18.669087],[99.331382,18.679967],[99.327173,18.68448],[99.336777,18.693624],[99.33408,18.698369],[99.334511,18.702536],[99.342173,18.706008],[99.343144,18.70948],[99.340554,18.715383],[99.344223,18.717698],[99.348432,18.724295],[99.348216,18.73529],[99.352964,18.736911],[99.361489,18.74698],[99.36656,18.7486],[99.371416,18.753461],[99.371416,18.759711],[99.366237,18.769202],[99.3671,18.774873],[99.371093,18.78066],[99.366237,18.78691],[99.364078,18.798484],[99.359222,18.801031],[99.35728,18.807975],[99.35728,18.817234],[99.352964,18.823137],[99.354906,18.825104],[99.35059,18.836794],[99.35264,18.84154],[99.352424,18.847211],[99.374006,18.857975],[99.380373,18.863993],[99.387495,18.874641],[99.386308,18.879965],[99.39138,18.884363],[99.386092,18.88853],[99.387171,18.896285],[99.383718,18.90103],[99.38361,18.910984],[99.377675,18.921747],[99.384905,18.934247],[99.386631,18.944085],[99.384257,18.95184],[99.374977,18.959826],[99.377675,18.968622],[99.376272,18.974178],[99.379186,18.986909],[99.383286,18.991076],[99.390948,18.994085],[99.392135,18.99721],[99.401847,19.000103]]]}},{"type":"Feature","id":"TH51","bbox":[98.6713,17.427776,99.320375,18.708323],"properties":{"ADM1_PCODE":"TH51","ADM1_TH":"ลำพูน","ADM1_EN":"Lamphun"},"geometry":{"type":"Polygon","coordinates":[[[99.317354,18.532167],[99.311742,18.532745],[99.306455,18.536102],[99.296635,18.536796],[99.288542,18.547328],[99.278614,18.553463],[99.273327,18.558555],[99.272895,18.56249],[99.26437,18.56874],[99.263831,18.571634],[99.249586,18.576032],[99.243975,18.583787],[99.236421,18.583324],[99.234911,18.586101],[99.22822,18.589226],[99.217537,18.592004],[99.22671,18.611333],[99.234803,18.615847],[99.235019,18.619087],[99.230594,18.62418],[99.233832,18.634596],[99.23135,18.64293],[99.233832,18.648717],[99.231026,18.653925],[99.225523,18.652768],[99.218077,18.654156],[99.213761,18.660175],[99.205883,18.660754],[99.205991,18.667351],[99.198869,18.671286],[99.188726,18.678925],[99.186999,18.688184],[99.190344,18.699179],[99.189913,18.704966],[99.179337,18.708207],[99.177071,18.706471],[99.161209,18.706008],[99.153331,18.708323],[99.140382,18.702073],[99.136713,18.701378],[99.127001,18.689573],[99.125598,18.683323],[99.114376,18.682166],[99.10434,18.679272],[99.10229,18.681124],[99.096139,18.678925],[99.079629,18.680545],[99.073694,18.666425],[99.070673,18.667814],[99.064414,18.661564],[99.059774,18.662374],[99.054054,18.666078],[99.018013,18.673369],[99.008301,18.667698],[99.004308,18.662143],[99.005819,18.648022],[99.004416,18.643045],[98.994596,18.638184],[98.991359,18.63992],[98.98564,18.635754],[98.980029,18.634481],[98.976899,18.628694],[98.970964,18.623601],[98.965353,18.614921],[98.965137,18.609018],[98.969453,18.602536],[98.964921,18.597444],[98.960173,18.595361],[98.953591,18.586217],[98.953375,18.57962],[98.948303,18.576726],[98.948087,18.571981],[98.943124,18.563301],[98.938052,18.563532],[98.935786,18.556356],[98.932548,18.554389],[98.934059,18.542004],[98.929419,18.540963],[98.922297,18.535754],[98.916362,18.536912],[98.906434,18.528231],[98.895643,18.52337],[98.876867,18.510755],[98.873846,18.515616],[98.867695,18.515269],[98.861868,18.510292],[98.86176,18.503347],[98.855825,18.499412],[98.852264,18.501264],[98.846113,18.499412],[98.84266,18.48969],[98.835538,18.48344],[98.823991,18.478579],[98.814388,18.469667],[98.815035,18.462607],[98.81115,18.461449],[98.804999,18.462954],[98.799604,18.453695],[98.797338,18.452422],[98.785791,18.453232],[98.774569,18.447445],[98.766044,18.435524],[98.756764,18.435524],[98.742304,18.431588],[98.737772,18.438186],[98.727412,18.444551],[98.722557,18.442468],[98.721046,18.435292],[98.715866,18.433093],[98.71155,18.441195],[98.707449,18.440848],[98.702162,18.431936],[98.701083,18.426612],[98.693961,18.418973],[98.693637,18.41388],[98.698277,18.410408],[98.705507,18.415153],[98.709607,18.41388],[98.698601,18.396404],[98.69191,18.3927],[98.688241,18.38726],[98.687486,18.378232],[98.681443,18.368163],[98.695687,18.351844],[98.70378,18.33645],[98.703025,18.331242],[98.696335,18.330316],[98.691155,18.334483],[98.685004,18.333094],[98.679501,18.328117],[98.6713,18.326265],[98.674537,18.32071],[98.675508,18.310872],[98.683493,18.309946],[98.68932,18.301844],[98.69914,18.296867],[98.700111,18.293395],[98.706046,18.289807],[98.710471,18.289691],[98.720614,18.285525],[98.724391,18.27777],[98.728276,18.27314],[98.73475,18.270131],[98.736693,18.266543],[98.758706,18.259367],[98.762591,18.256474],[98.770792,18.255779],[98.775432,18.249645],[98.777051,18.244321],[98.775432,18.232168],[98.772303,18.230201],[98.775108,18.224414],[98.784065,18.221983],[98.785576,18.215502],[98.781475,18.20659],[98.783849,18.199414],[98.78018,18.19571],[98.782446,18.192701],[98.784173,18.178928],[98.786331,18.172562],[98.791727,18.166081],[98.793021,18.159831],[98.798417,18.160757],[98.804999,18.156012],[98.802841,18.151382],[98.804784,18.135526],[98.804784,18.129739],[98.807265,18.125225],[98.805647,18.120942],[98.8091,18.11504],[98.807373,18.106822],[98.801438,18.104855],[98.801438,18.09166],[98.797338,18.088535],[98.797554,18.084947],[98.80446,18.084831],[98.813416,18.079392],[98.807158,18.07372],[98.808345,18.065387],[98.796798,18.056938],[98.798525,18.054392],[98.794101,18.040966],[98.791079,18.037031],[98.794208,18.030086],[98.786331,18.024878],[98.784928,18.017934],[98.778885,18.013651],[98.779533,17.999878],[98.786871,17.998721],[98.792158,18.002888],[98.805971,18.008675],[98.814495,18.006244],[98.821833,17.996638],[98.83284,17.988304],[98.831006,17.981591],[98.831006,17.974531],[98.840717,17.963536],[98.839099,17.959948],[98.84266,17.941661],[98.850429,17.929277],[98.848919,17.924995],[98.850537,17.917587],[98.855609,17.910874],[98.854314,17.903583],[98.856472,17.897101],[98.860789,17.895365],[98.861112,17.886222],[98.867047,17.877888],[98.865429,17.87187],[98.870716,17.854277],[98.870393,17.849185],[98.859386,17.855435],[98.852156,17.846291],[98.854854,17.832055],[98.85194,17.823375],[98.85712,17.814579],[98.833703,17.805551],[98.830142,17.800343],[98.824315,17.79988],[98.82097,17.797449],[98.811798,17.798722],[98.797122,17.798259],[98.797985,17.802542],[98.793021,17.809602],[98.793021,17.824648],[98.788597,17.824532],[98.78741,17.830898],[98.783633,17.832403],[98.777482,17.831014],[98.77759,17.827194],[98.773598,17.823259],[98.767555,17.814347],[98.767123,17.80937],[98.762699,17.801731],[98.74975,17.801269],[98.746081,17.805204],[98.741657,17.805204],[98.734858,17.797796],[98.726981,17.79363],[98.725902,17.796407],[98.712629,17.798838],[98.708528,17.796407],[98.691694,17.790736],[98.685436,17.790968],[98.686731,17.782171],[98.68932,17.777889],[98.693529,17.77569],[98.696658,17.769672],[98.705507,17.760991],[98.70432,17.752079],[98.702162,17.748144],[98.703349,17.743746],[98.709392,17.736338],[98.716729,17.732519],[98.724499,17.725343],[98.725794,17.715389],[98.735614,17.710065],[98.743167,17.702427],[98.746297,17.692704],[98.74511,17.689464],[98.737556,17.682635],[98.729679,17.68113],[98.724499,17.675922],[98.715542,17.673723],[98.698169,17.666663],[98.687918,17.667126],[98.683925,17.663654],[98.68932,17.655552],[98.684572,17.648723],[98.686839,17.638307],[98.691694,17.631478],[98.688349,17.624186],[98.689752,17.614927],[98.684357,17.603932],[98.682522,17.596756],[98.686191,17.5912],[98.694284,17.584603],[98.695687,17.574187],[98.702485,17.554511],[98.703996,17.542705],[98.701946,17.535761],[98.702593,17.526618],[98.697953,17.517821],[98.696982,17.513539],[98.702054,17.504395],[98.705615,17.501155],[98.70432,17.494905],[98.705183,17.487845],[98.700111,17.478817],[98.693529,17.477544],[98.688133,17.473956],[98.682738,17.460414],[98.683062,17.454164],[98.680903,17.447104],[98.686839,17.441201],[98.690723,17.433215],[98.6904,17.427776],[98.699356,17.434257],[98.702809,17.446988],[98.710686,17.454164],[98.714248,17.455785],[98.718564,17.465623],[98.723959,17.463655],[98.73324,17.464928],[98.742304,17.4684],[98.749966,17.468053],[98.754929,17.472335],[98.757195,17.478817],[98.763778,17.484141],[98.776943,17.489696],[98.785468,17.496062],[98.795719,17.49884],[98.811798,17.498146],[98.81428,17.499534],[98.815898,17.507289],[98.819459,17.510414],[98.830898,17.515044],[98.833919,17.512266],[98.838991,17.514696],[98.853451,17.513655],[98.859062,17.510993],[98.869853,17.500229],[98.871364,17.49259],[98.879673,17.49097],[98.879457,17.497798],[98.881939,17.509372],[98.889493,17.513886],[98.890356,17.518053],[98.894456,17.518863],[98.898665,17.527543],[98.90255,17.532057],[98.910103,17.536687],[98.906326,17.547219],[98.90665,17.555205],[98.9046,17.560877],[98.905787,17.566779],[98.9087,17.571525],[98.908053,17.575923],[98.911074,17.58171],[98.901578,17.585529],[98.887874,17.589349],[98.887011,17.601617],[98.880644,17.604279],[98.881183,17.613075],[98.884421,17.621409],[98.884637,17.628006],[98.893485,17.633909],[98.895751,17.63958],[98.902765,17.639927],[98.905787,17.648955],[98.909995,17.647566],[98.919707,17.640737],[98.927261,17.643746],[98.938052,17.640853],[98.944311,17.646756],[98.950677,17.64583],[98.955209,17.641432],[98.962547,17.640043],[98.975496,17.643515],[98.990712,17.634487],[98.998481,17.637149],[99.005495,17.629742],[99.00938,17.622335],[99.013157,17.62326],[99.019631,17.614348],[99.028912,17.614696],[99.036249,17.612265],[99.038839,17.614927],[99.048659,17.611686],[99.054918,17.622797],[99.059666,17.62627],[99.059018,17.629163],[99.062256,17.636802],[99.063335,17.643631],[99.060961,17.652427],[99.059989,17.661455],[99.0615,17.668978],[99.065169,17.672797],[99.062363,17.683445],[99.064306,17.684487],[99.065493,17.69282],[99.074881,17.698028],[99.08114,17.698028],[99.087398,17.703237],[99.083406,17.709718],[99.084701,17.717704],[99.082543,17.721176],[99.083082,17.730088],[99.08578,17.738885],[99.091931,17.74201],[99.104448,17.741084],[99.104556,17.748144],[99.110383,17.753236],[99.11211,17.759949],[99.111786,17.76782],[99.1147,17.769787],[99.122361,17.767935],[99.124951,17.772102],[99.124735,17.777889],[99.116966,17.784023],[99.117182,17.791083],[99.109844,17.79282],[99.10898,17.803468],[99.103153,17.812611],[99.109736,17.815968],[99.116426,17.816546],[99.123332,17.819208],[99.12808,17.816199],[99.135526,17.82106],[99.143296,17.817241],[99.147072,17.813074],[99.15441,17.813421],[99.159806,17.807981],[99.164122,17.809718],[99.173834,17.809718],[99.173402,17.82187],[99.169302,17.824301],[99.159158,17.843282],[99.163151,17.846754],[99.168762,17.847333],[99.179337,17.845944],[99.183654,17.850227],[99.18333,17.860527],[99.179445,17.861801],[99.175237,17.868629],[99.16218,17.877657],[99.162288,17.884254],[99.157863,17.89143],[99.148583,17.895365],[99.144159,17.901615],[99.145885,17.911106],[99.139627,17.91018],[99.131318,17.914346],[99.117829,17.915735],[99.113621,17.912495],[99.109844,17.915157],[99.112541,17.928235],[99.115563,17.931592],[99.114808,17.938883],[99.115563,17.946754],[99.106067,17.9493],[99.100995,17.947795],[99.094952,17.954855],[99.093981,17.960411],[99.097326,17.968166],[99.0956,17.974416],[99.10024,17.980897],[99.100671,17.984485],[99.094952,17.993628],[99.095276,17.997448],[99.100887,17.998721],[99.098513,18.010063],[99.092794,18.014577],[99.091391,18.021753],[99.083406,18.031938],[99.083945,18.043049],[99.080169,18.049762],[99.075421,18.053003],[99.070133,18.063883],[99.071104,18.074415],[99.073262,18.08298],[99.072075,18.093975],[99.068191,18.096174],[99.068191,18.101961],[99.070457,18.105665],[99.065817,18.11041],[99.066788,18.114345],[99.064738,18.124646],[99.065385,18.138072],[99.063874,18.144553],[99.059558,18.14953],[99.05891,18.155086],[99.053083,18.1596],[99.052436,18.168396],[99.05686,18.175224],[99.052112,18.180664],[99.050709,18.184947],[99.045638,18.190386],[99.043911,18.196173],[99.037652,18.199414],[99.035602,18.205317],[99.029127,18.216081],[99.029991,18.223835],[99.027725,18.22696],[99.027293,18.232747],[99.022761,18.236451],[99.020279,18.250918],[99.022329,18.257516],[99.031933,18.264228],[99.037544,18.265617],[99.042077,18.264576],[99.052112,18.265965],[99.054594,18.270363],[99.066464,18.272215],[99.077147,18.268742],[99.082219,18.269553],[99.08265,18.277539],[99.08988,18.280085],[99.093873,18.278464],[99.097974,18.272446],[99.107038,18.265154],[99.112218,18.266659],[99.115671,18.27071],[99.114484,18.288997],[99.112865,18.295131],[99.123224,18.300224],[99.124519,18.304043],[99.123872,18.312261],[99.132505,18.314344],[99.147072,18.313418],[99.152468,18.315733],[99.151065,18.323024],[99.153331,18.330085],[99.159806,18.335987],[99.159482,18.340501],[99.166712,18.342121],[99.168978,18.34976],[99.170813,18.361682],[99.167467,18.363649],[99.16682,18.371056],[99.17351,18.377306],[99.189373,18.388302],[99.188618,18.395478],[99.190452,18.402653],[99.196063,18.40682],[99.196927,18.414112],[99.199409,18.421403],[99.202538,18.424297],[99.20966,18.426264],[99.214408,18.429621],[99.220883,18.429852],[99.223472,18.434945],[99.23135,18.444667],[99.237608,18.447908],[99.237824,18.458093],[99.239551,18.472792],[99.243328,18.480894],[99.247105,18.482746],[99.250234,18.487838],[99.255953,18.492236],[99.257248,18.497213],[99.26696,18.494783],[99.280449,18.499875],[99.285197,18.497097],[99.285304,18.492815],[99.297822,18.48888],[99.308505,18.496056],[99.313361,18.497097],[99.31962,18.504157],[99.320375,18.511218],[99.318109,18.514227],[99.31962,18.519319],[99.316922,18.526148],[99.317354,18.532167]]]}},{"type":"Feature","id":"TH52","bbox":[98.880644,17.205671,100.126027,19.417693],"properties":{"ADM1_PCODE":"TH52","ADM1_TH":"ลำปาง","ADM1_EN":"Lampang"},"geometry":{"type":"Polygon","coordinates":[[[99.693634,19.38274],[99.683706,19.38274],[99.682088,19.391073],[99.67475,19.391652],[99.66029,19.385402],[99.64378,19.387601],[99.630183,19.386791],[99.628133,19.389684],[99.621766,19.389568],[99.610759,19.397091],[99.605688,19.401605],[99.600724,19.402184],[99.595544,19.406003],[99.584537,19.406003],[99.57666,19.409476],[99.565438,19.417693],[99.562956,19.414221],[99.563387,19.404267],[99.572236,19.392346],[99.575797,19.389684],[99.576444,19.374869],[99.575365,19.362485],[99.580653,19.354962],[99.580005,19.350448],[99.572775,19.346513],[99.5813,19.336907],[99.580221,19.331814],[99.576121,19.325217],[99.579897,19.320472],[99.577308,19.316999],[99.580437,19.310865],[99.576013,19.30531],[99.577955,19.297324],[99.576876,19.292925],[99.57148,19.293851],[99.569214,19.288759],[99.564898,19.284592],[99.560582,19.273134],[99.561984,19.264916],[99.559071,19.25693],[99.552488,19.257162],[99.547309,19.240611],[99.549791,19.23575],[99.547848,19.230194],[99.548388,19.223597],[99.544827,19.220704],[99.544287,19.209593],[99.541374,19.206352],[99.546122,19.196051],[99.545798,19.190959],[99.542992,19.180542],[99.542453,19.170125],[99.538136,19.162139],[99.546014,19.15994],[99.549683,19.156468],[99.554431,19.1442],[99.560042,19.143389],[99.56015,19.13251],[99.553136,19.12626],[99.553352,19.122672],[99.544611,19.11457],[99.54159,19.11376],[99.537057,19.10751],[99.539,19.101723],[99.534899,19.09663],[99.537273,19.090728],[99.535007,19.084941],[99.52864,19.076376],[99.520223,19.075913],[99.504469,19.078344],[99.499073,19.074756],[99.493894,19.077418],[99.492167,19.074408],[99.48321,19.071399],[99.47911,19.058089],[99.476304,19.054964],[99.474901,19.04883],[99.467995,19.041422],[99.464326,19.035173],[99.453104,19.02927],[99.440155,19.015728],[99.436162,19.007858],[99.428392,19.008552],[99.421702,19.002881],[99.4053,19.002071],[99.401847,19.000103],[99.392135,18.99721],[99.390948,18.994085],[99.383286,18.991076],[99.379186,18.986909],[99.376272,18.974178],[99.377675,18.968622],[99.374977,18.959826],[99.384257,18.95184],[99.386631,18.944085],[99.384905,18.934247],[99.377675,18.921747],[99.38361,18.910984],[99.383718,18.90103],[99.387171,18.896285],[99.386092,18.88853],[99.39138,18.884363],[99.386308,18.879965],[99.387495,18.874641],[99.380373,18.863993],[99.374006,18.857975],[99.352424,18.847211],[99.35264,18.84154],[99.35059,18.836794],[99.354906,18.825104],[99.352964,18.823137],[99.35728,18.817234],[99.35728,18.807975],[99.359222,18.801031],[99.364078,18.798484],[99.366237,18.78691],[99.371093,18.78066],[99.3671,18.774873],[99.366237,18.769202],[99.371416,18.759711],[99.371416,18.753461],[99.36656,18.7486],[99.361489,18.74698],[99.352964,18.736911],[99.348216,18.73529],[99.348432,18.724295],[99.344223,18.717698],[99.340554,18.715383],[99.343144,18.70948],[99.342173,18.706008],[99.334511,18.702536],[99.33408,18.698369],[99.336777,18.693624],[99.327173,18.68448],[99.331382,18.679967],[99.333108,18.669087],[99.339367,18.66573],[99.346381,18.657513],[99.342497,18.649527],[99.332893,18.650337],[99.330626,18.643856],[99.326958,18.638532],[99.330734,18.627189],[99.32685,18.619666],[99.336346,18.615847],[99.348863,18.617583],[99.354043,18.613416],[99.358791,18.606935],[99.356956,18.600106],[99.349187,18.591541],[99.351777,18.589342],[99.348216,18.578463],[99.343576,18.574643],[99.338936,18.577074],[99.333432,18.576379],[99.327821,18.565731],[99.327281,18.561217],[99.329763,18.557051],[99.327281,18.553578],[99.328468,18.545592],[99.323397,18.537491],[99.319404,18.536217],[99.317354,18.532167],[99.316922,18.526148],[99.31962,18.519319],[99.318109,18.514227],[99.320375,18.511218],[99.31962,18.504157],[99.313361,18.497097],[99.308505,18.496056],[99.297822,18.48888],[99.285304,18.492815],[99.285197,18.497097],[99.280449,18.499875],[99.26696,18.494783],[99.257248,18.497213],[99.255953,18.492236],[99.250234,18.487838],[99.247105,18.482746],[99.243328,18.480894],[99.239551,18.472792],[99.237824,18.458093],[99.237608,18.447908],[99.23135,18.444667],[99.223472,18.434945],[99.220883,18.429852],[99.214408,18.429621],[99.20966,18.426264],[99.202538,18.424297],[99.199409,18.421403],[99.196927,18.414112],[99.196063,18.40682],[99.190452,18.402653],[99.188618,18.395478],[99.189373,18.388302],[99.17351,18.377306],[99.16682,18.371056],[99.167467,18.363649],[99.170813,18.361682],[99.168978,18.34976],[99.166712,18.342121],[99.159482,18.340501],[99.159806,18.335987],[99.153331,18.330085],[99.151065,18.323024],[99.152468,18.315733],[99.147072,18.313418],[99.132505,18.314344],[99.123872,18.312261],[99.124519,18.304043],[99.123224,18.300224],[99.112865,18.295131],[99.114484,18.288997],[99.115671,18.27071],[99.112218,18.266659],[99.107038,18.265154],[99.097974,18.272446],[99.093873,18.278464],[99.08988,18.280085],[99.08265,18.277539],[99.082219,18.269553],[99.077147,18.268742],[99.066464,18.272215],[99.054594,18.270363],[99.052112,18.265965],[99.042077,18.264576],[99.037544,18.265617],[99.031933,18.264228],[99.022329,18.257516],[99.020279,18.250918],[99.022761,18.236451],[99.027293,18.232747],[99.027725,18.22696],[99.029991,18.223835],[99.029127,18.216081],[99.035602,18.205317],[99.037652,18.199414],[99.043911,18.196173],[99.045638,18.190386],[99.050709,18.184947],[99.052112,18.180664],[99.05686,18.175224],[99.052436,18.168396],[99.053083,18.1596],[99.05891,18.155086],[99.059558,18.14953],[99.063874,18.144553],[99.065385,18.138072],[99.064738,18.124646],[99.066788,18.114345],[99.065817,18.11041],[99.070457,18.105665],[99.068191,18.101961],[99.068191,18.096174],[99.072075,18.093975],[99.073262,18.08298],[99.071104,18.074415],[99.070133,18.063883],[99.075421,18.053003],[99.080169,18.049762],[99.083945,18.043049],[99.083406,18.031938],[99.091391,18.021753],[99.092794,18.014577],[99.098513,18.010063],[99.100887,17.998721],[99.095276,17.997448],[99.094952,17.993628],[99.100671,17.984485],[99.10024,17.980897],[99.0956,17.974416],[99.097326,17.968166],[99.093981,17.960411],[99.094952,17.954855],[99.100995,17.947795],[99.106067,17.9493],[99.115563,17.946754],[99.114808,17.938883],[99.115563,17.931592],[99.112541,17.928235],[99.109844,17.915157],[99.113621,17.912495],[99.117829,17.915735],[99.131318,17.914346],[99.139627,17.91018],[99.145885,17.911106],[99.144159,17.901615],[99.148583,17.895365],[99.157863,17.89143],[99.162288,17.884254],[99.16218,17.877657],[99.175237,17.868629],[99.179445,17.861801],[99.18333,17.860527],[99.183654,17.850227],[99.179337,17.845944],[99.168762,17.847333],[99.163151,17.846754],[99.159158,17.843282],[99.169302,17.824301],[99.173402,17.82187],[99.173834,17.809718],[99.164122,17.809718],[99.159806,17.807981],[99.15441,17.813421],[99.147072,17.813074],[99.143296,17.817241],[99.135526,17.82106],[99.12808,17.816199],[99.123332,17.819208],[99.116426,17.816546],[99.109736,17.815968],[99.103153,17.812611],[99.10898,17.803468],[99.109844,17.79282],[99.117182,17.791083],[99.116966,17.784023],[99.124735,17.777889],[99.124951,17.772102],[99.122361,17.767935],[99.1147,17.769787],[99.111786,17.76782],[99.11211,17.759949],[99.110383,17.753236],[99.104556,17.748144],[99.104448,17.741084],[99.091931,17.74201],[99.08578,17.738885],[99.083082,17.730088],[99.082543,17.721176],[99.084701,17.717704],[99.083406,17.709718],[99.087398,17.703237],[99.08114,17.698028],[99.074881,17.698028],[99.065493,17.69282],[99.064306,17.684487],[99.062363,17.683445],[99.065169,17.672797],[99.0615,17.668978],[99.059989,17.661455],[99.060961,17.652427],[99.063335,17.643631],[99.062256,17.636802],[99.059018,17.629163],[99.059666,17.62627],[99.054918,17.622797],[99.048659,17.611686],[99.038839,17.614927],[99.036249,17.612265],[99.028912,17.614696],[99.019631,17.614348],[99.013157,17.62326],[99.00938,17.622335],[99.005495,17.629742],[98.998481,17.637149],[98.990712,17.634487],[98.975496,17.643515],[98.962547,17.640043],[98.955209,17.641432],[98.950677,17.64583],[98.944311,17.646756],[98.938052,17.640853],[98.927261,17.643746],[98.919707,17.640737],[98.909995,17.647566],[98.905787,17.648955],[98.902765,17.639927],[98.895751,17.63958],[98.893485,17.633909],[98.884637,17.628006],[98.884421,17.621409],[98.881183,17.613075],[98.880644,17.604279],[98.887011,17.601617],[98.887874,17.589349],[98.901578,17.585529],[98.911074,17.58171],[98.908053,17.575923],[98.9087,17.571525],[98.905787,17.566779],[98.9046,17.560877],[98.90665,17.555205],[98.906326,17.547219],[98.910103,17.536687],[98.914204,17.532057],[98.921865,17.529974],[98.924779,17.525576],[98.921865,17.512613],[98.927153,17.507983],[98.926398,17.501039],[98.929743,17.494442],[98.926505,17.491896],[98.929527,17.485067],[98.932872,17.483099],[98.931253,17.474419],[98.937188,17.471062],[98.945605,17.468632],[98.953914,17.474187],[98.957583,17.468053],[98.968698,17.464581],[98.979057,17.466896],[98.986071,17.460993],[98.987151,17.4559],[98.992762,17.45185],[98.991575,17.448609],[98.997402,17.445021],[99.0001,17.439118],[99.0042,17.436919],[99.010135,17.424882],[99.011538,17.418864],[99.015099,17.414813],[99.021574,17.411109],[99.031825,17.410878],[99.034523,17.402544],[99.042184,17.396179],[99.041321,17.390623],[99.046825,17.385646],[99.056536,17.388193],[99.063874,17.384142],[99.066896,17.376966],[99.070888,17.37523],[99.077255,17.376387],[99.079845,17.373957],[99.085888,17.377544],[99.096571,17.370832],[99.103477,17.36516],[99.108333,17.359373],[99.114268,17.361457],[99.117074,17.367475],[99.121606,17.364813],[99.127325,17.365855],[99.134771,17.361572],[99.141785,17.360994],[99.148799,17.351387],[99.15495,17.338309],[99.160022,17.333216],[99.164662,17.332637],[99.173618,17.335647],[99.17815,17.34942],[99.190884,17.354049],[99.196603,17.360299],[99.19725,17.363887],[99.20502,17.368054],[99.210955,17.376619],[99.207933,17.382868],[99.21689,17.395368],[99.225091,17.404628],[99.228112,17.405554],[99.238364,17.402776],[99.250018,17.406711],[99.260377,17.405554],[99.270413,17.399998],[99.275377,17.381248],[99.271168,17.365739],[99.270953,17.349304],[99.277751,17.346295],[99.276672,17.33148],[99.28606,17.319327],[99.286168,17.312267],[99.293074,17.311225],[99.297175,17.303471],[99.298254,17.287036],[99.303973,17.273031],[99.309368,17.270369],[99.315303,17.269791],[99.319728,17.270138],[99.324368,17.26655],[99.330626,17.266087],[99.339475,17.267707],[99.340446,17.26273],[99.348216,17.255786],[99.351669,17.255207],[99.358467,17.249189],[99.360302,17.241897],[99.368179,17.230323],[99.371308,17.229513],[99.369798,17.221295],[99.373898,17.210532],[99.389761,17.205671],[99.394941,17.206481],[99.400444,17.220022],[99.411019,17.218633],[99.420839,17.218981],[99.41922,17.2228],[99.42645,17.22986],[99.43163,17.231944],[99.436162,17.228008],[99.439831,17.228819],[99.440047,17.235069],[99.444039,17.238772],[99.444579,17.245254],[99.440802,17.251619],[99.448464,17.250693],[99.453643,17.251851],[99.455801,17.258911],[99.454938,17.267244],[99.452672,17.270138],[99.453212,17.275462],[99.451377,17.281712],[99.45224,17.286226],[99.451809,17.297105],[99.454399,17.298957],[99.456881,17.306249],[99.464326,17.314582],[99.477275,17.326156],[99.476736,17.341318],[99.474686,17.344211],[99.473283,17.355207],[99.470585,17.357521],[99.470909,17.36597],[99.469074,17.368864],[99.459686,17.369906],[99.449003,17.376619],[99.444795,17.381017],[99.441881,17.389234],[99.432601,17.388887],[99.430766,17.390623],[99.42699,17.408447],[99.43163,17.418632],[99.439723,17.420715],[99.441234,17.425229],[99.441126,17.4331],[99.433033,17.434836],[99.426342,17.442475],[99.421055,17.442243],[99.41458,17.450576],[99.418249,17.457174],[99.41458,17.459257],[99.406379,17.468979],[99.407566,17.476271],[99.416091,17.478933],[99.419328,17.48634],[99.418141,17.494558],[99.421486,17.501039],[99.418681,17.504858],[99.423213,17.519905],[99.431306,17.520946],[99.439399,17.527428],[99.438644,17.532289],[99.432925,17.540854],[99.430766,17.548377],[99.431738,17.553932],[99.435946,17.562728],[99.430766,17.565853],[99.429687,17.569326],[99.424076,17.568168],[99.41512,17.570252],[99.413177,17.574534],[99.415875,17.577312],[99.415659,17.583793],[99.419976,17.588423],[99.419112,17.60046],[99.425911,17.60914],[99.440047,17.609719],[99.442421,17.60289],[99.447061,17.599534],[99.453535,17.597913],[99.453104,17.607173],[99.449543,17.613191],[99.447061,17.624186],[99.449974,17.630552],[99.447492,17.644557],[99.450622,17.654857],[99.455694,17.654857],[99.46519,17.660876],[99.470585,17.665737],[99.471664,17.672218],[99.476304,17.676385],[99.470693,17.69282],[99.475225,17.69745],[99.473607,17.709371],[99.474362,17.717357],[99.479218,17.729278],[99.471017,17.737843],[99.464111,17.736917],[99.459039,17.729163],[99.455909,17.715505],[99.449003,17.709024],[99.442205,17.707519],[99.432169,17.708329],[99.430011,17.710181],[99.422889,17.710297],[99.41458,17.703468],[99.402278,17.697103],[99.393322,17.69039],[99.386955,17.689811],[99.389221,17.696524],[99.381236,17.70289],[99.380373,17.712727],[99.384797,17.715274],[99.385876,17.722218],[99.379725,17.72245],[99.37692,17.726269],[99.376812,17.733445],[99.379725,17.735644],[99.381128,17.741662],[99.379186,17.746524],[99.380912,17.751269],[99.380157,17.757172],[99.374114,17.762496],[99.367532,17.773491],[99.370877,17.779162],[99.37638,17.781593],[99.385337,17.790157],[99.389545,17.801384],[99.393538,17.807866],[99.392674,17.814694],[99.401523,17.818861],[99.404437,17.823143],[99.408321,17.823259],[99.41253,17.826847],[99.412638,17.83194],[99.420299,17.842935],[99.422997,17.850458],[99.427961,17.853236],[99.428608,17.857402],[99.436486,17.863189],[99.442529,17.864463],[99.448032,17.869671],[99.452025,17.878236],[99.457312,17.882634],[99.463139,17.882749],[99.468751,17.889231],[99.468966,17.892703],[99.474362,17.893513],[99.485261,17.919555],[99.49821,17.927194],[99.501555,17.937263],[99.506519,17.942703],[99.511375,17.943166],[99.521626,17.951731],[99.522921,17.957055],[99.533173,17.9618],[99.538352,17.962379],[99.542992,17.970133],[99.557992,17.974068],[99.561229,17.978235],[99.561445,17.986568],[99.565006,17.991545],[99.572128,17.995596],[99.576336,17.995596],[99.578602,17.999184],[99.595005,18.009716],[99.591552,18.013536],[99.59166,18.01805],[99.588314,18.0221],[99.588854,18.026846],[99.584969,18.035179],[99.594141,18.038767],[99.596947,18.038188],[99.604501,18.042471],[99.610004,18.049762],[99.618853,18.048605],[99.624032,18.054392],[99.627593,18.060758],[99.634823,18.061336],[99.642917,18.055549],[99.650686,18.055549],[99.650902,18.052193],[99.659427,18.041082],[99.668815,18.04166],[99.680253,18.045827],[99.68457,18.051961],[99.6918,18.056244],[99.689425,18.062957],[99.693634,18.066429],[99.700648,18.067123],[99.704533,18.070364],[99.709281,18.068744],[99.716619,18.071406],[99.722877,18.075457],[99.726978,18.087378],[99.734424,18.095132],[99.736042,18.102771],[99.740251,18.109253],[99.746725,18.111452],[99.755574,18.120364],[99.762049,18.123373],[99.754495,18.12997],[99.756221,18.136336],[99.753847,18.139692],[99.758919,18.148026],[99.772084,18.162609],[99.778882,18.174646],[99.78881,18.184947],[99.790429,18.191197],[99.799385,18.199414],[99.801543,18.214923],[99.80532,18.21828],[99.810284,18.226613],[99.819996,18.234715],[99.821723,18.237493],[99.834132,18.236219],[99.834564,18.24027],[99.83942,18.244668],[99.843844,18.254969],[99.849671,18.254854],[99.850858,18.260293],[99.858628,18.275687],[99.856577,18.278696],[99.859059,18.28402],[99.863591,18.279969],[99.872008,18.277886],[99.878267,18.27939],[99.881181,18.282631],[99.890785,18.281705],[99.89618,18.279738],[99.906971,18.280548],[99.911611,18.286335],[99.913553,18.292122],[99.919704,18.300918],[99.921215,18.306937],[99.927042,18.313418],[99.930172,18.320015],[99.935783,18.327075],[99.938373,18.33402],[99.937078,18.337492],[99.939775,18.351844],[99.943444,18.355084],[99.95089,18.356358],[99.950135,18.364459],[99.955422,18.376843],[99.960386,18.383788],[99.966537,18.383093],[99.970638,18.390154],[99.987256,18.391774],[99.989198,18.397214],[100.001608,18.406473],[100.006895,18.411681],[100.004413,18.415616],[100.006571,18.422792],[100.014125,18.437607],[100.01024,18.443162],[100.014125,18.447329],[100.0206,18.447213],[100.024592,18.454505],[100.02988,18.46932],[100.037002,18.480199],[100.038728,18.485292],[100.049627,18.497676],[100.051138,18.503116],[100.052649,18.518972],[100.056534,18.527074],[100.049304,18.529736],[100.052865,18.538995],[100.051893,18.542236],[100.055454,18.549875],[100.055886,18.557398],[100.0629,18.56087],[100.069591,18.56249],[100.078547,18.562838],[100.086317,18.570592],[100.090201,18.57256],[100.104661,18.559597],[100.109301,18.560176],[100.105956,18.567583],[100.106604,18.573023],[100.111244,18.576263],[100.108978,18.588879],[100.11297,18.59212],[100.120848,18.601495],[100.115992,18.609944],[100.106496,18.615499],[100.105524,18.621286],[100.099805,18.628115],[100.099482,18.633671],[100.102395,18.640268],[100.10369,18.648832],[100.106496,18.65161],[100.104877,18.662837],[100.111352,18.671286],[100.109409,18.680545],[100.104553,18.686448],[100.108546,18.691541],[100.107359,18.703809],[100.102935,18.704735],[100.102719,18.711564],[100.100237,18.715383],[100.101532,18.72279],[100.096352,18.730545],[100.097539,18.734596],[100.10164,18.737605],[100.100561,18.752535],[100.107359,18.756586],[100.10833,18.762258],[100.116208,18.766424],[100.114373,18.775915],[100.120092,18.781586],[100.12279,18.781818],[100.126027,18.787373],[100.120524,18.798369],[100.115452,18.799873],[100.114049,18.808554],[100.10628,18.813646],[100.100992,18.813878],[100.087827,18.827304],[100.080489,18.82441],[100.077144,18.820012],[100.068943,18.816308],[100.065922,18.817581],[100.065922,18.827882],[100.061821,18.828924],[100.061821,18.835521],[100.064411,18.840961],[100.06808,18.842813],[100.069051,18.848831],[100.066677,18.85103],[100.069699,18.85728],[100.070346,18.865266],[100.065922,18.867928],[100.062037,18.878461],[100.056102,18.880775],[100.052001,18.885058],[100.045203,18.885058],[100.043261,18.889803],[100.039592,18.890613],[100.03711,18.897905],[100.033333,18.902419],[100.022758,18.895474],[100.016499,18.895937],[100.008622,18.904386],[100.001823,18.907511],[99.996212,18.905081],[99.988874,18.913414],[99.978947,18.920243],[99.976788,18.918507],[99.965782,18.925104],[99.965026,18.928229],[99.953588,18.93471],[99.952401,18.938067],[99.94679,18.942465],[99.943337,18.94802],[99.939991,18.95971],[99.934164,18.967349],[99.927042,18.974293],[99.926179,18.978807],[99.914525,18.982974],[99.911611,18.987951],[99.905892,18.982742],[99.901791,18.98633],[99.892295,18.989224],[99.889921,18.987835],[99.88431,18.993738],[99.882583,18.999872],[99.876433,18.999872],[99.872656,18.996631],[99.856793,19.000451],[99.853448,19.002997],[99.844923,19.004154],[99.838556,19.001608],[99.830679,19.008205],[99.829168,19.012487],[99.833916,19.016654],[99.835103,19.026376],[99.830032,19.032626],[99.832513,19.040265],[99.827226,19.042117],[99.82183,19.047788],[99.819025,19.054038],[99.819672,19.061214],[99.815788,19.062719],[99.812442,19.058321],[99.799601,19.056469],[99.79604,19.053228],[99.789565,19.055774],[99.783307,19.055427],[99.78212,19.059362],[99.773271,19.064223],[99.774242,19.076029],[99.769386,19.077765],[99.763343,19.091306],[99.765178,19.096515],[99.762264,19.104501],[99.760214,19.115149],[99.757408,19.122325],[99.759243,19.128922],[99.758272,19.134593],[99.750934,19.137602],[99.743164,19.142811],[99.74187,19.15288],[99.738416,19.159824],[99.73356,19.16619],[99.726223,19.169894],[99.728381,19.181815],[99.726223,19.187718],[99.721798,19.192695],[99.72223,19.198597],[99.71964,19.205773],[99.714137,19.21237],[99.714784,19.22163],[99.711655,19.225796],[99.710468,19.235403],[99.70313,19.24443],[99.70572,19.249523],[99.702159,19.254847],[99.705072,19.277879],[99.702806,19.285518],[99.702051,19.298712],[99.698598,19.30149],[99.698058,19.30612],[99.70831,19.330309],[99.707554,19.344314],[99.701296,19.346629],[99.699461,19.351837],[99.694821,19.354499],[99.691368,19.360286],[99.695684,19.381004],[99.693634,19.38274]]]}},{"type":"Feature","id":"TH53","bbox":[99.894454,17.138657,101.19282,18.381473],"properties":{"ADM1_PCODE":"TH53","ADM1_TH":"อุตรดิตถ์","ADM1_EN":"Uttaradit"},"geometry":{"type":"Polygon","coordinates":[[[100.988871,17.74363],[100.984123,17.750459],[100.978188,17.752889],[100.978081,17.763074],[100.98121,17.767588],[100.990382,17.767935],[100.998044,17.77025],[101.003008,17.776269],[101.006353,17.783908],[101.003008,17.789926],[101.002576,17.795134],[100.998691,17.800806],[100.992648,17.804278],[100.999662,17.816199],[100.998583,17.819787],[101.002036,17.824185],[101.006569,17.824069],[101.017899,17.828815],[101.026424,17.828467],[101.032575,17.834139],[101.029553,17.839231],[101.030093,17.846754],[101.032899,17.851615],[101.034193,17.861222],[101.029014,17.86562],[101.025669,17.872564],[101.020489,17.875342],[101.016712,17.884138],[101.019302,17.891199],[101.026856,17.896754],[101.028151,17.900689],[101.043366,17.908907],[101.047035,17.91261],[101.05966,17.913305],[101.063761,17.915735],[101.070775,17.913999],[101.070883,17.91886],[101.077465,17.923258],[101.087069,17.924069],[101.092249,17.929971],[101.094731,17.93518],[101.099802,17.939809],[101.104766,17.946985],[101.116528,17.950226],[101.116528,17.970249],[101.120197,17.995133],[101.122463,18.000457],[101.127751,18.003466],[101.13347,18.014693],[101.13865,18.019438],[101.141563,18.027656],[101.148146,18.031475],[101.151707,18.037147],[101.156671,18.036452],[101.160987,18.030086],[101.167893,18.038188],[101.172641,18.046059],[101.178468,18.051267],[101.176094,18.053582],[101.184511,18.066082],[101.181382,18.07048],[101.175123,18.072679],[101.173073,18.079392],[101.172749,18.086799],[101.174692,18.089345],[101.16703,18.099299],[101.165303,18.105317],[101.166598,18.113072],[101.163361,18.11666],[101.161203,18.123489],[101.168757,18.138882],[101.17167,18.153928],[101.175123,18.163187],[101.173181,18.163882],[101.178792,18.173373],[101.176742,18.176266],[101.179224,18.182863],[101.183864,18.189692],[101.183864,18.195363],[101.19282,18.212724],[101.183324,18.223372],[101.177929,18.223951],[101.173505,18.217354],[101.165088,18.217932],[101.164116,18.222678],[101.166706,18.230432],[101.162174,18.234715],[101.159368,18.241196],[101.160124,18.244205],[101.149009,18.256821],[101.144585,18.260062],[101.149333,18.264228],[101.149872,18.267353],[101.162929,18.278117],[101.160771,18.282863],[101.155376,18.286682],[101.148578,18.295594],[101.153326,18.30115],[101.161095,18.304622],[101.159476,18.309483],[101.165303,18.313997],[101.168001,18.320247],[101.174692,18.32071],[101.176526,18.326034],[101.180087,18.327538],[101.180087,18.334367],[101.182245,18.340617],[101.177281,18.341543],[101.16757,18.346751],[101.162714,18.345131],[101.154836,18.349182],[101.150196,18.34733],[101.143182,18.352654],[101.141779,18.356473],[101.131204,18.366658],[101.12365,18.368163],[101.119334,18.371056],[101.109946,18.371172],[101.102392,18.375107],[101.094083,18.381473],[101.08545,18.38101],[101.082105,18.374876],[101.082105,18.370594],[101.076926,18.365154],[101.07358,18.359251],[101.065919,18.35601],[101.055667,18.355663],[101.051567,18.349066],[101.046064,18.345825],[101.04315,18.339691],[101.03851,18.338186],[101.034409,18.333788],[101.028582,18.332862],[101.02351,18.325918],[101.01736,18.321404],[101.005705,18.318048],[100.999231,18.309367],[100.983368,18.307978],[100.978944,18.304969],[100.97916,18.298835],[100.973764,18.293858],[100.970743,18.288534],[100.965023,18.282863],[100.963405,18.278233],[100.947111,18.264807],[100.939557,18.254391],[100.929953,18.250687],[100.926284,18.250803],[100.920349,18.243395],[100.915817,18.231821],[100.912256,18.227423],[100.913335,18.223488],[100.918083,18.217585],[100.922507,18.216312],[100.925313,18.212493],[100.924773,18.208326],[100.918299,18.200803],[100.914522,18.200109],[100.907616,18.193974],[100.908695,18.188535],[100.905781,18.177423],[100.909018,18.165502],[100.913551,18.160062],[100.901681,18.152655],[100.880638,18.146637],[100.872977,18.139114],[100.871574,18.126614],[100.874595,18.122563],[100.873732,18.117933],[100.866178,18.113766],[100.855819,18.102308],[100.854632,18.097563],[100.850855,18.093049],[100.848913,18.087146],[100.849668,18.082169],[100.843302,18.079507],[100.830892,18.081938],[100.822907,18.080549],[100.819777,18.083095],[100.808663,18.076267],[100.807152,18.064577],[100.800354,18.053813],[100.790642,18.04629],[100.785462,18.043512],[100.774347,18.029276],[100.767225,18.025457],[100.756111,18.02835],[100.744457,18.029508],[100.74068,18.028235],[100.730644,18.029855],[100.725033,18.032749],[100.716076,18.030665],[100.70917,18.031012],[100.705393,18.026499],[100.698811,18.027424],[100.688667,18.026846],[100.686077,18.030665],[100.682516,18.029508],[100.680574,18.034253],[100.668812,18.042355],[100.656618,18.038767],[100.630936,18.044554],[100.622735,18.044091],[100.610109,18.049994],[100.607196,18.049531],[100.600613,18.044323],[100.589606,18.039924],[100.580326,18.044091],[100.577844,18.043744],[100.573852,18.036452],[100.567053,18.037494],[100.562197,18.033443],[100.557989,18.032749],[100.540076,18.041313],[100.53522,18.038767],[100.527882,18.041776],[100.515473,18.044554],[100.508458,18.047795],[100.503279,18.05335],[100.498962,18.050457],[100.493783,18.052887],[100.482236,18.055549],[100.479862,18.054739],[100.47123,18.044438],[100.463568,18.045017],[100.453317,18.039346],[100.451806,18.034485],[100.44695,18.029508],[100.446411,18.025457],[100.433677,18.020249],[100.427203,18.01585],[100.421483,18.013767],[100.414361,18.021753],[100.408534,18.023952],[100.400657,18.020943],[100.393859,18.020943],[100.388139,18.014693],[100.381557,18.011568],[100.379183,18.003929],[100.369255,17.995943],[100.364939,17.991198],[100.355982,17.985295],[100.350371,17.983212],[100.356414,17.962957],[100.354687,17.94305],[100.360083,17.936337],[100.358572,17.93217],[100.359759,17.927425],[100.358248,17.92268],[100.353608,17.920828],[100.347997,17.915851],[100.34886,17.909254],[100.342817,17.900573],[100.343465,17.897333],[100.333645,17.889462],[100.32512,17.896638],[100.317243,17.908907],[100.313034,17.909254],[100.311955,17.916777],[100.308826,17.920249],[100.309042,17.92812],[100.306776,17.933444],[100.299438,17.938999],[100.287244,17.937147],[100.286381,17.949068],[100.279798,17.957402],[100.276129,17.957633],[100.268899,17.954277],[100.261777,17.953467],[100.252821,17.960874],[100.246023,17.961453],[100.239764,17.956129],[100.235016,17.955203],[100.231347,17.9493],[100.225844,17.949068],[100.225412,17.939346],[100.220232,17.93842],[100.215053,17.927888],[100.21516,17.921059],[100.208578,17.917356],[100.202751,17.917934],[100.197248,17.910411],[100.195953,17.90636],[100.189046,17.904277],[100.168652,17.890851],[100.166278,17.892009],[100.158508,17.887611],[100.158616,17.88437],[100.153328,17.877425],[100.146638,17.87106],[100.144156,17.866777],[100.129588,17.856477],[100.124948,17.858791],[100.119769,17.858676],[100.113078,17.854856],[100.110165,17.850227],[100.100237,17.847449],[100.095273,17.851037],[100.089338,17.846986],[100.088043,17.842472],[100.081137,17.842935],[100.075634,17.838305],[100.062792,17.840273],[100.057181,17.83356],[100.050706,17.838768],[100.046066,17.84606],[100.033549,17.843398],[100.015852,17.836338],[100.010348,17.833213],[100.006571,17.836685],[99.994162,17.830898],[99.986069,17.829162],[99.990709,17.811338],[99.984234,17.80231],[99.977112,17.796639],[99.970422,17.799301],[99.965674,17.798722],[99.961465,17.79282],[99.961465,17.78275],[99.958983,17.778121],[99.952833,17.778931],[99.945603,17.77731],[99.942905,17.780667],[99.936754,17.781824],[99.932869,17.789579],[99.927366,17.789232],[99.9251,17.791894],[99.911935,17.798259],[99.910856,17.803005],[99.906216,17.805782],[99.900604,17.804162],[99.894454,17.807171],[99.898554,17.798144],[99.905892,17.79363],[99.911503,17.79525],[99.922186,17.786338],[99.920568,17.781824],[99.924776,17.775574],[99.922618,17.769324],[99.911395,17.764],[99.914309,17.757403],[99.920028,17.748144],[99.925963,17.743167],[99.930064,17.74444],[99.93438,17.736686],[99.939668,17.734024],[99.943552,17.723838],[99.956825,17.716547],[99.962868,17.711802],[99.966429,17.702542],[99.965458,17.69664],[99.968695,17.692473],[99.969235,17.682288],[99.974738,17.671293],[99.973335,17.667473],[99.974199,17.660529],[99.97722,17.656941],[99.975925,17.649881],[99.969559,17.642242],[99.965998,17.632404],[99.966645,17.628584],[99.972364,17.623376],[99.976896,17.622219],[99.965782,17.613423],[99.960602,17.610413],[99.955962,17.603585],[99.940207,17.592126],[99.923805,17.585992],[99.923481,17.580089],[99.926179,17.570367],[99.925747,17.56539],[99.934056,17.559256],[99.942689,17.545252],[99.940315,17.537381],[99.933517,17.525344],[99.92974,17.521756],[99.930387,17.517474],[99.934164,17.513423],[99.943013,17.50972],[99.960494,17.499534],[99.968156,17.492243],[99.972688,17.495252],[99.974846,17.489349],[99.981321,17.486572],[99.981213,17.472914],[99.985637,17.471525],[99.990817,17.466664],[99.999234,17.466317],[100.002687,17.457984],[100.013046,17.457058],[100.018981,17.45891],[100.028909,17.449419],[100.030851,17.443863],[100.029664,17.435414],[100.02729,17.429396],[100.018334,17.422567],[100.017147,17.418401],[100.010564,17.418864],[99.996968,17.41678],[99.993514,17.404743],[99.991248,17.400692],[99.99837,17.393285],[100.00409,17.39178],[100.008406,17.384489],[100.009701,17.378818],[100.006679,17.374072],[99.999989,17.368632],[100.005169,17.367128],[100.007543,17.359142],[100.000852,17.354165],[100.011643,17.336225],[100.018334,17.335994],[100.015744,17.329975],[100.009161,17.33148],[99.995457,17.326735],[99.996428,17.321989],[99.993191,17.313772],[99.994701,17.306133],[99.999234,17.295253],[99.995025,17.288425],[99.97776,17.287499],[99.968803,17.281365],[99.975601,17.276388],[99.972148,17.271874],[99.9674,17.27199],[99.964271,17.268749],[99.965566,17.263425],[99.961789,17.255902],[99.963192,17.250925],[99.954559,17.242823],[99.956178,17.240856],[99.972796,17.241897],[99.97204,17.238541],[99.962005,17.232985],[99.958336,17.22986],[99.970098,17.22442],[99.980673,17.217592],[99.978083,17.212383],[99.974738,17.213309],[99.973335,17.199652],[99.981752,17.193055],[99.983479,17.189814],[99.982831,17.180671],[99.980997,17.174768],[99.977328,17.171874],[99.972796,17.165162],[99.978083,17.158217],[99.983587,17.15949],[99.992112,17.159259],[99.995241,17.155671],[100.002039,17.154513],[100.009701,17.150347],[100.008622,17.14699],[100.000529,17.147106],[99.995349,17.140625],[100.009377,17.138657],[100.014557,17.141319],[100.019521,17.149189],[100.02524,17.155439],[100.022758,17.162847],[100.02524,17.16574],[100.030527,17.164004],[100.033225,17.167129],[100.031822,17.171643],[100.037326,17.181365],[100.0438,17.178587],[100.048332,17.178819],[100.052757,17.182986],[100.056318,17.181018],[100.068296,17.182754],[100.077792,17.18206],[100.094841,17.188078],[100.103474,17.189235],[100.118366,17.183333],[100.134552,17.184837],[100.136279,17.181134],[100.150631,17.184374],[100.15581,17.170138],[100.159911,17.165625],[100.16304,17.170949],[100.164443,17.183333],[100.167572,17.201157],[100.179011,17.205323],[100.197355,17.206596],[100.202967,17.205671],[100.206312,17.208448],[100.213866,17.208796],[100.229728,17.211689],[100.239332,17.221643],[100.250447,17.223032],[100.260482,17.22037],[100.280338,17.223263],[100.279151,17.233448],[100.273755,17.238541],[100.274619,17.245601],[100.273647,17.25405],[100.277316,17.259258],[100.277856,17.268749],[100.272568,17.274189],[100.273755,17.288309],[100.276561,17.291318],[100.27505,17.295138],[100.276777,17.299536],[100.281309,17.30185],[100.282172,17.307637],[100.280662,17.320832],[100.283359,17.336341],[100.289726,17.339466],[100.29674,17.347452],[100.294798,17.356248],[100.294906,17.365855],[100.290481,17.372568],[100.299006,17.375114],[100.307639,17.382984],[100.314761,17.374535],[100.322315,17.368285],[100.329976,17.377892],[100.329221,17.386919],[100.335803,17.389234],[100.342062,17.387035],[100.348537,17.392591],[100.355767,17.382868],[100.364507,17.388887],[100.370766,17.390507],[100.38037,17.396757],[100.389111,17.400808],[100.390729,17.40428],[100.398391,17.403123],[100.407131,17.407521],[100.413066,17.408679],[100.421915,17.412614],[100.427418,17.42141],[100.435727,17.416665],[100.446518,17.423725],[100.452238,17.419095],[100.457309,17.418401],[100.468424,17.420831],[100.475007,17.420253],[100.481265,17.417822],[100.495401,17.422799],[100.501444,17.428817],[100.507811,17.423725],[100.507164,17.414118],[100.50943,17.406711],[100.522487,17.4081],[100.521516,17.410183],[100.531443,17.416549],[100.537378,17.415507],[100.547522,17.416433],[100.549896,17.414813],[100.561334,17.417359],[100.569967,17.422104],[100.580974,17.421526],[100.585398,17.418864],[100.594247,17.421873],[100.603311,17.428239],[100.600074,17.436572],[100.602556,17.439465],[100.602987,17.446525],[100.60698,17.452312],[100.609785,17.460414],[100.613346,17.465854],[100.621008,17.4684],[100.629533,17.474303],[100.641187,17.473261],[100.645396,17.475692],[100.643345,17.482521],[100.644964,17.485183],[100.641511,17.489696],[100.642266,17.4934],[100.651762,17.49421],[100.656726,17.49884],[100.670754,17.503817],[100.684351,17.514233],[100.688775,17.521988],[100.699566,17.527891],[100.710573,17.53252],[100.720285,17.533215],[100.731723,17.538192],[100.7355,17.538655],[100.740464,17.542821],[100.742082,17.550691],[100.746723,17.559025],[100.751579,17.563191],[100.755895,17.563886],[100.758916,17.570136],[100.765283,17.573145],[100.765607,17.580437],[100.772081,17.58171],[100.774779,17.585413],[100.772513,17.596062],[100.779743,17.605668],[100.784383,17.606362],[100.789563,17.612844],[100.791397,17.618978],[100.801972,17.633677],[100.802296,17.63877],[100.80672,17.639233],[100.81449,17.644209],[100.818267,17.643862],[100.836611,17.648376],[100.84341,17.654163],[100.845676,17.662728],[100.849345,17.666779],[100.853877,17.675806],[100.857869,17.689116],[100.866394,17.698954],[100.868121,17.703931],[100.874595,17.71076],[100.894667,17.715621],[100.90686,17.711339],[100.906213,17.708445],[100.909774,17.701848],[100.913874,17.69907],[100.921212,17.699765],[100.925529,17.695945],[100.943873,17.701385],[100.946679,17.699302],[100.955959,17.69988],[100.959196,17.702427],[100.964592,17.701732],[100.97193,17.709255],[100.980886,17.722334],[100.985095,17.730204],[100.984555,17.734139],[100.988871,17.74363]]]}},{"type":"Feature","id":"TH54","bbox":[99.367532,17.689811,100.551191,18.834132],"properties":{"ADM1_PCODE":"TH54","ADM1_TH":"แพร่","ADM1_EN":"Phrae"},"geometry":{"type":"Polygon","coordinates":[[[100.340335,18.805892],[100.338393,18.813183],[100.330839,18.813299],[100.325444,18.810637],[100.318214,18.811794],[100.313466,18.810058],[100.305373,18.816771],[100.289078,18.818044],[100.278288,18.821054],[100.27246,18.818739],[100.26318,18.81897],[100.257461,18.821054],[100.245807,18.822211],[100.240843,18.819665],[100.23426,18.8236],[100.226059,18.825567],[100.221743,18.820822],[100.215916,18.818392],[100.20847,18.818739],[100.198435,18.814572],[100.187212,18.819086],[100.175666,18.813299],[100.17232,18.813762],[100.165414,18.819086],[100.159587,18.827304],[100.157105,18.834132],[100.153652,18.830081],[100.144372,18.82441],[100.138653,18.823831],[100.13412,18.817581],[100.11761,18.819665],[100.114049,18.808554],[100.115452,18.799873],[100.120524,18.798369],[100.126027,18.787373],[100.12279,18.781818],[100.120092,18.781586],[100.114373,18.775915],[100.116208,18.766424],[100.10833,18.762258],[100.107359,18.756586],[100.100561,18.752535],[100.10164,18.737605],[100.097539,18.734596],[100.096352,18.730545],[100.101532,18.72279],[100.100237,18.715383],[100.102719,18.711564],[100.102935,18.704735],[100.107359,18.703809],[100.108546,18.691541],[100.104553,18.686448],[100.109409,18.680545],[100.111352,18.671286],[100.104877,18.662837],[100.106496,18.65161],[100.10369,18.648832],[100.102395,18.640268],[100.099482,18.633671],[100.099805,18.628115],[100.105524,18.621286],[100.106496,18.615499],[100.115992,18.609944],[100.120848,18.601495],[100.11297,18.59212],[100.108978,18.588879],[100.111244,18.576263],[100.106604,18.573023],[100.105956,18.567583],[100.109301,18.560176],[100.104661,18.559597],[100.090201,18.57256],[100.086317,18.570592],[100.078547,18.562838],[100.069591,18.56249],[100.0629,18.56087],[100.055886,18.557398],[100.055454,18.549875],[100.051893,18.542236],[100.052865,18.538995],[100.049304,18.529736],[100.056534,18.527074],[100.052649,18.518972],[100.051138,18.503116],[100.049627,18.497676],[100.038728,18.485292],[100.037002,18.480199],[100.02988,18.46932],[100.024592,18.454505],[100.0206,18.447213],[100.014125,18.447329],[100.01024,18.443162],[100.014125,18.437607],[100.006571,18.422792],[100.004413,18.415616],[100.006895,18.411681],[100.001608,18.406473],[99.989198,18.397214],[99.987256,18.391774],[99.970638,18.390154],[99.966537,18.383093],[99.960386,18.383788],[99.955422,18.376843],[99.950135,18.364459],[99.95089,18.356358],[99.943444,18.355084],[99.939775,18.351844],[99.937078,18.337492],[99.938373,18.33402],[99.935783,18.327075],[99.930172,18.320015],[99.927042,18.313418],[99.921215,18.306937],[99.919704,18.300918],[99.913553,18.292122],[99.911611,18.286335],[99.906971,18.280548],[99.89618,18.279738],[99.890785,18.281705],[99.881181,18.282631],[99.878267,18.27939],[99.872008,18.277886],[99.863591,18.279969],[99.859059,18.28402],[99.856577,18.278696],[99.858628,18.275687],[99.850858,18.260293],[99.849671,18.254854],[99.843844,18.254969],[99.83942,18.244668],[99.834564,18.24027],[99.834132,18.236219],[99.821723,18.237493],[99.819996,18.234715],[99.810284,18.226613],[99.80532,18.21828],[99.801543,18.214923],[99.799385,18.199414],[99.790429,18.191197],[99.78881,18.184947],[99.778882,18.174646],[99.772084,18.162609],[99.758919,18.148026],[99.753847,18.139692],[99.756221,18.136336],[99.754495,18.12997],[99.762049,18.123373],[99.755574,18.120364],[99.746725,18.111452],[99.740251,18.109253],[99.736042,18.102771],[99.734424,18.095132],[99.726978,18.087378],[99.722877,18.075457],[99.716619,18.071406],[99.709281,18.068744],[99.704533,18.070364],[99.700648,18.067123],[99.693634,18.066429],[99.689425,18.062957],[99.6918,18.056244],[99.68457,18.051961],[99.680253,18.045827],[99.668815,18.04166],[99.659427,18.041082],[99.650902,18.052193],[99.650686,18.055549],[99.642917,18.055549],[99.634823,18.061336],[99.627593,18.060758],[99.624032,18.054392],[99.618853,18.048605],[99.610004,18.049762],[99.604501,18.042471],[99.596947,18.038188],[99.594141,18.038767],[99.584969,18.035179],[99.588854,18.026846],[99.588314,18.0221],[99.59166,18.01805],[99.591552,18.013536],[99.595005,18.009716],[99.578602,17.999184],[99.576336,17.995596],[99.572128,17.995596],[99.565006,17.991545],[99.561445,17.986568],[99.561229,17.978235],[99.557992,17.974068],[99.542992,17.970133],[99.538352,17.962379],[99.533173,17.9618],[99.522921,17.957055],[99.521626,17.951731],[99.511375,17.943166],[99.506519,17.942703],[99.501555,17.937263],[99.49821,17.927194],[99.485261,17.919555],[99.474362,17.893513],[99.468966,17.892703],[99.468751,17.889231],[99.463139,17.882749],[99.457312,17.882634],[99.452025,17.878236],[99.448032,17.869671],[99.442529,17.864463],[99.436486,17.863189],[99.428608,17.857402],[99.427961,17.853236],[99.422997,17.850458],[99.420299,17.842935],[99.412638,17.83194],[99.41253,17.826847],[99.408321,17.823259],[99.404437,17.823143],[99.401523,17.818861],[99.392674,17.814694],[99.393538,17.807866],[99.389545,17.801384],[99.385337,17.790157],[99.37638,17.781593],[99.370877,17.779162],[99.367532,17.773491],[99.374114,17.762496],[99.380157,17.757172],[99.380912,17.751269],[99.379186,17.746524],[99.381128,17.741662],[99.379725,17.735644],[99.376812,17.733445],[99.37692,17.726269],[99.379725,17.72245],[99.385876,17.722218],[99.384797,17.715274],[99.380373,17.712727],[99.381236,17.70289],[99.389221,17.696524],[99.386955,17.689811],[99.393322,17.69039],[99.402278,17.697103],[99.41458,17.703468],[99.422889,17.710297],[99.430011,17.710181],[99.432169,17.708329],[99.442205,17.707519],[99.449003,17.709024],[99.455909,17.715505],[99.459039,17.729163],[99.464111,17.736917],[99.471017,17.737843],[99.47447,17.741431],[99.481808,17.74525],[99.484397,17.754741],[99.487527,17.759486],[99.486664,17.762496],[99.496268,17.769093],[99.498642,17.774301],[99.510404,17.782519],[99.515368,17.782982],[99.514396,17.788421],[99.51936,17.797565],[99.528425,17.79988],[99.539647,17.804741],[99.54364,17.810643],[99.551949,17.812148],[99.56479,17.811222],[99.570941,17.815968],[99.582919,17.816199],[99.592307,17.820366],[99.60299,17.820481],[99.607954,17.816315],[99.615076,17.817704],[99.620579,17.813305],[99.627378,17.814579],[99.639679,17.805319],[99.644967,17.80231],[99.649499,17.796639],[99.654679,17.79606],[99.662016,17.798722],[99.670649,17.799301],[99.674966,17.789232],[99.680685,17.785759],[99.686404,17.77731],[99.685001,17.773259],[99.690613,17.768514],[99.694174,17.760065],[99.697842,17.756246],[99.706475,17.757635],[99.70777,17.75613],[99.710144,17.743167],[99.710252,17.737264],[99.715648,17.732172],[99.720072,17.731593],[99.72482,17.726038],[99.724496,17.722565],[99.729784,17.721755],[99.734963,17.726616],[99.741114,17.728815],[99.746294,17.736686],[99.749207,17.735181],[99.753092,17.740505],[99.7532,17.74525],[99.756653,17.74907],[99.754171,17.752079],[99.765178,17.760644],[99.7723,17.774996],[99.776616,17.776847],[99.775429,17.784949],[99.782012,17.790157],[99.794853,17.791662],[99.802083,17.79525],[99.80381,17.800574],[99.807586,17.802657],[99.813737,17.8015],[99.81719,17.803236],[99.834348,17.798491],[99.844707,17.800806],[99.850966,17.800806],[99.857333,17.798375],[99.86521,17.800458],[99.867908,17.804046],[99.873735,17.802426],[99.878591,17.805435],[99.882152,17.803236],[99.885281,17.807171],[99.890893,17.804046],[99.894454,17.807171],[99.900604,17.804162],[99.906216,17.805782],[99.910856,17.803005],[99.911935,17.798259],[99.9251,17.791894],[99.927366,17.789232],[99.932869,17.789579],[99.936754,17.781824],[99.942905,17.780667],[99.945603,17.77731],[99.952833,17.778931],[99.958983,17.778121],[99.961465,17.78275],[99.961465,17.79282],[99.965674,17.798722],[99.970422,17.799301],[99.977112,17.796639],[99.984234,17.80231],[99.990709,17.811338],[99.986069,17.829162],[99.994162,17.830898],[100.006571,17.836685],[100.010348,17.833213],[100.015852,17.836338],[100.033549,17.843398],[100.046066,17.84606],[100.050706,17.838768],[100.057181,17.83356],[100.062792,17.840273],[100.075634,17.838305],[100.081137,17.842935],[100.088043,17.842472],[100.089338,17.846986],[100.095273,17.851037],[100.100237,17.847449],[100.110165,17.850227],[100.113078,17.854856],[100.119769,17.858676],[100.124948,17.858791],[100.129588,17.856477],[100.144156,17.866777],[100.146638,17.87106],[100.153328,17.877425],[100.158616,17.88437],[100.158508,17.887611],[100.166278,17.892009],[100.168652,17.890851],[100.189046,17.904277],[100.195953,17.90636],[100.197248,17.910411],[100.202751,17.917934],[100.208578,17.917356],[100.21516,17.921059],[100.215053,17.927888],[100.220232,17.93842],[100.225412,17.939346],[100.225844,17.949068],[100.231347,17.9493],[100.235016,17.955203],[100.239764,17.956129],[100.246023,17.961453],[100.252821,17.960874],[100.261777,17.953467],[100.268899,17.954277],[100.276129,17.957633],[100.279798,17.957402],[100.286381,17.949068],[100.287244,17.937147],[100.299438,17.938999],[100.306776,17.933444],[100.309042,17.92812],[100.308826,17.920249],[100.311955,17.916777],[100.313034,17.909254],[100.317243,17.908907],[100.32512,17.896638],[100.333645,17.889462],[100.343465,17.897333],[100.342817,17.900573],[100.34886,17.909254],[100.347997,17.915851],[100.353608,17.920828],[100.358248,17.92268],[100.359759,17.927425],[100.358572,17.93217],[100.360083,17.936337],[100.354687,17.94305],[100.356414,17.962957],[100.350371,17.983212],[100.355982,17.985295],[100.364939,17.991198],[100.369255,17.995943],[100.379183,18.003929],[100.381557,18.011568],[100.388139,18.014693],[100.393859,18.020943],[100.400657,18.020943],[100.408534,18.023952],[100.414361,18.021753],[100.417815,18.030202],[100.415872,18.036915],[100.408642,18.047216],[100.409182,18.057054],[100.403786,18.06423],[100.409829,18.075109],[100.400981,18.083327],[100.395909,18.085757],[100.396556,18.096174],[100.400009,18.100456],[100.397528,18.107979],[100.393535,18.112956],[100.39224,18.118396],[100.396448,18.127655],[100.39947,18.13784],[100.410045,18.141544],[100.414038,18.149183],[100.414361,18.153581],[100.421376,18.153928],[100.435835,18.152308],[100.440368,18.152887],[100.44695,18.158558],[100.448245,18.166428],[100.452453,18.173141],[100.451482,18.183558],[100.455583,18.190849],[100.460007,18.1949],[100.457525,18.2074],[100.454072,18.214576],[100.458604,18.217354],[100.461734,18.222909],[100.461194,18.230085],[100.467885,18.237145],[100.4681,18.2449],[100.470043,18.246057],[100.472633,18.255548],[100.47587,18.257747],[100.475654,18.26365],[100.478352,18.267585],[100.485042,18.270478],[100.486445,18.273835],[100.493675,18.277886],[100.492164,18.284714],[100.488927,18.285177],[100.483531,18.290038],[100.483423,18.295594],[100.486337,18.298372],[100.482344,18.305548],[100.479862,18.318511],[100.49292,18.336682],[100.4872,18.342237],[100.482884,18.342006],[100.482992,18.350339],[100.497883,18.353001],[100.505653,18.362492],[100.50684,18.371982],[100.510617,18.376496],[100.510293,18.381589],[100.513422,18.388533],[100.517091,18.392237],[100.527451,18.390501],[100.536407,18.390848],[100.541479,18.4052],[100.545364,18.406473],[100.547738,18.414112],[100.550651,18.417005],[100.551191,18.429852],[100.548169,18.432051],[100.547845,18.443162],[100.550651,18.449297],[100.546658,18.465269],[100.543853,18.472213],[100.541802,18.489227],[100.536839,18.49131],[100.532846,18.486102],[100.524429,18.482861],[100.523782,18.480084],[100.516875,18.475454],[100.512883,18.476727],[100.506084,18.473023],[100.5022,18.47557],[100.493999,18.474065],[100.481913,18.482398],[100.472848,18.492352],[100.460115,18.4905],[100.454612,18.496056],[100.445547,18.495361],[100.444468,18.489921],[100.438965,18.495245],[100.436807,18.501958],[100.428498,18.497329],[100.421699,18.495593],[100.418354,18.490153],[100.418786,18.486102],[100.414685,18.480547],[100.411124,18.483671],[100.399254,18.485755],[100.400441,18.492583],[100.397635,18.495245],[100.396448,18.501958],[100.392348,18.508556],[100.386844,18.513301],[100.395693,18.528231],[100.395369,18.532977],[100.386844,18.542699],[100.3876,18.558324],[100.380802,18.56087],[100.370982,18.567467],[100.376161,18.575222],[100.377672,18.585986],[100.376701,18.592467],[100.378104,18.598486],[100.378212,18.613185],[100.381233,18.617351],[100.381125,18.622212],[100.384686,18.62499],[100.391808,18.626842],[100.392672,18.638416],[100.386844,18.639342],[100.375082,18.637027],[100.368068,18.63911],[100.365047,18.643508],[100.361054,18.644203],[100.35922,18.649064],[100.359651,18.658439],[100.354256,18.662027],[100.357493,18.666888],[100.354687,18.669203],[100.354364,18.67418],[100.351558,18.680545],[100.358896,18.68992],[100.360083,18.699064],[100.363968,18.704388],[100.36332,18.707165],[100.37055,18.709827],[100.377348,18.718739],[100.37778,18.722675],[100.382852,18.726378],[100.388355,18.727536],[100.387384,18.731702],[100.391377,18.739457],[100.383823,18.73911],[100.37368,18.740961],[100.369255,18.745244],[100.36537,18.745938],[100.358248,18.750568],[100.357385,18.760753],[100.361054,18.767003],[100.359112,18.772327],[100.362349,18.777998],[100.35609,18.784595],[100.348429,18.7861],[100.341415,18.784711],[100.337098,18.78691],[100.336235,18.795706],[100.340335,18.805892]]]}},{"type":"Feature","id":"TH55","bbox":[100.336127,18.013767,101.354361,19.634937],"properties":{"ADM1_PCODE":"TH55","ADM1_TH":"น่าน","ADM1_EN":"Nan"},"geometry":{"type":"Polygon","coordinates":[[[101.08545,18.38101],[101.083292,18.383325],[101.082645,18.392584],[101.084156,18.395593],[101.077249,18.407399],[101.069372,18.409714],[101.064624,18.416658],[101.058689,18.422445],[101.052646,18.42557],[101.056207,18.434366],[101.054049,18.441195],[101.057826,18.44513],[101.06743,18.460176],[101.07207,18.461912],[101.074336,18.466195],[101.081674,18.472445],[101.082429,18.475338],[101.091709,18.477769],[101.094083,18.481935],[101.091278,18.491426],[101.091709,18.499412],[101.09786,18.501843],[101.09991,18.512375],[101.104874,18.522213],[101.108435,18.525222],[101.115773,18.526727],[101.129046,18.524412],[101.138542,18.527305],[101.142211,18.537838],[101.14847,18.542236],[101.148362,18.551958],[101.15721,18.555315],[101.160987,18.55462],[101.170915,18.557051],[101.175339,18.559828],[101.179871,18.558208],[101.183324,18.560986],[101.181922,18.565847],[101.184403,18.570476],[101.186562,18.580893],[101.180303,18.587953],[101.182461,18.602768],[101.179548,18.605198],[101.182137,18.611448],[101.189259,18.614689],[101.200158,18.616194],[101.204259,18.618277],[101.214186,18.619203],[101.218827,18.624296],[101.226704,18.624527],[101.239006,18.636564],[101.24289,18.641541],[101.241595,18.651263],[101.250012,18.656587],[101.253789,18.665383],[101.25789,18.66874],[101.258861,18.677189],[101.266199,18.682976],[101.26717,18.686216],[101.27235,18.687721],[101.270947,18.693392],[101.264904,18.699874],[101.260048,18.701031],[101.256919,18.705892],[101.253142,18.706008],[101.249365,18.710175],[101.245049,18.711795],[101.234473,18.712142],[101.232639,18.717119],[101.233502,18.72198],[101.227783,18.726031],[101.224438,18.733554],[101.235445,18.740267],[101.23879,18.752535],[101.237927,18.754966],[101.240408,18.764804],[101.244725,18.770475],[101.251631,18.770707],[101.249257,18.775336],[101.252063,18.784943],[101.249365,18.792003],[101.252386,18.796401],[101.254329,18.803808],[101.258429,18.808438],[101.252818,18.815151],[101.247531,18.818739],[101.247638,18.825567],[101.245588,18.827998],[101.245588,18.836794],[101.254653,18.847095],[101.252386,18.854502],[101.254437,18.864572],[101.248933,18.876956],[101.247099,18.891308],[101.254005,18.906122],[101.26458,18.910289],[101.27386,18.916308],[101.275695,18.920011],[101.274292,18.930081],[101.279256,18.931585],[101.282062,18.935752],[101.287349,18.934594],[101.294471,18.938067],[101.296521,18.945821],[101.293824,18.95184],[101.296521,18.955659],[101.292637,18.966423],[101.293932,18.972441],[101.291665,18.977534],[101.293284,18.982048],[101.299327,18.986215],[101.30537,18.988414],[101.306233,18.996978],[101.310334,19.002418],[101.313463,19.001492],[101.325873,19.002071],[101.336124,19.004154],[101.339793,19.010173],[101.34098,19.021862],[101.345189,19.024987],[101.348534,19.031816],[101.354361,19.047672],[101.3508,19.052186],[101.347886,19.059131],[101.344325,19.061677],[101.339361,19.070357],[101.334182,19.068043],[101.331484,19.072094],[101.326844,19.072672],[101.325333,19.080658],[101.315513,19.080311],[101.304399,19.089686],[101.297601,19.093737],[101.29814,19.096978],[101.294363,19.103691],[101.289184,19.104501],[101.285299,19.109941],[101.272134,19.113991],[101.265875,19.117579],[101.25994,19.124061],[101.256703,19.12464],[101.254329,19.132394],[101.258645,19.139454],[101.25789,19.149292],[101.254437,19.154616],[101.252386,19.167463],[101.253142,19.17082],[101.24861,19.174292],[101.245696,19.179153],[101.247207,19.184477],[101.252063,19.190611],[101.252494,19.199292],[101.250552,19.205426],[101.25325,19.209708],[101.254329,19.220935],[101.259724,19.229731],[101.255408,19.234708],[101.25325,19.240148],[101.248825,19.245935],[101.247854,19.256352],[101.243106,19.264569],[101.239653,19.279037],[101.239869,19.284245],[101.229294,19.297787],[101.227567,19.309824],[101.231452,19.318388],[101.236632,19.323365],[101.241919,19.325564],[101.233179,19.334939],[101.230697,19.344314],[101.218071,19.345819],[101.205554,19.349754],[101.204583,19.357508],[101.197892,19.371976],[101.190878,19.3773],[101.190554,19.385402],[101.188504,19.389568],[101.187641,19.400332],[101.194763,19.405309],[101.199295,19.406351],[101.203935,19.415263],[101.206957,19.416999],[101.209223,19.424059],[101.215373,19.431698],[101.21041,19.437832],[101.212676,19.444661],[101.208251,19.448827],[101.209115,19.454846],[101.205446,19.457855],[101.211489,19.464799],[101.21041,19.472438],[101.213647,19.475563],[101.217208,19.472322],[101.223035,19.471859],[101.23156,19.477184],[101.243106,19.472207],[101.255516,19.47348],[101.264472,19.469545],[101.26976,19.485285],[101.26717,19.489452],[101.268681,19.500679],[101.267602,19.503688],[101.272134,19.511095],[101.274832,19.512368],[101.278069,19.520355],[101.285407,19.526952],[101.284867,19.534243],[101.280659,19.537253],[101.274184,19.549405],[101.2744,19.552183],[101.28368,19.561674],[101.287349,19.569776],[101.280982,19.576488],[101.280659,19.582507],[101.273537,19.587599],[101.264904,19.590956],[101.26199,19.593502],[101.255408,19.591187],[101.246128,19.596048],[101.244293,19.603456],[101.228107,19.602877],[101.22487,19.605423],[101.216237,19.60253],[101.20577,19.605192],[101.201777,19.591535],[101.203503,19.586789],[101.197568,19.577183],[101.191525,19.576836],[101.184296,19.579613],[101.179548,19.57834],[101.170052,19.586326],[101.166922,19.581581],[101.153865,19.581812],[101.146204,19.577646],[101.139945,19.57915],[101.127535,19.575447],[101.122895,19.5729],[101.118579,19.575331],[101.11642,19.583896],[101.112859,19.585632],[101.106924,19.584822],[101.100558,19.586326],[101.097321,19.584474],[101.091385,19.587368],[101.090091,19.596859],[101.07876,19.60496],[101.070019,19.602993],[101.062142,19.619544],[101.055344,19.621974],[101.049517,19.621048],[101.042718,19.625446],[101.038078,19.624983],[101.035057,19.629034],[101.024374,19.630655],[101.020381,19.624289],[101.014338,19.620122],[101.006892,19.623826],[101.001173,19.622321],[100.999231,19.626141],[100.985418,19.625794],[100.982936,19.627298],[100.971822,19.619544],[100.963189,19.624405],[100.957578,19.625099],[100.947758,19.624058],[100.93783,19.625446],[100.934701,19.622437],[100.929953,19.626025],[100.921212,19.624868],[100.91668,19.621627],[100.913551,19.626951],[100.897904,19.634937],[100.894127,19.634474],[100.888731,19.628224],[100.886789,19.618618],[100.881825,19.605771],[100.877509,19.600794],[100.872329,19.599868],[100.869092,19.59003],[100.865207,19.58922],[100.864883,19.58459],[100.858193,19.582854],[100.860135,19.573595],[100.853661,19.570007],[100.84956,19.56966],[100.84028,19.558896],[100.83823,19.55253],[100.834777,19.551257],[100.831863,19.545354],[100.826684,19.543271],[100.82582,19.538989],[100.819238,19.533665],[100.81654,19.5251],[100.808231,19.521165],[100.80262,19.515609],[100.796253,19.514452],[100.790534,19.510169],[100.784059,19.501373],[100.779203,19.492924],[100.775534,19.492114],[100.77165,19.4876],[100.766686,19.490146],[100.765283,19.499869],[100.756434,19.504845],[100.759672,19.509244],[100.757298,19.512021],[100.752658,19.510748],[100.741651,19.516304],[100.740572,19.520586],[100.734853,19.52128],[100.729349,19.526373],[100.722119,19.526952],[100.714458,19.531003],[100.71122,19.531003],[100.706904,19.536095],[100.702264,19.534591],[100.694279,19.535748],[100.69212,19.53922],[100.685214,19.541651],[100.682516,19.544891],[100.674747,19.54709],[100.672805,19.549521],[100.665683,19.549752],[100.661798,19.547669],[100.651546,19.55716],[100.644424,19.554729],[100.636007,19.556465],[100.629857,19.556002],[100.612807,19.550678],[100.607951,19.54709],[100.610972,19.536211],[100.602556,19.529267],[100.601045,19.515493],[100.598671,19.510054],[100.598995,19.498248],[100.603311,19.485517],[100.602556,19.479267],[100.597376,19.476952],[100.587124,19.474869],[100.582916,19.475216],[100.571262,19.463526],[100.569535,19.458318],[100.565327,19.45392],[100.564787,19.436212],[100.546551,19.420934],[100.539968,19.416073],[100.529609,19.41179],[100.526264,19.408897],[100.517847,19.405888],[100.508566,19.406003],[100.505977,19.402994],[100.491948,19.398712],[100.488064,19.399522],[100.489251,19.388064],[100.484826,19.383087],[100.49292,19.381004],[100.495617,19.378689],[100.495833,19.371629],[100.505329,19.371166],[100.519465,19.380656],[100.525832,19.371744],[100.533601,19.367925],[100.531119,19.35311],[100.53522,19.350448],[100.546119,19.348944],[100.553888,19.340726],[100.560255,19.340842],[100.558528,19.335055],[100.559392,19.328805],[100.557989,19.323018],[100.565219,19.310749],[100.570938,19.304615],[100.586261,19.31399],[100.591009,19.320703],[100.590793,19.325564],[100.598671,19.327185],[100.608491,19.334013],[100.613778,19.327763],[100.616368,19.320009],[100.612699,19.316999],[100.611296,19.300912],[100.610109,19.296629],[100.611836,19.288412],[100.609785,19.280078],[100.607627,19.277995],[100.604282,19.26862],[100.605685,19.264801],[100.604822,19.256815],[100.600289,19.252764],[100.601261,19.249523],[100.610001,19.23737],[100.611296,19.233204],[100.616584,19.227185],[100.61572,19.223481],[100.618742,19.213759],[100.621763,19.199523],[100.618202,19.19281],[100.617987,19.182278],[100.625864,19.171283],[100.625432,19.166537],[100.628238,19.159593],[100.628778,19.151144],[100.624893,19.145473],[100.622519,19.134825],[100.625972,19.123251],[100.621763,19.110172],[100.608922,19.10288],[100.599966,19.104154],[100.593923,19.101607],[100.591117,19.098019],[100.580434,19.098019],[100.580218,19.102417],[100.57288,19.104269],[100.56878,19.099408],[100.568564,19.092927],[100.57137,19.091885],[100.5636,19.079269],[100.565866,19.072788],[100.57288,19.069895],[100.581082,19.06376],[100.581945,19.061098],[100.589498,19.054964],[100.593491,19.054038],[100.598995,19.049524],[100.609246,19.046284],[100.613886,19.042927],[100.619282,19.034247],[100.614318,19.028923],[100.609893,19.026724],[100.603635,19.020474],[100.590901,19.027881],[100.587017,19.027765],[100.58324,19.031122],[100.570938,19.030311],[100.565866,19.031353],[100.561874,19.03471],[100.556802,19.044779],[100.547738,19.040612],[100.541695,19.046862],[100.535328,19.045705],[100.531443,19.041307],[100.521839,19.044316],[100.513854,19.04501],[100.51094,19.048598],[100.49443,19.052418],[100.49292,19.0442],[100.490006,19.040265],[100.485582,19.039455],[100.476194,19.02302],[100.46605,19.017812],[100.464431,19.014802],[100.455151,19.007048],[100.459683,19.002881],[100.485474,19.002071],[100.495941,18.997441],[100.504574,18.995242],[100.501444,18.989802],[100.498962,18.979154],[100.491301,18.974178],[100.490006,18.969895],[100.481265,18.965729],[100.480294,18.95971],[100.482668,18.953923],[100.479755,18.950104],[100.474359,18.949293],[100.458604,18.942581],[100.455907,18.936331],[100.451374,18.935173],[100.443281,18.943275],[100.433353,18.946284],[100.428929,18.945243],[100.424397,18.948252],[100.416088,18.945243],[100.405189,18.94478],[100.407347,18.937025],[100.405189,18.934363],[100.398715,18.932511],[100.3917,18.926956],[100.391592,18.909132],[100.388139,18.900104],[100.388247,18.893507],[100.38242,18.885289],[100.375946,18.880544],[100.371413,18.874525],[100.366989,18.871863],[100.362996,18.860868],[100.366342,18.853576],[100.363968,18.848484],[100.357061,18.84316],[100.346918,18.833206],[100.347889,18.829387],[100.336127,18.819433],[100.345084,18.813993],[100.340335,18.805892],[100.336235,18.795706],[100.337098,18.78691],[100.341415,18.784711],[100.348429,18.7861],[100.35609,18.784595],[100.362349,18.777998],[100.359112,18.772327],[100.361054,18.767003],[100.357385,18.760753],[100.358248,18.750568],[100.36537,18.745938],[100.369255,18.745244],[100.37368,18.740961],[100.383823,18.73911],[100.391377,18.739457],[100.387384,18.731702],[100.388355,18.727536],[100.382852,18.726378],[100.37778,18.722675],[100.377348,18.718739],[100.37055,18.709827],[100.36332,18.707165],[100.363968,18.704388],[100.360083,18.699064],[100.358896,18.68992],[100.351558,18.680545],[100.354364,18.67418],[100.354687,18.669203],[100.357493,18.666888],[100.354256,18.662027],[100.359651,18.658439],[100.35922,18.649064],[100.361054,18.644203],[100.365047,18.643508],[100.368068,18.63911],[100.375082,18.637027],[100.386844,18.639342],[100.392672,18.638416],[100.391808,18.626842],[100.384686,18.62499],[100.381125,18.622212],[100.381233,18.617351],[100.378212,18.613185],[100.378104,18.598486],[100.376701,18.592467],[100.377672,18.585986],[100.376161,18.575222],[100.370982,18.567467],[100.380802,18.56087],[100.3876,18.558324],[100.386844,18.542699],[100.395369,18.532977],[100.395693,18.528231],[100.386844,18.513301],[100.392348,18.508556],[100.396448,18.501958],[100.397635,18.495245],[100.400441,18.492583],[100.399254,18.485755],[100.411124,18.483671],[100.414685,18.480547],[100.418786,18.486102],[100.418354,18.490153],[100.421699,18.495593],[100.428498,18.497329],[100.436807,18.501958],[100.438965,18.495245],[100.444468,18.489921],[100.445547,18.495361],[100.454612,18.496056],[100.460115,18.4905],[100.472848,18.492352],[100.481913,18.482398],[100.493999,18.474065],[100.5022,18.47557],[100.506084,18.473023],[100.512883,18.476727],[100.516875,18.475454],[100.523782,18.480084],[100.524429,18.482861],[100.532846,18.486102],[100.536839,18.49131],[100.541802,18.489227],[100.543853,18.472213],[100.546658,18.465269],[100.550651,18.449297],[100.547845,18.443162],[100.548169,18.432051],[100.551191,18.429852],[100.550651,18.417005],[100.547738,18.414112],[100.545364,18.406473],[100.541479,18.4052],[100.536407,18.390848],[100.527451,18.390501],[100.517091,18.392237],[100.513422,18.388533],[100.510293,18.381589],[100.510617,18.376496],[100.50684,18.371982],[100.505653,18.362492],[100.497883,18.353001],[100.482992,18.350339],[100.482884,18.342006],[100.4872,18.342237],[100.49292,18.336682],[100.479862,18.318511],[100.482344,18.305548],[100.486337,18.298372],[100.483423,18.295594],[100.483531,18.290038],[100.488927,18.285177],[100.492164,18.284714],[100.493675,18.277886],[100.486445,18.273835],[100.485042,18.270478],[100.478352,18.267585],[100.475654,18.26365],[100.47587,18.257747],[100.472633,18.255548],[100.470043,18.246057],[100.4681,18.2449],[100.467885,18.237145],[100.461194,18.230085],[100.461734,18.222909],[100.458604,18.217354],[100.454072,18.214576],[100.457525,18.2074],[100.460007,18.1949],[100.455583,18.190849],[100.451482,18.183558],[100.452453,18.173141],[100.448245,18.166428],[100.44695,18.158558],[100.440368,18.152887],[100.435835,18.152308],[100.421376,18.153928],[100.414361,18.153581],[100.414038,18.149183],[100.410045,18.141544],[100.39947,18.13784],[100.396448,18.127655],[100.39224,18.118396],[100.393535,18.112956],[100.397528,18.107979],[100.400009,18.100456],[100.396556,18.096174],[100.395909,18.085757],[100.400981,18.083327],[100.409829,18.075109],[100.403786,18.06423],[100.409182,18.057054],[100.408642,18.047216],[100.415872,18.036915],[100.417815,18.030202],[100.414361,18.021753],[100.421483,18.013767],[100.427203,18.01585],[100.433677,18.020249],[100.446411,18.025457],[100.44695,18.029508],[100.451806,18.034485],[100.453317,18.039346],[100.463568,18.045017],[100.47123,18.044438],[100.479862,18.054739],[100.482236,18.055549],[100.493783,18.052887],[100.498962,18.050457],[100.503279,18.05335],[100.508458,18.047795],[100.515473,18.044554],[100.527882,18.041776],[100.53522,18.038767],[100.540076,18.041313],[100.557989,18.032749],[100.562197,18.033443],[100.567053,18.037494],[100.573852,18.036452],[100.577844,18.043744],[100.580326,18.044091],[100.589606,18.039924],[100.600613,18.044323],[100.607196,18.049531],[100.610109,18.049994],[100.622735,18.044091],[100.630936,18.044554],[100.656618,18.038767],[100.668812,18.042355],[100.680574,18.034253],[100.682516,18.029508],[100.686077,18.030665],[100.688667,18.026846],[100.698811,18.027424],[100.705393,18.026499],[100.70917,18.031012],[100.716076,18.030665],[100.725033,18.032749],[100.730644,18.029855],[100.74068,18.028235],[100.744457,18.029508],[100.756111,18.02835],[100.767225,18.025457],[100.774347,18.029276],[100.785462,18.043512],[100.790642,18.04629],[100.800354,18.053813],[100.807152,18.064577],[100.808663,18.076267],[100.819777,18.083095],[100.822907,18.080549],[100.830892,18.081938],[100.843302,18.079507],[100.849668,18.082169],[100.848913,18.087146],[100.850855,18.093049],[100.854632,18.097563],[100.855819,18.102308],[100.866178,18.113766],[100.873732,18.117933],[100.874595,18.122563],[100.871574,18.126614],[100.872977,18.139114],[100.880638,18.146637],[100.901681,18.152655],[100.913551,18.160062],[100.909018,18.165502],[100.905781,18.177423],[100.908695,18.188535],[100.907616,18.193974],[100.914522,18.200109],[100.918299,18.200803],[100.924773,18.208326],[100.925313,18.212493],[100.922507,18.216312],[100.918083,18.217585],[100.913335,18.223488],[100.912256,18.227423],[100.915817,18.231821],[100.920349,18.243395],[100.926284,18.250803],[100.929953,18.250687],[100.939557,18.254391],[100.947111,18.264807],[100.963405,18.278233],[100.965023,18.282863],[100.970743,18.288534],[100.973764,18.293858],[100.97916,18.298835],[100.978944,18.304969],[100.983368,18.307978],[100.999231,18.309367],[101.005705,18.318048],[101.01736,18.321404],[101.02351,18.325918],[101.028582,18.332862],[101.034409,18.333788],[101.03851,18.338186],[101.04315,18.339691],[101.046064,18.345825],[101.051567,18.349066],[101.055667,18.355663],[101.065919,18.35601],[101.07358,18.359251],[101.076926,18.365154],[101.082105,18.370594],[101.082105,18.374876],[101.08545,18.38101]]]}},{"type":"Feature","id":"TH56","bbox":[99.682519,18.805892,100.628778,19.735978],"properties":{"ADM1_PCODE":"TH56","ADM1_TH":"พะเยา","ADM1_EN":"Phayao"},"geometry":{"type":"Polygon","coordinates":[[[100.598671,19.510054],[100.593707,19.50635],[100.589283,19.506466],[100.580758,19.49929],[100.574499,19.499637],[100.56824,19.506234],[100.557449,19.510517],[100.548817,19.520007],[100.544608,19.519776],[100.534357,19.524521],[100.524969,19.519429],[100.520005,19.522554],[100.513314,19.523711],[100.507703,19.532854],[100.50166,19.53841],[100.487524,19.542924],[100.4831,19.548827],[100.481697,19.560053],[100.489682,19.568734],[100.491625,19.57672],[100.490869,19.582044],[100.484287,19.587137],[100.487092,19.594081],[100.482129,19.604382],[100.482992,19.610285],[100.477057,19.613641],[100.468316,19.614798],[100.460115,19.618965],[100.456878,19.627877],[100.447166,19.629034],[100.443281,19.634474],[100.44231,19.64327],[100.4449,19.649057],[100.443173,19.652645],[100.443929,19.662368],[100.439828,19.666534],[100.427742,19.673016],[100.430656,19.684705],[100.437238,19.696742],[100.444468,19.703224],[100.445871,19.707043],[100.43972,19.712136],[100.437778,19.719543],[100.430656,19.721858],[100.424937,19.728802],[100.418678,19.729149],[100.416735,19.732159],[100.406592,19.735978],[100.40357,19.731464],[100.396017,19.728802],[100.390082,19.720816],[100.38965,19.715145],[100.38555,19.710515],[100.373464,19.708085],[100.360191,19.715839],[100.356414,19.711673],[100.35145,19.715145],[100.33699,19.708663],[100.333645,19.702645],[100.341415,19.687483],[100.33289,19.681349],[100.327386,19.668039],[100.321451,19.658201],[100.317782,19.649752],[100.310876,19.646048],[100.302891,19.645007],[100.294042,19.645701],[100.290481,19.642692],[100.283791,19.643618],[100.275806,19.650678],[100.274403,19.646048],[100.268576,19.645354],[100.261669,19.648942],[100.257461,19.64327],[100.2539,19.64165],[100.252497,19.634937],[100.246994,19.634358],[100.239872,19.626025],[100.235663,19.616882],[100.234368,19.610747],[100.229189,19.605886],[100.22239,19.610285],[100.218074,19.610979],[100.213973,19.608201],[100.207607,19.607275],[100.203722,19.610632],[100.197032,19.609243],[100.188291,19.609474],[100.181816,19.613757],[100.179335,19.610053],[100.168328,19.60253],[100.17232,19.598942],[100.169299,19.58841],[100.165306,19.585979],[100.167788,19.578572],[100.162285,19.573942],[100.164767,19.562021],[100.162285,19.555771],[100.163688,19.547322],[100.161745,19.542461],[100.155271,19.545354],[100.124732,19.549868],[100.110057,19.552877],[100.090309,19.553225],[100.083619,19.552183],[100.077684,19.546975],[100.074339,19.546049],[100.067864,19.540262],[100.069699,19.531929],[100.066677,19.525679],[100.067001,19.517577],[100.065166,19.504035],[100.069806,19.482855],[100.067001,19.47892],[100.065598,19.469776],[100.070238,19.463063],[100.070022,19.455772],[100.065274,19.447554],[100.06495,19.442693],[100.069483,19.440957],[100.072073,19.434128],[100.067756,19.431235],[100.063548,19.434013],[100.050491,19.433434],[100.050706,19.437022],[100.047253,19.443156],[100.038728,19.443156],[100.0247,19.437022],[100.017794,19.436096],[100.016391,19.438642],[100.009809,19.438642],[100.008622,19.434244],[100.010456,19.430309],[100.002903,19.430309],[99.998155,19.435633],[99.996212,19.430309],[99.991033,19.429499],[99.986284,19.432739],[99.981752,19.429614],[99.973551,19.427647],[99.970314,19.429499],[99.96017,19.427763],[99.947761,19.428573],[99.944092,19.425795],[99.942042,19.419429],[99.935243,19.418388],[99.9292,19.415263],[99.927366,19.411327],[99.91992,19.406351],[99.918086,19.420239],[99.914417,19.432508],[99.906971,19.431582],[99.899094,19.425679],[99.894561,19.437369],[99.888303,19.443387],[99.885929,19.447554],[99.87967,19.449174],[99.877943,19.454036],[99.871145,19.453573],[99.864886,19.446397],[99.852477,19.446628],[99.845139,19.444776],[99.828845,19.445587],[99.819133,19.448827],[99.803486,19.451489],[99.788594,19.451142],[99.775214,19.441767],[99.771113,19.443156],[99.765825,19.44142],[99.754279,19.440494],[99.753092,19.437716],[99.745646,19.432161],[99.739927,19.431003],[99.733345,19.424985],[99.72687,19.425101],[99.723417,19.422786],[99.716835,19.422439],[99.714892,19.419892],[99.705936,19.425216],[99.699353,19.419545],[99.694389,19.420471],[99.682519,19.420008],[99.687267,19.405888],[99.688454,19.393388],[99.693634,19.38274],[99.695684,19.381004],[99.691368,19.360286],[99.694821,19.354499],[99.699461,19.351837],[99.701296,19.346629],[99.707554,19.344314],[99.70831,19.330309],[99.698058,19.30612],[99.698598,19.30149],[99.702051,19.298712],[99.702806,19.285518],[99.705072,19.277879],[99.702159,19.254847],[99.70572,19.249523],[99.70313,19.24443],[99.710468,19.235403],[99.711655,19.225796],[99.714784,19.22163],[99.714137,19.21237],[99.71964,19.205773],[99.72223,19.198597],[99.721798,19.192695],[99.726223,19.187718],[99.728381,19.181815],[99.726223,19.169894],[99.73356,19.16619],[99.738416,19.159824],[99.74187,19.15288],[99.743164,19.142811],[99.750934,19.137602],[99.758272,19.134593],[99.759243,19.128922],[99.757408,19.122325],[99.760214,19.115149],[99.762264,19.104501],[99.765178,19.096515],[99.763343,19.091306],[99.769386,19.077765],[99.774242,19.076029],[99.773271,19.064223],[99.78212,19.059362],[99.783307,19.055427],[99.789565,19.055774],[99.79604,19.053228],[99.799601,19.056469],[99.812442,19.058321],[99.815788,19.062719],[99.819672,19.061214],[99.819025,19.054038],[99.82183,19.047788],[99.827226,19.042117],[99.832513,19.040265],[99.830032,19.032626],[99.835103,19.026376],[99.833916,19.016654],[99.829168,19.012487],[99.830679,19.008205],[99.838556,19.001608],[99.844923,19.004154],[99.853448,19.002997],[99.856793,19.000451],[99.872656,18.996631],[99.876433,18.999872],[99.882583,18.999872],[99.88431,18.993738],[99.889921,18.987835],[99.892295,18.989224],[99.901791,18.98633],[99.905892,18.982742],[99.911611,18.987951],[99.914525,18.982974],[99.926179,18.978807],[99.927042,18.974293],[99.934164,18.967349],[99.939991,18.95971],[99.943337,18.94802],[99.94679,18.942465],[99.952401,18.938067],[99.953588,18.93471],[99.965026,18.928229],[99.965782,18.925104],[99.976788,18.918507],[99.978947,18.920243],[99.988874,18.913414],[99.996212,18.905081],[100.001823,18.907511],[100.008622,18.904386],[100.016499,18.895937],[100.022758,18.895474],[100.033333,18.902419],[100.03711,18.897905],[100.039592,18.890613],[100.043261,18.889803],[100.045203,18.885058],[100.052001,18.885058],[100.056102,18.880775],[100.062037,18.878461],[100.065922,18.867928],[100.070346,18.865266],[100.069699,18.85728],[100.066677,18.85103],[100.069051,18.848831],[100.06808,18.842813],[100.064411,18.840961],[100.061821,18.835521],[100.061821,18.828924],[100.065922,18.827882],[100.065922,18.817581],[100.068943,18.816308],[100.077144,18.820012],[100.080489,18.82441],[100.087827,18.827304],[100.100992,18.813878],[100.10628,18.813646],[100.114049,18.808554],[100.11761,18.819665],[100.13412,18.817581],[100.138653,18.823831],[100.144372,18.82441],[100.153652,18.830081],[100.157105,18.834132],[100.159587,18.827304],[100.165414,18.819086],[100.17232,18.813762],[100.175666,18.813299],[100.187212,18.819086],[100.198435,18.814572],[100.20847,18.818739],[100.215916,18.818392],[100.221743,18.820822],[100.226059,18.825567],[100.23426,18.8236],[100.240843,18.819665],[100.245807,18.822211],[100.257461,18.821054],[100.26318,18.81897],[100.27246,18.818739],[100.278288,18.821054],[100.289078,18.818044],[100.305373,18.816771],[100.313466,18.810058],[100.318214,18.811794],[100.325444,18.810637],[100.330839,18.813299],[100.338393,18.813183],[100.340335,18.805892],[100.345084,18.813993],[100.336127,18.819433],[100.347889,18.829387],[100.346918,18.833206],[100.357061,18.84316],[100.363968,18.848484],[100.366342,18.853576],[100.362996,18.860868],[100.366989,18.871863],[100.371413,18.874525],[100.375946,18.880544],[100.38242,18.885289],[100.388247,18.893507],[100.388139,18.900104],[100.391592,18.909132],[100.3917,18.926956],[100.398715,18.932511],[100.405189,18.934363],[100.407347,18.937025],[100.405189,18.94478],[100.416088,18.945243],[100.424397,18.948252],[100.428929,18.945243],[100.433353,18.946284],[100.443281,18.943275],[100.451374,18.935173],[100.455907,18.936331],[100.458604,18.942581],[100.474359,18.949293],[100.479755,18.950104],[100.482668,18.953923],[100.480294,18.95971],[100.481265,18.965729],[100.490006,18.969895],[100.491301,18.974178],[100.498962,18.979154],[100.501444,18.989802],[100.504574,18.995242],[100.495941,18.997441],[100.485474,19.002071],[100.459683,19.002881],[100.455151,19.007048],[100.464431,19.014802],[100.46605,19.017812],[100.476194,19.02302],[100.485582,19.039455],[100.490006,19.040265],[100.49292,19.0442],[100.49443,19.052418],[100.51094,19.048598],[100.513854,19.04501],[100.521839,19.044316],[100.531443,19.041307],[100.535328,19.045705],[100.541695,19.046862],[100.547738,19.040612],[100.556802,19.044779],[100.561874,19.03471],[100.565866,19.031353],[100.570938,19.030311],[100.58324,19.031122],[100.587017,19.027765],[100.590901,19.027881],[100.603635,19.020474],[100.609893,19.026724],[100.614318,19.028923],[100.619282,19.034247],[100.613886,19.042927],[100.609246,19.046284],[100.598995,19.049524],[100.593491,19.054038],[100.589498,19.054964],[100.581945,19.061098],[100.581082,19.06376],[100.57288,19.069895],[100.565866,19.072788],[100.5636,19.079269],[100.57137,19.091885],[100.568564,19.092927],[100.56878,19.099408],[100.57288,19.104269],[100.580218,19.102417],[100.580434,19.098019],[100.591117,19.098019],[100.593923,19.101607],[100.599966,19.104154],[100.608922,19.10288],[100.621763,19.110172],[100.625972,19.123251],[100.622519,19.134825],[100.624893,19.145473],[100.628778,19.151144],[100.628238,19.159593],[100.625432,19.166537],[100.625864,19.171283],[100.617987,19.182278],[100.618202,19.19281],[100.621763,19.199523],[100.618742,19.213759],[100.61572,19.223481],[100.616584,19.227185],[100.611296,19.233204],[100.610001,19.23737],[100.601261,19.249523],[100.600289,19.252764],[100.604822,19.256815],[100.605685,19.264801],[100.604282,19.26862],[100.607627,19.277995],[100.609785,19.280078],[100.611836,19.288412],[100.610109,19.296629],[100.611296,19.300912],[100.612699,19.316999],[100.616368,19.320009],[100.613778,19.327763],[100.608491,19.334013],[100.598671,19.327185],[100.590793,19.325564],[100.591009,19.320703],[100.586261,19.31399],[100.570938,19.304615],[100.565219,19.310749],[100.557989,19.323018],[100.559392,19.328805],[100.558528,19.335055],[100.560255,19.340842],[100.553888,19.340726],[100.546119,19.348944],[100.53522,19.350448],[100.531119,19.35311],[100.533601,19.367925],[100.525832,19.371744],[100.519465,19.380656],[100.505329,19.371166],[100.495833,19.371629],[100.495617,19.378689],[100.49292,19.381004],[100.484826,19.383087],[100.489251,19.388064],[100.488064,19.399522],[100.491948,19.398712],[100.505977,19.402994],[100.508566,19.406003],[100.517847,19.405888],[100.526264,19.408897],[100.529609,19.41179],[100.539968,19.416073],[100.546551,19.420934],[100.564787,19.436212],[100.565327,19.45392],[100.569535,19.458318],[100.571262,19.463526],[100.582916,19.475216],[100.587124,19.474869],[100.597376,19.476952],[100.602556,19.479267],[100.603311,19.485517],[100.598995,19.498248],[100.598671,19.510054]]]}},{"type":"Feature","id":"TH57","bbox":[99.258651,19.000103,100.578168,20.465024],"properties":{"ADM1_PCODE":"TH57","ADM1_TH":"เชียงราย","ADM1_EN":"Chiang Rai"},"geometry":{"type":"Polygon","coordinates":[[[100.406592,19.735978],[100.404542,19.742228],[100.404326,19.753223],[100.407671,19.763293],[100.412743,19.771973],[100.41544,19.780654],[100.418246,19.78401],[100.42785,19.787482],[100.433677,19.787714],[100.438425,19.79107],[100.443173,19.806348],[100.441015,19.808663],[100.444037,19.815607],[100.44436,19.821973],[100.448029,19.824866],[100.447813,19.829612],[100.442634,19.836556],[100.449648,19.84732],[100.461302,19.856463],[100.472309,19.855885],[100.480294,19.859241],[100.486769,19.864797],[100.496265,19.864912],[100.500042,19.868385],[100.501336,19.873477],[100.500797,19.882505],[100.512991,19.89107],[100.51407,19.896625],[100.518926,19.904611],[100.515796,19.909704],[100.520329,19.914681],[100.522487,19.928801],[100.517523,19.935051],[100.517091,19.942921],[100.525832,19.958662],[100.527343,19.969078],[100.529501,19.971856],[100.530688,19.979495],[100.533925,19.987597],[100.538026,19.993847],[100.538673,20.001254],[100.540723,20.002643],[100.543637,20.012018],[100.541802,20.022203],[100.545579,20.026948],[100.551514,20.030652],[100.550867,20.042689],[100.554212,20.04674],[100.553996,20.052758],[100.558205,20.065027],[100.560902,20.077758],[100.560579,20.086092],[100.564356,20.093383],[100.569967,20.098592],[100.568996,20.114679],[100.572125,20.126369],[100.571154,20.136438],[100.572449,20.14373],[100.574931,20.148244],[100.578168,20.168035],[100.568348,20.175211],[100.563816,20.176137],[100.558097,20.174517],[100.55378,20.175674],[100.549788,20.173591],[100.544177,20.166878],[100.538889,20.157272],[100.530688,20.146276],[100.524213,20.14292],[100.513314,20.146045],[100.506408,20.152295],[100.499934,20.161323],[100.497236,20.168961],[100.486445,20.180883],[100.482668,20.182734],[100.479431,20.187711],[100.465618,20.198128],[100.456338,20.199054],[100.454072,20.210049],[100.456446,20.217919],[100.456878,20.226137],[100.452561,20.232387],[100.44749,20.236206],[100.428174,20.247202],[100.419325,20.250674],[100.41544,20.253683],[100.411664,20.260049],[100.407887,20.278451],[100.402383,20.287711],[100.395369,20.294887],[100.393427,20.300558],[100.383391,20.312595],[100.380694,20.320465],[100.380909,20.325558],[100.378104,20.33146],[100.376377,20.339215],[100.376377,20.347548],[100.372493,20.353682],[100.358896,20.356807],[100.359004,20.370696],[100.354687,20.379029],[100.347134,20.384006],[100.330084,20.398705],[100.321343,20.399053],[100.3112,20.401599],[100.302675,20.398242],[100.28692,20.39859],[100.273971,20.40102],[100.26577,20.398937],[100.256058,20.391761],[100.248936,20.383775],[100.247102,20.369423],[100.243001,20.365256],[100.229944,20.358775],[100.226815,20.355997],[100.224117,20.347664],[100.22757,20.33852],[100.228325,20.331229],[100.224657,20.322201],[100.21624,20.313984],[100.204909,20.311669],[100.196061,20.311669],[100.187212,20.308197],[100.175342,20.305303],[100.168544,20.300095],[100.166925,20.296391],[100.169083,20.283544],[100.175126,20.278567],[100.179874,20.267803],[100.179982,20.262595],[100.174155,20.248128],[100.169083,20.244771],[100.153976,20.24454],[100.135523,20.248938],[100.126027,20.249053],[100.112431,20.25079],[100.105524,20.254146],[100.094086,20.265604],[100.09128,20.27116],[100.092036,20.280998],[100.097,20.296275],[100.099374,20.306461],[100.096784,20.31896],[100.08459,20.353451],[100.081784,20.355881],[100.07941,20.364793],[100.08459,20.366993],[100.076821,20.374979],[100.06754,20.374516],[100.063332,20.391182],[100.059555,20.396275],[100.052217,20.392803],[100.04434,20.392455],[100.043261,20.398127],[100.037326,20.395928],[100.034952,20.401252],[100.022758,20.406576],[100.018981,20.411321],[100.007866,20.418844],[100.00409,20.415256],[99.989198,20.424747],[99.98445,20.433659],[99.989522,20.435279],[99.98186,20.441645],[99.978299,20.441992],[99.977652,20.448936],[99.967724,20.456923],[99.96535,20.462362],[99.960494,20.465024],[99.955854,20.464793],[99.95089,20.460973],[99.939775,20.455418],[99.928661,20.45426],[99.922618,20.446506],[99.916143,20.449284],[99.90859,20.449747],[99.890029,20.444886],[99.885713,20.446159],[99.872656,20.44396],[99.864994,20.446159],[99.859491,20.44095],[99.863915,20.43308],[99.859383,20.421275],[99.847513,20.40808],[99.841902,20.40484],[99.838341,20.389678],[99.84093,20.385858],[99.839204,20.373821],[99.833377,20.370349],[99.828521,20.363752],[99.827118,20.35646],[99.824097,20.352062],[99.817298,20.347317],[99.812442,20.342224],[99.810716,20.336321],[99.802299,20.335048],[99.789242,20.336206],[99.776724,20.335164],[99.770466,20.341877],[99.761401,20.342456],[99.757732,20.339446],[99.744136,20.346275],[99.740575,20.345233],[99.730539,20.35021],[99.728381,20.347201],[99.721151,20.345696],[99.716835,20.340141],[99.718669,20.336784],[99.717806,20.328451],[99.713705,20.328335],[99.710468,20.324053],[99.704209,20.326715],[99.698814,20.326715],[99.694281,20.323706],[99.686512,20.321044],[99.681764,20.316414],[99.676584,20.31734],[99.665578,20.326715],[99.661693,20.325789],[99.657161,20.328567],[99.653815,20.334354],[99.649607,20.336206],[99.648959,20.341183],[99.644319,20.343613],[99.641406,20.34153],[99.633528,20.341993],[99.630831,20.337132],[99.623385,20.338405],[99.613673,20.335627],[99.612918,20.332155],[99.59835,20.338173],[99.591767,20.344192],[99.587127,20.34234],[99.576876,20.345002],[99.575797,20.347895],[99.560582,20.352988],[99.557452,20.358081],[99.544611,20.356113],[99.534683,20.356807],[99.525079,20.362942],[99.5199,20.361553],[99.510404,20.368497],[99.509217,20.373242],[99.501771,20.379492],[99.497239,20.385048],[99.488498,20.384006],[99.480189,20.38852],[99.478031,20.391877],[99.472204,20.394423],[99.457744,20.392687],[99.459578,20.385627],[99.457204,20.378798],[99.456881,20.364793],[99.458391,20.361437],[99.464218,20.360048],[99.468427,20.355187],[99.475981,20.3494],[99.487635,20.346275],[99.496375,20.339909],[99.505871,20.326136],[99.509648,20.312826],[99.505871,20.307039],[99.506519,20.301831],[99.505116,20.293729],[99.50954,20.2891],[99.509756,20.284354],[99.512562,20.280998],[99.518065,20.265141],[99.518821,20.259586],[99.515799,20.256345],[99.52141,20.250095],[99.52141,20.239563],[99.523353,20.232387],[99.527238,20.230998],[99.533173,20.232155],[99.541697,20.224517],[99.544395,20.217804],[99.558531,20.213869],[99.561984,20.207271],[99.560474,20.201369],[99.553999,20.188869],[99.55497,20.185281],[99.551086,20.1766],[99.546014,20.173012],[99.540942,20.172086],[99.537921,20.164332],[99.537597,20.147318],[99.528748,20.147318],[99.518713,20.152758],[99.511159,20.151022],[99.512993,20.147434],[99.521518,20.137827],[99.529719,20.13748],[99.546014,20.130883],[99.556589,20.130073],[99.564574,20.12417],[99.568567,20.123591],[99.572883,20.119193],[99.570509,20.107272],[99.564466,20.104379],[99.559179,20.098129],[99.551949,20.104147],[99.546985,20.101485],[99.538352,20.099749],[99.530259,20.093615],[99.517742,20.091647],[99.514181,20.088638],[99.508461,20.088175],[99.502203,20.083082],[99.491196,20.079031],[99.489469,20.072434],[99.492707,20.064217],[99.502958,20.059471],[99.50285,20.054842],[99.498318,20.051948],[99.495512,20.047319],[99.482887,20.038291],[99.475873,20.039217],[99.47242,20.034703],[99.467672,20.033893],[99.469182,20.029379],[99.465945,20.025791],[99.470693,20.022087],[99.472527,20.017805],[99.478355,20.013175],[99.473175,20.011324],[99.465513,20.005421],[99.465298,20.001023],[99.45947,19.996393],[99.460334,19.993152],[99.454399,19.987018],[99.452025,19.980768],[99.442313,19.970236],[99.441881,19.964333],[99.43886,19.961324],[99.427098,19.960745],[99.418249,19.95218],[99.417386,19.943037],[99.415012,19.940375],[99.414688,19.931116],[99.416522,19.924519],[99.420515,19.918037],[99.413393,19.915491],[99.40217,19.914102],[99.398609,19.906347],[99.391164,19.900329],[99.388682,19.90056],[99.382099,19.891301],[99.383502,19.883547],[99.382099,19.878454],[99.386308,19.877065],[99.387495,19.86526],[99.39602,19.856463],[99.411343,19.844658],[99.407998,19.834126],[99.409292,19.829728],[99.41922,19.824519],[99.419976,19.81445],[99.407998,19.812598],[99.402818,19.813524],[99.389437,19.810862],[99.383394,19.811556],[99.378646,19.8082],[99.380912,19.799288],[99.377351,19.797436],[99.377028,19.779149],[99.367424,19.774751],[99.364726,19.764103],[99.36451,19.751372],[99.360409,19.748825],[99.360086,19.743385],[99.362352,19.740376],[99.362028,19.732506],[99.359762,19.726256],[99.348971,19.724636],[99.346597,19.720353],[99.347676,19.71364],[99.343036,19.711673],[99.337317,19.713293],[99.325878,19.71202],[99.313253,19.70739],[99.314008,19.702645],[99.310447,19.70114],[99.302138,19.689914],[99.296851,19.6854],[99.296851,19.682159],[99.286923,19.67533],[99.281636,19.673363],[99.276024,19.668155],[99.264694,19.663756],[99.261996,19.65334],[99.258651,19.650794],[99.25919,19.639798],[99.261456,19.634937],[99.258759,19.631118],[99.266636,19.625331],[99.267823,19.621627],[99.267176,19.610632],[99.275701,19.606928],[99.281528,19.602646],[99.284657,19.603224],[99.29124,19.595933],[99.293074,19.59084],[99.289621,19.586789],[99.289297,19.580655],[99.294693,19.577299],[99.294693,19.567808],[99.296851,19.56422],[99.309692,19.553688],[99.317569,19.553803],[99.320483,19.541766],[99.326202,19.538757],[99.322641,19.535054],[99.313685,19.535054],[99.312282,19.529035],[99.305915,19.526604],[99.303649,19.517808],[99.299333,19.5126],[99.299009,19.506929],[99.294693,19.498595],[99.294908,19.492461],[99.298685,19.487021],[99.306347,19.489683],[99.307534,19.478572],[99.305376,19.474637],[99.310555,19.471281],[99.31703,19.455193],[99.314548,19.452068],[99.308829,19.42892],[99.314332,19.424985],[99.314872,19.418503],[99.319404,19.412253],[99.320483,19.406119],[99.330195,19.398133],[99.324907,19.391536],[99.327281,19.384592],[99.330842,19.381698],[99.329871,19.364684],[99.332677,19.362254],[99.334295,19.348596],[99.333432,19.339453],[99.334943,19.336444],[99.332569,19.3273],[99.327713,19.323712],[99.327281,19.319198],[99.331921,19.310634],[99.332785,19.303574],[99.338396,19.297555],[99.337101,19.285171],[99.342065,19.266074],[99.335914,19.262139],[99.335914,19.254268],[99.332353,19.249754],[99.329008,19.249407],[99.322749,19.240727],[99.32221,19.23413],[99.31703,19.228227],[99.311526,19.225449],[99.310016,19.218273],[99.31185,19.211445],[99.314548,19.209245],[99.308937,19.204963],[99.306455,19.194084],[99.306455,19.186792],[99.304512,19.182972],[99.306347,19.175912],[99.314116,19.171977],[99.319404,19.164801],[99.31962,19.154037],[99.322749,19.147325],[99.324044,19.135635],[99.319188,19.132973],[99.32113,19.124061],[99.325123,19.118968],[99.3289,19.117927],[99.329979,19.11295],[99.337856,19.103806],[99.340662,19.095589],[99.343576,19.093853],[99.344331,19.086445],[99.350913,19.087256],[99.364402,19.08008],[99.364078,19.073135],[99.368826,19.067695],[99.381668,19.065265],[99.384473,19.054964],[99.381883,19.05126],[99.381452,19.041538],[99.385984,19.03876],[99.389869,19.020126],[99.393214,19.020358],[99.396343,19.014802],[99.395912,19.008437],[99.401847,19.000103],[99.4053,19.002071],[99.421702,19.002881],[99.428392,19.008552],[99.436162,19.007858],[99.440155,19.015728],[99.453104,19.02927],[99.464326,19.035173],[99.467995,19.041422],[99.474901,19.04883],[99.476304,19.054964],[99.47911,19.058089],[99.48321,19.071399],[99.492167,19.074408],[99.493894,19.077418],[99.499073,19.074756],[99.504469,19.078344],[99.520223,19.075913],[99.52864,19.076376],[99.535007,19.084941],[99.537273,19.090728],[99.534899,19.09663],[99.539,19.101723],[99.537057,19.10751],[99.54159,19.11376],[99.544611,19.11457],[99.553352,19.122672],[99.553136,19.12626],[99.56015,19.13251],[99.560042,19.143389],[99.554431,19.1442],[99.549683,19.156468],[99.546014,19.15994],[99.538136,19.162139],[99.542453,19.170125],[99.542992,19.180542],[99.545798,19.190959],[99.546122,19.196051],[99.541374,19.206352],[99.544287,19.209593],[99.544827,19.220704],[99.548388,19.223597],[99.547848,19.230194],[99.549791,19.23575],[99.547309,19.240611],[99.552488,19.257162],[99.559071,19.25693],[99.561984,19.264916],[99.560582,19.273134],[99.564898,19.284592],[99.569214,19.288759],[99.57148,19.293851],[99.576876,19.292925],[99.577955,19.297324],[99.576013,19.30531],[99.580437,19.310865],[99.577308,19.316999],[99.579897,19.320472],[99.576121,19.325217],[99.580221,19.331814],[99.5813,19.336907],[99.572775,19.346513],[99.580005,19.350448],[99.580653,19.354962],[99.575365,19.362485],[99.576444,19.374869],[99.575797,19.389684],[99.572236,19.392346],[99.563387,19.404267],[99.562956,19.414221],[99.565438,19.417693],[99.57666,19.409476],[99.584537,19.406003],[99.595544,19.406003],[99.600724,19.402184],[99.605688,19.401605],[99.610759,19.397091],[99.621766,19.389568],[99.628133,19.389684],[99.630183,19.386791],[99.64378,19.387601],[99.66029,19.385402],[99.67475,19.391652],[99.682088,19.391073],[99.683706,19.38274],[99.693634,19.38274],[99.688454,19.393388],[99.687267,19.405888],[99.682519,19.420008],[99.694389,19.420471],[99.699353,19.419545],[99.705936,19.425216],[99.714892,19.419892],[99.716835,19.422439],[99.723417,19.422786],[99.72687,19.425101],[99.733345,19.424985],[99.739927,19.431003],[99.745646,19.432161],[99.753092,19.437716],[99.754279,19.440494],[99.765825,19.44142],[99.771113,19.443156],[99.775214,19.441767],[99.788594,19.451142],[99.803486,19.451489],[99.819133,19.448827],[99.828845,19.445587],[99.845139,19.444776],[99.852477,19.446628],[99.864886,19.446397],[99.871145,19.453573],[99.877943,19.454036],[99.87967,19.449174],[99.885929,19.447554],[99.888303,19.443387],[99.894561,19.437369],[99.899094,19.425679],[99.906971,19.431582],[99.914417,19.432508],[99.918086,19.420239],[99.91992,19.406351],[99.927366,19.411327],[99.9292,19.415263],[99.935243,19.418388],[99.942042,19.419429],[99.944092,19.425795],[99.947761,19.428573],[99.96017,19.427763],[99.970314,19.429499],[99.973551,19.427647],[99.981752,19.429614],[99.986284,19.432739],[99.991033,19.429499],[99.996212,19.430309],[99.998155,19.435633],[100.002903,19.430309],[100.010456,19.430309],[100.008622,19.434244],[100.009809,19.438642],[100.016391,19.438642],[100.017794,19.436096],[100.0247,19.437022],[100.038728,19.443156],[100.047253,19.443156],[100.050706,19.437022],[100.050491,19.433434],[100.063548,19.434013],[100.067756,19.431235],[100.072073,19.434128],[100.069483,19.440957],[100.06495,19.442693],[100.065274,19.447554],[100.070022,19.455772],[100.070238,19.463063],[100.065598,19.469776],[100.067001,19.47892],[100.069806,19.482855],[100.065166,19.504035],[100.067001,19.517577],[100.066677,19.525679],[100.069699,19.531929],[100.067864,19.540262],[100.074339,19.546049],[100.077684,19.546975],[100.083619,19.552183],[100.090309,19.553225],[100.110057,19.552877],[100.124732,19.549868],[100.155271,19.545354],[100.161745,19.542461],[100.163688,19.547322],[100.162285,19.555771],[100.164767,19.562021],[100.162285,19.573942],[100.167788,19.578572],[100.165306,19.585979],[100.169299,19.58841],[100.17232,19.598942],[100.168328,19.60253],[100.179335,19.610053],[100.181816,19.613757],[100.188291,19.609474],[100.197032,19.609243],[100.203722,19.610632],[100.207607,19.607275],[100.213973,19.608201],[100.218074,19.610979],[100.22239,19.610285],[100.229189,19.605886],[100.234368,19.610747],[100.235663,19.616882],[100.239872,19.626025],[100.246994,19.634358],[100.252497,19.634937],[100.2539,19.64165],[100.257461,19.64327],[100.261669,19.648942],[100.268576,19.645354],[100.274403,19.646048],[100.275806,19.650678],[100.283791,19.643618],[100.290481,19.642692],[100.294042,19.645701],[100.302891,19.645007],[100.310876,19.646048],[100.317782,19.649752],[100.321451,19.658201],[100.327386,19.668039],[100.33289,19.681349],[100.341415,19.687483],[100.333645,19.702645],[100.33699,19.708663],[100.35145,19.715145],[100.356414,19.711673],[100.360191,19.715839],[100.373464,19.708085],[100.38555,19.710515],[100.38965,19.715145],[100.390082,19.720816],[100.396017,19.728802],[100.40357,19.731464],[100.406592,19.735978]]]}},{"type":"Feature","id":"TH58","bbox":[97.343473,17.637149,98.651768,19.812019],"properties":{"ADM1_PCODE":"TH58","ADM1_TH":"แม่ฮ่องสอน","ADM1_EN":"Mae Hong Son"},"geometry":{"type":"Polygon","coordinates":[[[98.466487,19.692228],[98.462711,19.69327],[98.461092,19.697437],[98.453322,19.696742],[98.446308,19.69327],[98.440157,19.693386],[98.434978,19.696627],[98.419439,19.696048],[98.414475,19.692923],[98.406382,19.695122],[98.40336,19.700677],[98.391274,19.70415],[98.387606,19.700099],[98.384044,19.700909],[98.37703,19.697668],[98.370556,19.691187],[98.355556,19.695932],[98.349945,19.694312],[98.347895,19.6979],[98.341852,19.6979],[98.336996,19.693733],[98.3316,19.696742],[98.323184,19.698826],[98.317141,19.693386],[98.30635,19.687252],[98.300846,19.68702],[98.29653,19.682506],[98.292321,19.68158],[98.287897,19.685053],[98.278617,19.681812],[98.274624,19.683432],[98.266423,19.683432],[98.260272,19.678571],[98.253474,19.67915],[98.248294,19.676604],[98.242467,19.68459],[98.236748,19.688178],[98.231568,19.697552],[98.231784,19.700677],[98.236748,19.704497],[98.237935,19.709705],[98.234158,19.716302],[98.230921,19.718154],[98.229842,19.726024],[98.22531,19.728224],[98.222612,19.725214],[98.216137,19.725793],[98.212253,19.730538],[98.201893,19.733316],[98.199196,19.738293],[98.193476,19.73783],[98.183657,19.750561],[98.184412,19.759242],[98.178801,19.760284],[98.172758,19.767344],[98.163262,19.773478],[98.157003,19.771163],[98.150528,19.77452],[98.145888,19.780191],[98.139845,19.78239],[98.135421,19.788293],[98.129702,19.785746],[98.12258,19.779612],[98.114487,19.77857],[98.110494,19.77452],[98.10089,19.772089],[98.090315,19.790955],[98.083732,19.791765],[98.086214,19.804612],[98.08384,19.809936],[98.078445,19.810862],[98.072941,19.809242],[98.066683,19.809936],[98.064201,19.804728],[98.055136,19.805422],[98.052223,19.812019],[98.036576,19.806464],[98.033986,19.803455],[98.039597,19.799751],[98.035281,19.793617],[98.033123,19.782621],[98.034957,19.779381],[98.033554,19.772552],[98.037655,19.765839],[98.036144,19.758895],[98.032907,19.753802],[98.034526,19.748825],[98.033878,19.742228],[98.029562,19.734358],[98.031828,19.725446],[98.02503,19.721395],[98.025569,19.714335],[98.028806,19.706464],[98.034526,19.700214],[98.030857,19.696164],[98.031504,19.692344],[98.028591,19.688178],[98.033986,19.677645],[98.031288,19.67452],[98.032907,19.670469],[98.042295,19.66584],[98.044345,19.653456],[98.038842,19.648826],[98.037116,19.643039],[98.026864,19.641534],[98.026432,19.637483],[98.003771,19.636673],[98.000103,19.635516],[97.993304,19.638062],[97.982297,19.639335],[97.979923,19.634474],[97.972801,19.634474],[97.974852,19.628571],[97.97237,19.622784],[97.976039,19.61665],[97.973557,19.612484],[97.975715,19.605655],[97.974096,19.601488],[97.959744,19.5979],[97.959637,19.593271],[97.95273,19.593618],[97.942371,19.597785],[97.933522,19.591419],[97.926077,19.589914],[97.919926,19.5854],[97.908811,19.584012],[97.902337,19.578803],[97.890359,19.576951],[97.878812,19.58135],[97.873525,19.57834],[97.868453,19.578572],[97.861331,19.575331],[97.859281,19.570123],[97.862842,19.563063],[97.858849,19.558549],[97.855072,19.547901],[97.855828,19.536095],[97.854964,19.531697],[97.866619,19.524868],[97.868561,19.522669],[97.868777,19.515725],[97.872985,19.515378],[97.876115,19.506119],[97.880215,19.506581],[97.887985,19.501026],[97.87892,19.496512],[97.872985,19.495586],[97.874388,19.48922],[97.87169,19.484938],[97.862842,19.483318],[97.859497,19.478457],[97.860144,19.473248],[97.857554,19.46885],[97.850756,19.466651],[97.844713,19.461211],[97.844713,19.458781],[97.838778,19.454614],[97.836943,19.44929],[97.832735,19.446975],[97.827232,19.438874],[97.827339,19.431235],[97.822699,19.423596],[97.815254,19.41804],[97.814822,19.4148],[97.807052,19.411327],[97.803599,19.404962],[97.787737,19.403226],[97.785686,19.398249],[97.787737,19.394545],[97.792377,19.394661],[97.804463,19.384476],[97.802197,19.380193],[97.806081,19.376605],[97.80047,19.37186],[97.801117,19.360865],[97.79788,19.356235],[97.79842,19.352763],[97.808132,19.34605],[97.813635,19.340379],[97.810614,19.337138],[97.811693,19.333434],[97.816009,19.330194],[97.822268,19.328458],[97.825613,19.323249],[97.823778,19.315842],[97.828634,19.310402],[97.828958,19.303342],[97.834354,19.29987],[97.840073,19.300449],[97.842123,19.297324],[97.839641,19.291189],[97.831116,19.290958],[97.825505,19.28274],[97.816549,19.284824],[97.809319,19.282046],[97.805973,19.287486],[97.801873,19.288875],[97.79583,19.283088],[97.790219,19.28274],[97.788708,19.274639],[97.785579,19.273713],[97.783528,19.26399],[97.792161,19.262717],[97.809319,19.253227],[97.812016,19.245935],[97.81752,19.238065],[97.824534,19.23818],[97.826908,19.23413],[97.825397,19.230079],[97.835541,19.227069],[97.842015,19.223944],[97.845252,19.214222],[97.845037,19.202185],[97.839102,19.198366],[97.838023,19.194315],[97.844173,19.180195],[97.83867,19.171051],[97.841152,19.167116],[97.839749,19.163297],[97.842878,19.160519],[97.842015,19.154616],[97.844497,19.149292],[97.843094,19.145936],[97.837807,19.144778],[97.834246,19.135866],[97.837915,19.128922],[97.837375,19.126144],[97.840612,19.117811],[97.839857,19.11214],[97.836836,19.106005],[97.838023,19.100218],[97.83608,19.093505],[97.822915,19.090843],[97.811693,19.091075],[97.808239,19.086445],[97.803276,19.085982],[97.796801,19.080658],[97.796154,19.076955],[97.791621,19.073714],[97.784068,19.072788],[97.781154,19.076029],[97.768637,19.072788],[97.764536,19.065728],[97.767773,19.06295],[97.771334,19.055774],[97.769608,19.046052],[97.764105,19.040265],[97.760436,19.038645],[97.751587,19.041885],[97.748026,19.03876],[97.74371,19.041885],[97.736588,19.041191],[97.738638,19.035288],[97.737343,19.02846],[97.738962,19.021631],[97.735724,19.016075],[97.737127,18.990613],[97.735185,18.983321],[97.738962,18.980543],[97.731084,18.972673],[97.726876,18.974409],[97.72202,18.967465],[97.704862,18.966423],[97.707668,18.961793],[97.69979,18.95728],[97.695042,18.951608],[97.689755,18.94883],[97.683928,18.952881],[97.675079,18.94721],[97.668173,18.948252],[97.670763,18.942002],[97.666123,18.937256],[97.672921,18.930775],[97.689107,18.925567],[97.69051,18.920011],[97.688892,18.915845],[97.696445,18.910521],[97.697309,18.904271],[97.703675,18.897789],[97.711013,18.896979],[97.712524,18.893623],[97.719646,18.886447],[97.73076,18.885058],[97.737127,18.886678],[97.741012,18.882049],[97.73907,18.867465],[97.740796,18.860868],[97.746084,18.856701],[97.744249,18.849294],[97.748673,18.844202],[97.745976,18.833669],[97.739825,18.830081],[97.73907,18.827188],[97.742631,18.822327],[97.742738,18.818392],[97.747163,18.809827],[97.752666,18.808091],[97.748458,18.798253],[97.749321,18.790267],[97.753961,18.784595],[97.752558,18.77441],[97.757414,18.765035],[97.762486,18.761563],[97.762702,18.756934],[97.759357,18.751378],[97.757522,18.743739],[97.753206,18.740961],[97.751695,18.737026],[97.754824,18.730082],[97.754716,18.72036],[97.758062,18.712026],[97.763133,18.710522],[97.766155,18.703346],[97.77209,18.695707],[97.773924,18.689226],[97.770795,18.680198],[97.771766,18.673138],[97.76745,18.669318],[97.768097,18.662953],[97.772306,18.65543],[97.771011,18.645129],[97.768421,18.643393],[97.771011,18.63749],[97.767018,18.633208],[97.771011,18.628346],[97.769068,18.622444],[97.773601,18.618972],[97.773924,18.610291],[97.769716,18.604041],[97.77209,18.597791],[97.769176,18.586796],[97.768529,18.578115],[97.758169,18.577884],[97.753961,18.576148],[97.745868,18.578694],[97.738746,18.579388],[97.732163,18.586449],[97.725797,18.58425],[97.722775,18.574064],[97.715222,18.571634],[97.709179,18.572213],[97.702812,18.570476],[97.692992,18.570014],[97.682849,18.575569],[97.673676,18.576958],[97.667741,18.575106],[97.650692,18.576958],[97.649613,18.570708],[97.644649,18.570014],[97.640332,18.56249],[97.633966,18.558787],[97.627383,18.5655],[97.620693,18.564342],[97.614542,18.561449],[97.614758,18.55462],[97.622635,18.543972],[97.62188,18.540847],[97.613787,18.545708],[97.606772,18.543625],[97.605154,18.537606],[97.593715,18.535639],[97.58832,18.537838],[97.585514,18.533671],[97.578932,18.532745],[97.571918,18.535176],[97.56717,18.524875],[97.562853,18.522097],[97.558105,18.527305],[97.549257,18.530662],[97.543645,18.52638],[97.544293,18.520593],[97.541811,18.515731],[97.53879,18.504042],[97.539545,18.500454],[97.536847,18.492699],[97.53361,18.491195],[97.528106,18.496171],[97.52174,18.494667],[97.515697,18.497676],[97.509654,18.492699],[97.504151,18.492815],[97.498323,18.495824],[97.494007,18.505662],[97.490662,18.51006],[97.48041,18.50763],[97.471562,18.504389],[97.468325,18.498833],[97.463577,18.497097],[97.458829,18.499528],[97.454728,18.493625],[97.444153,18.495245],[97.44329,18.502537],[97.436923,18.506357],[97.436276,18.520361],[97.429801,18.523833],[97.427966,18.530893],[97.427643,18.543741],[97.417715,18.553231],[97.414262,18.552653],[97.408974,18.555546],[97.403903,18.56631],[97.398076,18.565731],[97.393759,18.561449],[97.382644,18.559365],[97.364408,18.559597],[97.36225,18.561449],[97.361818,18.569203],[97.363113,18.576726],[97.363545,18.593509],[97.357825,18.591888],[97.351998,18.584828],[97.343581,18.576726],[97.343473,18.56249],[97.344337,18.552884],[97.346926,18.543972],[97.350487,18.541194],[97.353401,18.534366],[97.362897,18.526611],[97.373364,18.52256],[97.383508,18.510292],[97.386637,18.504736],[97.390522,18.492005],[97.393651,18.473602],[97.398399,18.458209],[97.403039,18.449297],[97.414262,18.441311],[97.418147,18.434598],[97.419873,18.421288],[97.423542,18.415732],[97.425377,18.409366],[97.430448,18.405778],[97.435844,18.406589],[97.441563,18.403464],[97.445664,18.396172],[97.451491,18.389806],[97.451814,18.381473],[97.450412,18.37557],[97.443829,18.364807],[97.441671,18.358904],[97.443505,18.351149],[97.443613,18.341659],[97.446743,18.331358],[97.45203,18.328233],[97.460879,18.310524],[97.470159,18.300455],[97.484403,18.290386],[97.490014,18.28321],[97.494007,18.276034],[97.503071,18.266543],[97.506956,18.266543],[97.520121,18.272793],[97.528106,18.27777],[97.536847,18.287839],[97.540948,18.299298],[97.542998,18.311566],[97.54753,18.321751],[97.551415,18.334598],[97.5594,18.338765],[97.566522,18.33645],[97.575371,18.338418],[97.582601,18.332631],[97.592205,18.331705],[97.603859,18.32696],[97.611413,18.321404],[97.620369,18.317006],[97.626196,18.309136],[97.638714,18.288302],[97.639037,18.280316],[97.633642,18.271636],[97.621988,18.25983],[97.611305,18.250687],[97.608607,18.240618],[97.614542,18.223835],[97.628139,18.206821],[97.643246,18.192007],[97.651447,18.177886],[97.658677,18.172215],[97.665259,18.170595],[97.674324,18.163419],[97.677345,18.154275],[97.676266,18.145942],[97.677777,18.136683],[97.677669,18.11504],[97.687813,18.096637],[97.689755,18.091544],[97.690294,18.082285],[97.679935,18.075109],[97.682417,18.062841],[97.688352,18.060526],[97.691913,18.064924],[97.699143,18.065966],[97.707668,18.056475],[97.708747,18.047332],[97.71684,18.031591],[97.722236,18.025341],[97.723638,18.020712],[97.720617,18.015388],[97.72148,18.010874],[97.728818,18.001267],[97.735724,17.987726],[97.737127,17.977309],[97.737019,17.96805],[97.735293,17.958212],[97.729897,17.952193],[97.725149,17.95011],[97.712416,17.948258],[97.703783,17.943397],[97.69774,17.935411],[97.691805,17.930897],[97.687165,17.924995],[97.685654,17.918397],[97.686626,17.914809],[97.685115,17.907981],[97.680259,17.901384],[97.67195,17.882865],[97.674,17.87106],[97.678209,17.866314],[97.681014,17.858676],[97.691589,17.842935],[97.6931,17.837264],[97.691266,17.833676],[97.698819,17.819903],[97.703028,17.81562],[97.708963,17.818861],[97.717488,17.81944],[97.719862,17.815968],[97.717703,17.808213],[97.723099,17.799648],[97.732919,17.79687],[97.742307,17.785759],[97.746299,17.785991],[97.752558,17.778005],[97.759033,17.778931],[97.762054,17.7765],[97.765939,17.778583],[97.773708,17.779162],[97.785147,17.785065],[97.795075,17.777079],[97.805326,17.78032],[97.812664,17.785065],[97.817412,17.786338],[97.826045,17.781593],[97.833167,17.779857],[97.840612,17.78032],[97.845792,17.778931],[97.866619,17.789],[97.87169,17.79525],[97.877733,17.79525],[97.885719,17.801269],[97.894675,17.803931],[97.902444,17.809718],[97.905898,17.814926],[97.906005,17.820134],[97.899639,17.828236],[97.901905,17.836453],[97.907085,17.839694],[97.910646,17.849069],[97.910214,17.851847],[97.918307,17.858213],[97.925969,17.85775],[97.944745,17.85856],[97.954241,17.860527],[97.95586,17.863768],[97.969456,17.867703],[97.973449,17.862958],[97.967082,17.856361],[97.970535,17.850574],[97.974852,17.848027],[97.981866,17.839694],[97.98165,17.83275],[97.978197,17.831708],[97.975175,17.822912],[97.978844,17.823491],[97.98111,17.817472],[97.979708,17.813884],[97.98888,17.810065],[97.985427,17.806477],[97.986722,17.798144],[97.990607,17.796523],[97.994599,17.785991],[97.999131,17.781361],[97.99816,17.775227],[98.006469,17.77488],[98.01057,17.768051],[98.007764,17.762959],[98.012512,17.751963],[98.0219,17.738306],[98.013699,17.739116],[98.016829,17.73194],[98.01985,17.732519],[98.021253,17.726269],[98.027512,17.720714],[98.024166,17.716547],[98.022871,17.710876],[98.031288,17.709024],[98.030641,17.702427],[98.037547,17.696524],[98.040677,17.689116],[98.03895,17.686802],[98.042943,17.68032],[98.043051,17.675459],[98.047583,17.667126],[98.051575,17.667357],[98.057187,17.662959],[98.066143,17.649881],[98.072726,17.647797],[98.085999,17.637265],[98.089236,17.637149],[98.094415,17.637381],[98.097545,17.643399],[98.108659,17.651501],[98.111681,17.649649],[98.115134,17.654973],[98.118371,17.655205],[98.126249,17.660297],[98.126572,17.663885],[98.131968,17.665737],[98.13391,17.670714],[98.137471,17.671987],[98.13855,17.676385],[98.145672,17.686107],[98.144162,17.688885],[98.150744,17.700459],[98.149233,17.711223],[98.149449,17.723376],[98.153226,17.730204],[98.149989,17.734371],[98.147615,17.746986],[98.139845,17.74907],[98.135313,17.759834],[98.140493,17.76157],[98.144809,17.770366],[98.145457,17.775574],[98.135097,17.790736],[98.132615,17.796523],[98.123119,17.798491],[98.114271,17.798375],[98.109523,17.79363],[98.092365,17.806708],[98.087833,17.808329],[98.085999,17.815273],[98.082437,17.81863],[98.071754,17.833791],[98.072726,17.837958],[98.06938,17.844787],[98.070028,17.852194],[98.064201,17.858444],[98.0601,17.857518],[98.054489,17.867935],[98.048554,17.868629],[98.032691,17.876037],[98.029454,17.879162],[98.026972,17.888536],[98.020066,17.888536],[98.015749,17.893745],[98.010354,17.895828],[98.008627,17.904161],[98.011325,17.907981],[98.010354,17.912032],[98.011217,17.923837],[98.014886,17.92187],[98.021684,17.924416],[98.018879,17.929971],[98.023411,17.93217],[98.026001,17.936569],[98.035389,17.942703],[98.040461,17.942587],[98.043806,17.945133],[98.052547,17.946754],[98.057079,17.952078],[98.061827,17.949763],[98.073805,17.957633],[98.079956,17.95636],[98.089991,17.963305],[98.099271,17.962494],[98.102401,17.957402],[98.110278,17.954393],[98.12258,17.946059],[98.132939,17.946059],[98.134234,17.94224],[98.140709,17.940851],[98.14373,17.935411],[98.148694,17.942934],[98.153118,17.960874],[98.158945,17.96099],[98.162183,17.967355],[98.161427,17.970365],[98.173729,17.974531],[98.179664,17.971869],[98.181714,17.977541],[98.190455,17.980318],[98.197253,17.979161],[98.203296,17.981476],[98.206641,17.985064],[98.212037,17.981128],[98.216893,17.984716],[98.22995,17.987957],[98.235453,17.98599],[98.246676,17.992702],[98.244625,18.003466],[98.240309,18.011684],[98.243654,18.020017],[98.253258,18.02592],[98.256927,18.036915],[98.265128,18.049994],[98.271387,18.048836],[98.276027,18.051961],[98.282502,18.06041],[98.283797,18.067008],[98.287034,18.068859],[98.289408,18.078582],[98.286818,18.084947],[98.281207,18.082748],[98.272358,18.087146],[98.264481,18.085642],[98.256819,18.087725],[98.256172,18.084484],[98.247971,18.07592],[98.241064,18.079739],[98.242036,18.088072],[98.233619,18.086915],[98.232863,18.095248],[98.228547,18.098257],[98.226605,18.091892],[98.213655,18.087262],[98.202541,18.090156],[98.20362,18.09629],[98.201354,18.10173],[98.190455,18.109947],[98.190563,18.113998],[98.183117,18.116544],[98.173945,18.11747],[98.170492,18.116313],[98.165744,18.118975],[98.165744,18.126266],[98.162938,18.134021],[98.16801,18.140387],[98.162075,18.146984],[98.159593,18.156243],[98.156571,18.159715],[98.156355,18.165502],[98.158945,18.167586],[98.166067,18.167354],[98.16747,18.171752],[98.166607,18.182285],[98.174484,18.189113],[98.175995,18.192007],[98.170923,18.201613],[98.166391,18.204159],[98.167039,18.21284],[98.169844,18.220363],[98.165852,18.224761],[98.158298,18.221983],[98.15042,18.224414],[98.146428,18.22777],[98.141788,18.238534],[98.138982,18.240733],[98.142867,18.252192],[98.137256,18.257979],[98.137256,18.27071],[98.138335,18.281127],[98.153442,18.286219],[98.157327,18.282978],[98.167254,18.282052],[98.174916,18.283441],[98.182038,18.286335],[98.185383,18.284714],[98.192397,18.285062],[98.197145,18.287145],[98.203296,18.293858],[98.202541,18.297677],[98.20826,18.306705],[98.200814,18.318048],[98.201677,18.322446],[98.199196,18.328348],[98.192397,18.33645],[98.189915,18.33645],[98.180527,18.343163],[98.166067,18.351381],[98.16078,18.356705],[98.150097,18.359598],[98.13963,18.371867],[98.13855,18.378811],[98.135421,18.385871],[98.129918,18.386334],[98.127112,18.393394],[98.123011,18.394204],[98.126896,18.402769],[98.126141,18.405894],[98.1174,18.409366],[98.110818,18.409135],[98.107149,18.413186],[98.103156,18.413649],[98.100674,18.41851],[98.092473,18.421172],[98.08384,18.417468],[98.078121,18.422098],[98.074021,18.429621],[98.081682,18.439227],[98.082761,18.44594],[98.092257,18.45138],[98.099271,18.456704],[98.104667,18.45763],[98.106825,18.466773],[98.110062,18.47175],[98.109846,18.476033],[98.112544,18.484366],[98.118911,18.489574],[98.118479,18.493857],[98.122472,18.502653],[98.127112,18.501958],[98.14578,18.513648],[98.154305,18.512375],[98.162722,18.521981],[98.162938,18.524759],[98.170276,18.525106],[98.170384,18.529852],[98.174916,18.541426],[98.174592,18.546981],[98.184844,18.548254],[98.193261,18.540384],[98.201677,18.541541],[98.206533,18.537491],[98.211929,18.542004],[98.216245,18.543278],[98.219698,18.549412],[98.223044,18.54918],[98.22477,18.55462],[98.232324,18.557629],[98.23146,18.563648],[98.235345,18.5655],[98.23718,18.571518],[98.234158,18.577537],[98.230597,18.580199],[98.227468,18.58668],[98.218511,18.587375],[98.213008,18.590962],[98.211713,18.605198],[98.210634,18.607166],[98.199196,18.608671],[98.192289,18.608092],[98.182685,18.609597],[98.183764,18.618509],[98.18247,18.625337],[98.173621,18.628115],[98.168118,18.626032],[98.159916,18.626842],[98.155924,18.632166],[98.143298,18.639342],[98.135961,18.63587],[98.132076,18.636448],[98.121393,18.633902],[98.117508,18.634828],[98.110818,18.644897],[98.105422,18.650221],[98.109199,18.664342],[98.112652,18.669318],[98.110062,18.67499],[98.104991,18.677304],[98.107257,18.688184],[98.103588,18.698716],[98.100243,18.703925],[98.107688,18.713068],[98.103264,18.718276],[98.104019,18.727304],[98.102185,18.735522],[98.093876,18.738531],[98.107904,18.746517],[98.107472,18.751262],[98.114918,18.753924],[98.120422,18.759711],[98.118479,18.762489],[98.118156,18.769086],[98.121609,18.776725],[98.107041,18.780197],[98.0983,18.775221],[98.093228,18.776494],[98.08956,18.783322],[98.091178,18.786332],[98.086322,18.792582],[98.085999,18.80022],[98.088265,18.803924],[98.081682,18.812489],[98.078876,18.820938],[98.08233,18.831123],[98.081143,18.834827],[98.083732,18.843507],[98.087833,18.850567],[98.08848,18.859711],[98.092581,18.870706],[98.094955,18.8714],[98.102293,18.884595],[98.108444,18.886331],[98.110818,18.892697],[98.119558,18.897558],[98.124522,18.907627],[98.130349,18.912025],[98.144162,18.911794],[98.15042,18.91897],[98.156248,18.919085],[98.158514,18.923368],[98.158837,18.929386],[98.156463,18.936678],[98.166715,18.939919],[98.171787,18.948252],[98.172866,18.962488],[98.165096,18.975798],[98.163693,18.981353],[98.169197,18.989108],[98.169197,18.99883],[98.178693,19.00589],[98.186031,19.01515],[98.186246,19.023946],[98.18452,19.0317],[98.190887,19.032163],[98.192181,19.041538],[98.201138,19.045705],[98.205778,19.049871],[98.206857,19.058089],[98.209879,19.063413],[98.212576,19.063182],[98.216785,19.070936],[98.224446,19.079269],[98.225849,19.08795],[98.231245,19.08957],[98.236856,19.094316],[98.237503,19.10126],[98.244194,19.105658],[98.250129,19.107741],[98.252179,19.113644],[98.248834,19.117001],[98.247539,19.122209],[98.240957,19.12626],[98.244086,19.134014],[98.240957,19.137834],[98.243115,19.153459],[98.249589,19.156468],[98.252071,19.160866],[98.261459,19.15751],[98.265776,19.15207],[98.268473,19.155658],[98.284876,19.152764],[98.293832,19.155658],[98.314119,19.153112],[98.319838,19.155889],[98.325881,19.155426],[98.330198,19.150218],[98.33419,19.151375],[98.340233,19.149292],[98.339262,19.143042],[98.346492,19.13332],[98.343039,19.122093],[98.345089,19.120473],[98.347355,19.109709],[98.352535,19.103343],[98.351132,19.097556],[98.353398,19.09038],[98.365808,19.088413],[98.371851,19.084593],[98.374872,19.075103],[98.372498,19.067117],[98.380915,19.058668],[98.385124,19.060288],[98.388361,19.056353],[98.393001,19.055311],[98.396022,19.045821],[98.399799,19.0442],[98.40077,19.036446],[98.407245,19.035057],[98.42095,19.027186],[98.425913,19.03552],[98.433035,19.04339],[98.439186,19.048483],[98.441992,19.046284],[98.45397,19.046862],[98.471127,19.04096],[98.474904,19.042927],[98.486235,19.040612],[98.492494,19.038182],[98.505658,19.036214],[98.514075,19.033436],[98.52519,19.026376],[98.52983,19.025219],[98.541916,19.026145],[98.548175,19.028691],[98.552707,19.032395],[98.555297,19.038066],[98.560692,19.037256],[98.565872,19.039455],[98.565872,19.044084],[98.569217,19.046284],[98.580332,19.048483],[98.586483,19.047209],[98.593389,19.043043],[98.602561,19.052418],[98.612057,19.055774],[98.617129,19.065844],[98.622524,19.067811],[98.628459,19.067001],[98.640545,19.067811],[98.641085,19.075219],[98.64648,19.076955],[98.648962,19.081121],[98.651768,19.095705],[98.648639,19.10126],[98.644106,19.105195],[98.645941,19.109941],[98.642164,19.114107],[98.642164,19.122672],[98.63979,19.13413],[98.636553,19.139917],[98.639143,19.149061],[98.638279,19.154616],[98.622848,19.157741],[98.622309,19.168505],[98.614863,19.169199],[98.607525,19.173019],[98.608712,19.178343],[98.602561,19.182625],[98.593281,19.186213],[98.585511,19.186097],[98.578713,19.196051],[98.576555,19.202185],[98.569433,19.205773],[98.56803,19.210519],[98.571591,19.216421],[98.578066,19.214917],[98.588101,19.218852],[98.595547,19.227185],[98.598461,19.228574],[98.597382,19.237833],[98.592741,19.242116],[98.59231,19.245935],[98.587778,19.253227],[98.589936,19.257509],[98.591662,19.26781],[98.598029,19.270935],[98.599324,19.276259],[98.604719,19.280657],[98.600079,19.283088],[98.59436,19.289222],[98.600619,19.299407],[98.598461,19.301259],[98.601698,19.306814],[98.601158,19.316884],[98.598029,19.317925],[98.590475,19.327416],[98.58918,19.334013],[98.594036,19.339684],[98.589936,19.348018],[98.590475,19.35392],[98.595223,19.35392],[98.596626,19.362254],[98.593281,19.366999],[98.589073,19.367809],[98.581735,19.366189],[98.575152,19.379267],[98.575476,19.384823],[98.572994,19.387485],[98.577634,19.398943],[98.580332,19.400101],[98.588425,19.398596],[98.594468,19.403573],[98.589396,19.413758],[98.585511,19.415494],[98.58454,19.426605],[98.586051,19.429267],[98.584756,19.443619],[98.589828,19.448827],[98.59231,19.455309],[98.591231,19.462948],[98.595547,19.462022],[98.599971,19.471049],[98.596842,19.473711],[98.597058,19.479267],[98.592741,19.483202],[98.595223,19.489105],[98.591447,19.496281],[98.588749,19.497785],[98.584972,19.504845],[98.577634,19.511327],[98.574073,19.512484],[98.568786,19.507623],[98.563714,19.519313],[98.565764,19.523711],[98.561987,19.529498],[98.562635,19.536558],[98.565872,19.546628],[98.54483,19.556002],[98.542132,19.558664],[98.545369,19.563178],[98.541484,19.568502],[98.542132,19.577993],[98.53706,19.587831],[98.539866,19.598248],[98.535765,19.601835],[98.539542,19.606928],[98.54019,19.610979],[98.533931,19.614451],[98.526269,19.615261],[98.521737,19.619775],[98.521521,19.626257],[98.516557,19.625562],[98.502637,19.632391],[98.500155,19.637368],[98.489472,19.642807],[98.488285,19.647437],[98.482134,19.651604],[98.481379,19.654729],[98.472099,19.656465],[98.470156,19.665492],[98.471667,19.676719],[98.468969,19.679266],[98.470048,19.685631],[98.466487,19.692228]]]}},{"type":"Feature","id":"TH60","bbox":[99.086104,15.051634,100.832511,16.19121],"properties":{"ADM1_PCODE":"TH60","ADM1_TH":"นครสวรรค์","ADM1_EN":"Nakhon Sawan"},"geometry":{"type":"Polygon","coordinates":[[[100.766038,15.931142],[100.767873,15.934614],[100.754924,15.943063],[100.754168,15.950933],[100.74996,15.956836],[100.750284,15.969336],[100.745104,15.976165],[100.742514,15.985771],[100.737982,15.989822],[100.73032,15.990979],[100.718774,15.988896],[100.701616,15.989822],[100.69007,15.99341],[100.682624,15.999891],[100.66374,16.01297],[100.653057,16.024891],[100.642914,16.017715],[100.637194,16.010308],[100.637302,16.00591],[100.628346,16.004405],[100.62554,16.002553],[100.625756,15.996535],[100.619605,15.989591],[100.618418,15.985077],[100.611404,15.982183],[100.607627,15.97628],[100.601476,15.97003],[100.597592,15.97003],[100.590254,15.964822],[100.585722,15.958919],[100.580974,15.947461],[100.575686,15.944452],[100.562629,15.943526],[100.557449,15.934035],[100.550327,15.933688],[100.546119,15.926628],[100.540076,15.927554],[100.533817,15.924429],[100.525292,15.922114],[100.519573,15.923156],[100.521731,15.931721],[100.527666,15.932762],[100.53004,15.93716],[100.520005,15.940748],[100.515041,15.937855],[100.493783,15.937623],[100.487956,15.935077],[100.478891,15.934498],[100.462489,15.938549],[100.451374,15.937276],[100.444792,15.933688],[100.43713,15.936929],[100.426663,15.938549],[100.426879,15.934614],[100.421483,15.931952],[100.41134,15.929869],[100.391592,15.934614],[100.388031,15.938549],[100.378428,15.940864],[100.362781,15.940517],[100.357277,15.939591],[100.349616,15.934846],[100.331163,15.940633],[100.346378,15.973734],[100.3303,15.984961],[100.324041,15.982646],[100.323502,15.974429],[100.312603,15.977091],[100.306452,15.970609],[100.310984,15.965285],[100.309905,15.961234],[100.299762,15.957878],[100.290589,15.951512],[100.284115,15.950355],[100.281525,15.94642],[100.272137,15.943295],[100.268468,15.939591],[100.262533,15.942021],[100.264799,15.950586],[100.262317,15.957531],[100.258001,15.961003],[100.248505,15.959035],[100.241383,15.945725],[100.247425,15.938433],[100.243001,15.934846],[100.235879,15.933457],[100.228973,15.926975],[100.223577,15.928248],[100.215268,15.928133],[100.210844,15.930679],[100.20383,15.931721],[100.203183,15.934383],[100.195845,15.932878],[100.184514,15.933688],[100.182572,15.929059],[100.175126,15.933341],[100.172644,15.943873],[100.168544,15.953248],[100.168112,15.957531],[100.160342,15.959845],[100.159587,15.968526],[100.163148,15.973387],[100.161961,15.978017],[100.15581,15.981836],[100.150415,15.988317],[100.147609,15.989128],[100.140703,16.001165],[100.137358,16.008572],[100.137789,16.011813],[100.131099,16.018178],[100.127538,16.029058],[100.131315,16.031025],[100.127862,16.035539],[100.121387,16.039474],[100.116315,16.047692],[100.118797,16.053942],[100.118258,16.058803],[100.113941,16.06378],[100.111891,16.073849],[100.108978,16.076974],[100.110488,16.08172],[100.100992,16.089127],[100.100561,16.093294],[100.096244,16.094219],[100.092683,16.101974],[100.094841,16.109381],[100.090525,16.114243],[100.085777,16.11459],[100.076821,16.124659],[100.080274,16.128826],[100.086209,16.141673],[100.083943,16.14584],[100.0779,16.145955],[100.074878,16.153131],[100.077576,16.157992],[100.073152,16.161464],[100.065274,16.161233],[100.053296,16.167483],[100.043692,16.168525],[100.037326,16.178362],[100.037865,16.18195],[100.024808,16.19121],[100.022218,16.188895],[100.024161,16.175469],[100.021571,16.162506],[100.016499,16.154867],[100.016715,16.148849],[100.006248,16.14283],[100.004845,16.139242],[99.996752,16.133224],[99.996428,16.123039],[99.989414,16.122229],[99.972904,16.110192],[99.964487,16.096882],[99.958228,16.090053],[99.958336,16.086349],[99.949487,16.07709],[99.943444,16.072692],[99.933517,16.060308],[99.935135,16.056025],[99.926826,16.051627],[99.911179,16.049081],[99.910208,16.051627],[99.895101,16.043062],[99.895101,16.039474],[99.888626,16.038201],[99.883986,16.039706],[99.873627,16.036928],[99.875569,16.03415],[99.855282,16.029405],[99.85388,16.027322],[99.845247,16.023502],[99.845247,16.003248],[99.847405,15.998734],[99.847405,15.981836],[99.833808,15.965054],[99.828197,15.962855],[99.828197,15.958109],[99.825176,15.950586],[99.818701,15.947114],[99.807263,15.944105],[99.804781,15.929869],[99.806939,15.92385],[99.804997,15.92061],[99.799709,15.920378],[99.792371,15.922809],[99.788055,15.927091],[99.782551,15.924776],[99.769386,15.922114],[99.767984,15.91598],[99.773595,15.904869],[99.771005,15.898619],[99.762588,15.893874],[99.747912,15.876397],[99.746833,15.867022],[99.743272,15.861582],[99.74392,15.858457],[99.736366,15.858804],[99.732697,15.865402],[99.723525,15.87304],[99.703346,15.875124],[99.697735,15.877323],[99.685541,15.868874],[99.682951,15.863087],[99.675181,15.861351],[99.663635,15.855332],[99.657916,15.862161],[99.66234,15.87304],[99.658132,15.878943],[99.645398,15.886235],[99.637845,15.883341],[99.633744,15.884962],[99.630399,15.881142],[99.625327,15.881721],[99.62414,15.887276],[99.620579,15.887739],[99.616695,15.892369],[99.612054,15.893179],[99.606335,15.898619],[99.598997,15.897577],[99.597271,15.903711],[99.592739,15.906373],[99.585617,15.906721],[99.581192,15.903364],[99.575797,15.905911],[99.570725,15.904522],[99.561984,15.907184],[99.556049,15.907184],[99.552704,15.916211],[99.546877,15.918873],[99.538676,15.924776],[99.532633,15.924545],[99.531122,15.920378],[99.526266,15.921767],[99.523892,15.925471],[99.513101,15.923387],[99.502742,15.928248],[99.492922,15.924197],[99.477707,15.921072],[99.481376,15.912045],[99.476844,15.907068],[99.476952,15.902554],[99.465945,15.900818],[99.461089,15.905216],[99.450298,15.9051],[99.4476,15.902438],[99.439291,15.906605],[99.436594,15.911119],[99.43109,15.909383],[99.425371,15.920378],[99.415767,15.911235],[99.403789,15.910887],[99.399149,15.913897],[99.384257,15.917022],[99.373898,15.915285],[99.364186,15.920957],[99.358359,15.925934],[99.351885,15.92466],[99.343576,15.920147],[99.332893,15.911466],[99.329224,15.911698],[99.325771,15.916211],[99.327929,15.919568],[99.321023,15.927091],[99.318756,15.925008],[99.320375,15.919684],[99.318649,15.91679],[99.312929,15.919105],[99.310232,15.91598],[99.311634,15.906836],[99.304728,15.90348],[99.302138,15.907647],[99.297498,15.90892],[99.291132,15.904985],[99.292319,15.893642],[99.281636,15.897809],[99.278722,15.902901],[99.274082,15.903711],[99.272895,15.910193],[99.267931,15.907299],[99.257356,15.915748],[99.25196,15.917022],[99.242464,15.92223],[99.234371,15.928133],[99.231889,15.932531],[99.225307,15.937392],[99.220559,15.937508],[99.212466,15.944105],[99.210199,15.948271],[99.204588,15.942832],[99.20502,15.937045],[99.195632,15.940285],[99.192287,15.937855],[99.191423,15.931721],[99.184949,15.92848],[99.179877,15.933109],[99.17351,15.932762],[99.173618,15.928133],[99.166928,15.926859],[99.159266,15.923156],[99.149015,15.90973],[99.140058,15.905679],[99.130454,15.909036],[99.127757,15.911698],[99.115131,15.899892],[99.108333,15.896304],[99.10488,15.890864],[99.100671,15.889707],[99.09506,15.882415],[99.088909,15.88554],[99.086104,15.884499],[99.088154,15.879638],[99.094952,15.875587],[99.097434,15.87142],[99.094413,15.862971],[99.094736,15.857994],[99.098729,15.854059],[99.096355,15.847578],[99.097542,15.844337],[99.0956,15.836814],[99.096679,15.832184],[99.103585,15.827439],[99.103369,15.821189],[99.113081,15.81899],[99.123764,15.814476],[99.13067,15.807184],[99.133692,15.798272],[99.139195,15.796536],[99.147288,15.796999],[99.14977,15.792948],[99.158942,15.793064],[99.164446,15.787046],[99.163798,15.780911],[99.167144,15.778018],[99.173402,15.7823],[99.17869,15.781374],[99.187323,15.783458],[99.189481,15.779638],[99.203401,15.781259],[99.213437,15.779754],[99.216566,15.76656],[99.220451,15.764939],[99.228005,15.752902],[99.228868,15.747347],[99.235342,15.747115],[99.239443,15.74075],[99.239227,15.732648],[99.246025,15.722],[99.26178,15.718065],[99.267607,15.719222],[99.270413,15.716791],[99.276888,15.71656],[99.283902,15.706722],[99.288542,15.703829],[99.291563,15.696653],[99.296851,15.692949],[99.304836,15.694222],[99.313361,15.693991],[99.319728,15.689361],[99.332245,15.69156],[99.339151,15.685426],[99.34595,15.685542],[99.35005,15.682069],[99.354367,15.682185],[99.359762,15.677208],[99.364078,15.668759],[99.371956,15.660079],[99.367208,15.654523],[99.367963,15.649894],[99.376272,15.636236],[99.374114,15.63288],[99.379294,15.625473],[99.391811,15.624547],[99.401739,15.621537],[99.41717,15.614362],[99.423213,15.614014],[99.428608,15.608806],[99.434112,15.600125],[99.440586,15.598158],[99.441773,15.594107],[99.45019,15.590288],[99.45332,15.582996],[99.461736,15.582302],[99.468751,15.569223],[99.468427,15.565751],[99.481592,15.56413],[99.489685,15.569917],[99.495404,15.570033],[99.504253,15.561816],[99.518389,15.563436],[99.524324,15.568066],[99.525619,15.571422],[99.53846,15.574894],[99.544287,15.574547],[99.55551,15.579871],[99.569646,15.598852],[99.571804,15.604639],[99.580653,15.610542],[99.585509,15.619107],[99.591767,15.622695],[99.5963,15.628366],[99.60094,15.629292],[99.609896,15.633806],[99.617882,15.634385],[99.625327,15.641792],[99.63191,15.643297],[99.643132,15.643875],[99.660074,15.649084],[99.665578,15.660195],[99.669354,15.662972],[99.667304,15.668065],[99.677771,15.672694],[99.681764,15.67663],[99.702051,15.684616],[99.712302,15.684731],[99.721043,15.681722],[99.728057,15.687509],[99.736798,15.686352],[99.74392,15.67744],[99.747697,15.677093],[99.758488,15.669917],[99.764854,15.661236],[99.774566,15.6595],[99.783199,15.659847],[99.782012,15.655681],[99.792047,15.648968],[99.794529,15.642602],[99.813306,15.637047],[99.822262,15.631607],[99.83629,15.624894],[99.857333,15.617371],[99.865102,15.619801],[99.862512,15.633227],[99.864023,15.634963],[99.863807,15.653945],[99.877835,15.659153],[99.897151,15.662625],[99.898662,15.66575],[99.909129,15.669685],[99.918517,15.670032],[99.925424,15.673736],[99.932438,15.672347],[99.934056,15.666907],[99.933301,15.660079],[99.934488,15.647926],[99.936646,15.63913],[99.940423,15.629292],[99.941934,15.618297],[99.940207,15.611352],[99.940855,15.604524],[99.937617,15.600473],[99.938265,15.585079],[99.940963,15.580797],[99.94215,15.56714],[99.940315,15.558806],[99.939775,15.546422],[99.940315,15.533344],[99.943444,15.527904],[99.943552,15.521654],[99.946574,15.51552],[99.945279,15.505797],[99.946898,15.501284],[99.961357,15.504293],[99.971393,15.501284],[99.988443,15.490288],[99.99222,15.492024],[99.996212,15.485659],[100.000421,15.483691],[100.007651,15.48751],[100.009809,15.491909],[100.007758,15.501631],[100.016607,15.503714],[100.034628,15.510427],[100.028909,15.497233],[100.028801,15.491793],[100.0247,15.486932],[100.021355,15.478714],[100.013046,15.473274],[100.035275,15.461353],[100.039808,15.461353],[100.046822,15.456955],[100.04844,15.453367],[100.047685,15.446886],[100.049196,15.442951],[100.055454,15.44214],[100.062684,15.438437],[100.056857,15.430914],[100.055131,15.425474],[100.076173,15.427094],[100.093439,15.423391],[100.101856,15.417256],[100.118366,15.412511],[100.12484,15.412395],[100.130559,15.404641],[100.138761,15.404062],[100.14189,15.400127],[100.142753,15.394571],[100.145667,15.390983],[100.158076,15.386585],[100.162285,15.380914],[100.166925,15.381145],[100.178255,15.379178],[100.18268,15.376516],[100.192931,15.374664],[100.196816,15.371655],[100.203722,15.36934],[100.205125,15.366678],[100.217858,15.363437],[100.221203,15.359039],[100.224657,15.365521],[100.229836,15.361701],[100.243325,15.358576],[100.250447,15.355104],[100.250447,15.349201],[100.260806,15.339826],[100.261454,15.329988],[100.265015,15.323275],[100.265015,15.318646],[100.262101,15.313438],[100.251634,15.305799],[100.251202,15.301169],[100.254332,15.298854],[100.256382,15.291447],[100.262641,15.287743],[100.262425,15.27941],[100.267065,15.276054],[100.265015,15.268415],[100.268899,15.26772],[100.268792,15.253831],[100.278503,15.249896],[100.274403,15.239017],[100.274295,15.224318],[100.292208,15.218184],[100.295445,15.194457],[100.293719,15.194341],[100.298251,15.180105],[100.302459,15.173276],[100.311632,15.168415],[100.319725,15.15823],[100.339796,15.150707],[100.343573,15.140059],[100.344976,15.130916],[100.347242,15.125823],[100.350695,15.123392],[100.351558,15.118416],[100.355982,15.117605],[100.353069,15.101402],[100.354687,15.096772],[100.374867,15.086703],[100.413498,15.059041],[100.424397,15.051634],[100.427418,15.061124],[100.432166,15.071425],[100.436051,15.07374],[100.443605,15.084157],[100.443605,15.089133],[100.452885,15.103601],[100.457849,15.104064],[100.459252,15.116332],[100.466697,15.115175],[100.475007,15.106726],[100.481589,15.112513],[100.483639,15.117258],[100.491517,15.121078],[100.499286,15.128138],[100.506948,15.130337],[100.518602,15.147698],[100.51817,15.154874],[100.521731,15.161471],[100.524969,15.172351],[100.529825,15.178138],[100.531875,15.183693],[100.540076,15.185198],[100.547953,15.188438],[100.554536,15.193878],[100.576657,15.21529],[100.583995,15.226401],[100.590254,15.229642],[100.59047,15.232188],[100.582916,15.238091],[100.586261,15.244572],[100.59252,15.247234],[100.605685,15.243994],[100.610649,15.244688],[100.615181,15.241332],[100.617555,15.246424],[100.60903,15.251054],[100.602124,15.256956],[100.601153,15.261586],[100.595649,15.267026],[100.590038,15.268299],[100.597052,15.278253],[100.593275,15.287743],[100.608814,15.293299],[100.612699,15.296077],[100.613886,15.306725],[100.622087,15.31228],[100.621979,15.319109],[100.627914,15.322465],[100.632878,15.323275],[100.634497,15.327789],[100.629965,15.334039],[100.631152,15.341678],[100.635252,15.345845],[100.634605,15.353947],[100.632231,15.361933],[100.642266,15.372581],[100.64259,15.381261],[100.645288,15.389247],[100.642914,15.395497],[100.646151,15.403483],[100.643669,15.407534],[100.645935,15.412048],[100.644424,15.417951],[100.648957,15.41934],[100.652949,15.425242],[100.65964,15.429062],[100.658884,15.435312],[100.666762,15.432997],[100.675934,15.451284],[100.679279,15.452557],[100.687264,15.450126],[100.687264,15.447812],[100.696868,15.444802],[100.705177,15.439478],[100.711976,15.44133],[100.717371,15.447233],[100.721472,15.446539],[100.725572,15.449895],[100.731076,15.447117],[100.739924,15.450474],[100.745644,15.454062],[100.748989,15.458691],[100.757837,15.457881],[100.759888,15.461006],[100.768305,15.462626],[100.771326,15.46471],[100.766146,15.484501],[100.770463,15.490867],[100.767225,15.498622],[100.752873,15.501631],[100.751471,15.507302],[100.746075,15.513205],[100.755355,15.515867],[100.75924,15.518992],[100.760751,15.525936],[100.768952,15.533691],[100.776074,15.534038],[100.782764,15.537742],[100.790642,15.537742],[100.806289,15.548853],[100.815245,15.552556],[100.831,15.562626],[100.821288,15.574894],[100.813519,15.577903],[100.818159,15.586121],[100.807907,15.592487],[100.811576,15.602209],[100.81654,15.601399],[100.820101,15.608112],[100.825712,15.615056],[100.819669,15.626746],[100.820101,15.631028],[100.827439,15.644685],[100.823123,15.661583],[100.827223,15.664014],[100.827978,15.668875],[100.825712,15.675241],[100.832079,15.677787],[100.832511,15.681838],[100.825604,15.684847],[100.823123,15.698736],[100.817403,15.707532],[100.820856,15.72362],[100.819562,15.725819],[100.819238,15.735541],[100.824849,15.750125],[100.808447,15.791791],[100.804238,15.807647],[100.801433,15.813782],[100.798411,15.825818],[100.798735,15.829754],[100.809202,15.838897],[100.806612,15.840749],[100.809202,15.847925],[100.808555,15.853249],[100.811468,15.858341],[100.808123,15.866443],[100.804454,15.868411],[100.80985,15.884267],[100.808771,15.886698],[100.80003,15.889475],[100.796037,15.892716],[100.783736,15.895262],[100.772945,15.899198],[100.763988,15.911466],[100.762477,15.922461],[100.766038,15.931142]]]}},{"type":"Feature","id":"TH61","bbox":[98.983913,14.942259,100.106496,15.798272],"properties":{"ADM1_PCODE":"TH61","ADM1_TH":"อุทัยธานี","ADM1_EN":"Uthai Thani"},"geometry":{"type":"Polygon","coordinates":[[[100.101856,15.417256],[100.093439,15.423391],[100.076173,15.427094],[100.055131,15.425474],[100.056857,15.430914],[100.062684,15.438437],[100.055454,15.44214],[100.049196,15.442951],[100.047685,15.446886],[100.04844,15.453367],[100.046822,15.456955],[100.039808,15.461353],[100.035275,15.461353],[100.013046,15.473274],[100.021355,15.478714],[100.0247,15.486932],[100.028801,15.491793],[100.028909,15.497233],[100.034628,15.510427],[100.016607,15.503714],[100.007758,15.501631],[100.009809,15.491909],[100.007651,15.48751],[100.000421,15.483691],[99.996212,15.485659],[99.99222,15.492024],[99.988443,15.490288],[99.971393,15.501284],[99.961357,15.504293],[99.946898,15.501284],[99.945279,15.505797],[99.946574,15.51552],[99.943552,15.521654],[99.943444,15.527904],[99.940315,15.533344],[99.939775,15.546422],[99.940315,15.558806],[99.94215,15.56714],[99.940963,15.580797],[99.938265,15.585079],[99.937617,15.600473],[99.940855,15.604524],[99.940207,15.611352],[99.941934,15.618297],[99.940423,15.629292],[99.936646,15.63913],[99.934488,15.647926],[99.933301,15.660079],[99.934056,15.666907],[99.932438,15.672347],[99.925424,15.673736],[99.918517,15.670032],[99.909129,15.669685],[99.898662,15.66575],[99.897151,15.662625],[99.877835,15.659153],[99.863807,15.653945],[99.864023,15.634963],[99.862512,15.633227],[99.865102,15.619801],[99.857333,15.617371],[99.83629,15.624894],[99.822262,15.631607],[99.813306,15.637047],[99.794529,15.642602],[99.792047,15.648968],[99.782012,15.655681],[99.783199,15.659847],[99.774566,15.6595],[99.764854,15.661236],[99.758488,15.669917],[99.747697,15.677093],[99.74392,15.67744],[99.736798,15.686352],[99.728057,15.687509],[99.721043,15.681722],[99.712302,15.684731],[99.702051,15.684616],[99.681764,15.67663],[99.677771,15.672694],[99.667304,15.668065],[99.669354,15.662972],[99.665578,15.660195],[99.660074,15.649084],[99.643132,15.643875],[99.63191,15.643297],[99.625327,15.641792],[99.617882,15.634385],[99.609896,15.633806],[99.60094,15.629292],[99.5963,15.628366],[99.591767,15.622695],[99.585509,15.619107],[99.580653,15.610542],[99.571804,15.604639],[99.569646,15.598852],[99.55551,15.579871],[99.544287,15.574547],[99.53846,15.574894],[99.525619,15.571422],[99.524324,15.568066],[99.518389,15.563436],[99.504253,15.561816],[99.495404,15.570033],[99.489685,15.569917],[99.481592,15.56413],[99.468427,15.565751],[99.468751,15.569223],[99.461736,15.582302],[99.45332,15.582996],[99.45019,15.590288],[99.441773,15.594107],[99.440586,15.598158],[99.434112,15.600125],[99.428608,15.608806],[99.423213,15.614014],[99.41717,15.614362],[99.401739,15.621537],[99.391811,15.624547],[99.379294,15.625473],[99.374114,15.63288],[99.376272,15.636236],[99.367963,15.649894],[99.367208,15.654523],[99.371956,15.660079],[99.364078,15.668759],[99.359762,15.677208],[99.354367,15.682185],[99.35005,15.682069],[99.34595,15.685542],[99.339151,15.685426],[99.332245,15.69156],[99.319728,15.689361],[99.313361,15.693991],[99.304836,15.694222],[99.296851,15.692949],[99.291563,15.696653],[99.288542,15.703829],[99.283902,15.706722],[99.276888,15.71656],[99.270413,15.716791],[99.267607,15.719222],[99.26178,15.718065],[99.246025,15.722],[99.239227,15.732648],[99.239443,15.74075],[99.235342,15.747115],[99.228868,15.747347],[99.228005,15.752902],[99.220451,15.764939],[99.216566,15.76656],[99.213437,15.779754],[99.203401,15.781259],[99.189481,15.779638],[99.187323,15.783458],[99.17869,15.781374],[99.173402,15.7823],[99.167144,15.778018],[99.163798,15.780911],[99.164446,15.787046],[99.158942,15.793064],[99.14977,15.792948],[99.147288,15.796999],[99.139195,15.796536],[99.133692,15.798272],[99.136174,15.789592],[99.132397,15.785194],[99.128296,15.774546],[99.127325,15.76818],[99.130023,15.759615],[99.130454,15.749777],[99.133692,15.745611],[99.134555,15.739824],[99.138224,15.735194],[99.138332,15.730564],[99.133152,15.728134],[99.128188,15.722578],[99.125598,15.713782],[99.126246,15.710426],[99.124088,15.698504],[99.126462,15.694917],[99.123009,15.692255],[99.121606,15.686352],[99.117505,15.683574],[99.117505,15.678829],[99.111678,15.666676],[99.115995,15.662162],[99.112326,15.648505],[99.116426,15.645264],[99.115563,15.631607],[99.110059,15.625125],[99.105851,15.614362],[99.097218,15.611121],[99.096571,15.600125],[99.092578,15.595959],[99.090852,15.588899],[99.094197,15.583227],[99.075421,15.574894],[99.067327,15.568644],[99.060421,15.567487],[99.054594,15.563436],[99.051141,15.563089],[99.048119,15.55545],[99.050493,15.544339],[99.054054,15.539131],[99.054486,15.526515],[99.063119,15.515983],[99.07132,15.512742],[99.074881,15.508344],[99.07855,15.498737],[99.076068,15.487858],[99.07078,15.479872],[99.064738,15.473274],[99.063658,15.470034],[99.064953,15.462858],[99.0615,15.460775],[99.06204,15.454756],[99.059018,15.438437],[99.062471,15.437279],[99.064198,15.428483],[99.063766,15.422928],[99.067435,15.42096],[99.068514,15.413553],[99.068191,15.403252],[99.069378,15.397812],[99.067219,15.392488],[99.060313,15.391909],[99.053083,15.378599],[99.049306,15.37802],[99.045098,15.373159],[99.045206,15.362511],[99.046501,15.359734],[99.043156,15.350243],[99.043156,15.346192],[99.034091,15.340752],[99.031501,15.337511],[99.030746,15.327442],[99.032473,15.31772],[99.030962,15.310428],[99.03107,15.302558],[99.033012,15.298507],[99.037005,15.29816],[99.038084,15.288206],[99.02384,15.278716],[99.021142,15.269919],[99.016718,15.265174],[99.019631,15.260429],[99.019523,15.246308],[99.012941,15.244919],[99.006143,15.23867],[99.008517,15.230568],[99.006143,15.227558],[99.005279,15.221077],[99.008301,15.207651],[99.004956,15.2036],[99.006466,15.199202],[99.002258,15.193184],[99.002258,15.184735],[98.995244,15.183693],[98.991683,15.186818],[98.98769,15.186239],[98.983913,15.179989],[98.989201,15.176633],[98.99492,15.164943],[98.999129,15.164712],[99.003553,15.149318],[99.007545,15.144457],[98.999992,15.137744],[99.001718,15.133578],[98.999129,15.124087],[99.000855,15.120499],[98.997294,15.104643],[99.003121,15.102559],[99.010027,15.094573],[99.011754,15.08624],[99.00884,15.084504],[99.005064,15.076286],[99.000639,15.071194],[99.008301,15.070499],[99.019308,15.055222],[99.024056,15.054759],[99.028048,15.04955],[99.038839,15.048856],[99.042724,15.045731],[99.0574,15.044574],[99.065925,15.047699],[99.070025,15.0433],[99.078442,15.038555],[99.087075,15.039365],[99.092902,15.04249],[99.100671,15.042259],[99.106283,15.045962],[99.115131,15.048161],[99.119232,15.054874],[99.125491,15.050592],[99.130778,15.049203],[99.142648,15.051865],[99.146533,15.047004],[99.138979,15.044342],[99.13585,15.036935],[99.142864,15.034388],[99.144591,15.027676],[99.149231,15.023856],[99.156461,15.022351],[99.157863,15.017606],[99.16164,15.015523],[99.169733,15.014134],[99.180309,15.018879],[99.185488,15.027328],[99.189913,15.02756],[99.198006,15.018879],[99.203185,15.014713],[99.217645,15.012861],[99.228652,15.010315],[99.232213,15.012398],[99.242788,15.00337],[99.247212,15.001403],[99.252932,14.994458],[99.254982,14.988555],[99.260269,14.991449],[99.26901,14.989713],[99.274837,14.990986],[99.282823,14.997699],[99.276024,15.004528],[99.276024,15.01344],[99.281528,15.018185],[99.286168,15.028601],[99.288866,15.037513],[99.296203,15.050013],[99.300951,15.055453],[99.303217,15.062282],[99.313253,15.071888],[99.319404,15.076634],[99.319728,15.080916],[99.339475,15.080569],[99.348216,15.071078],[99.355122,15.061587],[99.370553,15.050939],[99.374546,15.049435],[99.381668,15.051171],[99.385444,15.047814],[99.393754,15.049782],[99.397746,15.052444],[99.40325,15.045268],[99.415875,15.047351],[99.416091,15.037282],[99.42645,15.014944],[99.435946,15.007537],[99.436054,14.999551],[99.444903,14.991217],[99.456233,14.988555],[99.469722,14.989481],[99.477923,14.991565],[99.488282,14.986472],[99.497886,14.983926],[99.50749,14.984389],[99.518281,14.978718],[99.527777,14.979875],[99.531122,14.975361],[99.532309,14.969806],[99.543316,14.96506],[99.547309,14.961588],[99.555726,14.964019],[99.562308,14.963093],[99.568135,14.958],[99.57666,14.955338],[99.583998,14.946658],[99.590473,14.947815],[99.59835,14.944458],[99.601587,14.946426],[99.618421,14.942259],[99.63137,14.943301],[99.630831,14.94631],[99.633636,14.954528],[99.629212,14.967722],[99.631046,14.973509],[99.62727,14.979065],[99.628996,14.985083],[99.627162,14.987514],[99.638384,14.988903],[99.650146,14.989018],[99.657053,14.986588],[99.663527,14.988324],[99.669786,14.985083],[99.676045,14.983926],[99.686188,14.975824],[99.692015,14.972931],[99.694821,14.968417],[99.719424,14.960199],[99.723741,14.962051],[99.723525,14.973972],[99.720503,14.976403],[99.719748,14.981611],[99.723525,14.988092],[99.728165,14.990407],[99.72892,14.995037],[99.746402,15.005569],[99.74802,15.010315],[99.754171,15.011356],[99.756114,15.016333],[99.769063,15.022699],[99.771976,15.046773],[99.77694,15.053254],[99.772516,15.058347],[99.776508,15.063786],[99.781149,15.067027],[99.78212,15.07455],[99.78471,15.080916],[99.790968,15.083694],[99.792695,15.091911],[99.791184,15.098393],[99.786328,15.102675],[99.77748,15.113902],[99.77435,15.121656],[99.767444,15.130337],[99.768523,15.136124],[99.771653,15.140638],[99.764746,15.146193],[99.761185,15.15198],[99.753955,15.15823],[99.748884,15.165638],[99.750934,15.169688],[99.756006,15.167952],[99.757085,15.173624],[99.760646,15.17536],[99.753416,15.185892],[99.74802,15.188554],[99.735179,15.204179],[99.730215,15.213091],[99.730971,15.217373],[99.729784,15.227327],[99.732805,15.233577],[99.73356,15.241216],[99.727302,15.249665],[99.734532,15.269804],[99.738093,15.266447],[99.741438,15.276169],[99.749315,15.279873],[99.753524,15.294572],[99.763451,15.300243],[99.764315,15.307535],[99.758703,15.308461],[99.758919,15.311817],[99.765718,15.31147],[99.777695,15.313785],[99.786112,15.318299],[99.794637,15.316563],[99.809313,15.31772],[99.817838,15.314016],[99.826039,15.31309],[99.83165,15.309734],[99.844384,15.308924],[99.851398,15.311123],[99.858304,15.30522],[99.86521,15.304063],[99.871577,15.304989],[99.876972,15.301864],[99.878807,15.296655],[99.877943,15.290868],[99.885173,15.287165],[99.889166,15.291215],[99.895641,15.290637],[99.900173,15.293646],[99.906863,15.294109],[99.917978,15.299317],[99.922942,15.29816],[99.930927,15.29897],[99.933625,15.301748],[99.958983,15.30441],[99.961789,15.300706],[99.971069,15.298854],[99.990385,15.302558],[99.995888,15.300127],[99.99891,15.302095],[100.005816,15.301748],[100.015852,15.297234],[100.020168,15.291331],[100.026427,15.290753],[100.035491,15.292141],[100.038621,15.290868],[100.041103,15.278253],[100.045743,15.271655],[100.047685,15.264827],[100.051893,15.263091],[100.058152,15.263669],[100.055886,15.270382],[100.058476,15.278716],[100.065382,15.287396],[100.070778,15.288322],[100.078223,15.295614],[100.081784,15.303947],[100.077684,15.316215],[100.081137,15.320382],[100.093007,15.325937],[100.098942,15.33184],[100.101208,15.338437],[100.100669,15.347002],[100.092899,15.355451],[100.081137,15.362511],[100.07531,15.367141],[100.073691,15.374085],[100.078763,15.380104],[100.085885,15.378946],[100.100776,15.373159],[100.105632,15.374664],[100.106496,15.380104],[100.104122,15.383807],[100.097323,15.388321],[100.090417,15.394571],[100.087827,15.400705],[100.088367,15.411006],[100.094518,15.416562],[100.101856,15.417256]]]}},{"type":"Feature","id":"TH62","bbox":[99.016394,15.855332,100.047145,16.910418],"properties":{"ADM1_PCODE":"TH62","ADM1_TH":"กำแพงเพชร","ADM1_EN":"Kamphaeng Phet"},"geometry":{"type":"Polygon","coordinates":[[[99.853448,16.735188],[99.847297,16.727086],[99.845463,16.720373],[99.842117,16.716206],[99.835427,16.713776],[99.829276,16.717248],[99.82906,16.723729],[99.822478,16.720489],[99.8146,16.720604],[99.812119,16.715512],[99.805428,16.713197],[99.803486,16.710419],[99.809421,16.703243],[99.809313,16.698266],[99.802191,16.69653],[99.800788,16.691669],[99.792047,16.686345],[99.784602,16.685304],[99.776077,16.687503],[99.769386,16.682757],[99.759567,16.684956],[99.76043,16.68785],[99.759027,16.698382],[99.759351,16.710419],[99.755574,16.721646],[99.751366,16.720489],[99.749207,16.72535],[99.741654,16.729979],[99.744891,16.736924],[99.744783,16.742248],[99.736582,16.740049],[99.733884,16.733567],[99.714892,16.721299],[99.708849,16.724771],[99.705828,16.719215],[99.695037,16.717942],[99.693742,16.722688],[99.694389,16.730905],[99.681548,16.729748],[99.677555,16.727896],[99.67216,16.730674],[99.670433,16.73565],[99.664175,16.739817],[99.658671,16.740743],[99.653815,16.746414],[99.64119,16.744678],[99.637629,16.749424],[99.63396,16.750118],[99.631046,16.755326],[99.622737,16.757178],[99.618529,16.763891],[99.614536,16.766206],[99.610759,16.773729],[99.605688,16.778474],[99.604932,16.784493],[99.601479,16.789701],[99.594573,16.790511],[99.583027,16.802895],[99.579574,16.808798],[99.578926,16.8169],[99.580761,16.821414],[99.574178,16.829747],[99.573315,16.836229],[99.573531,16.849886],[99.570725,16.859608],[99.565761,16.858798],[99.565869,16.854284],[99.559502,16.853242],[99.555941,16.858798],[99.544719,16.86227],[99.542453,16.855673],[99.544287,16.851275],[99.541697,16.839932],[99.537057,16.836229],[99.536949,16.831946],[99.533928,16.825928],[99.531014,16.825349],[99.529504,16.835766],[99.523245,16.846761],[99.522382,16.853127],[99.51731,16.857756],[99.513209,16.872918],[99.512562,16.884029],[99.507274,16.887733],[99.499181,16.891205],[99.493354,16.90058],[99.488714,16.910418],[99.47447,16.905441],[99.466377,16.896298],[99.466808,16.889816],[99.46001,16.881136],[99.449651,16.875001],[99.4476,16.869909],[99.436917,16.872108],[99.432601,16.875812],[99.42181,16.882293],[99.41717,16.876275],[99.411019,16.872571],[99.406163,16.872571],[99.391272,16.870372],[99.382855,16.865742],[99.378754,16.858914],[99.380696,16.854515],[99.377999,16.846761],[99.385552,16.844215],[99.387279,16.837502],[99.384689,16.830442],[99.387495,16.826275],[99.382099,16.821182],[99.38825,16.812618],[99.385121,16.807756],[99.381236,16.807872],[99.372495,16.803706],[99.362891,16.805789],[99.35469,16.810881],[99.344007,16.813543],[99.334835,16.811344],[99.324044,16.813196],[99.318001,16.801622],[99.31649,16.795604],[99.310232,16.794215],[99.303865,16.786923],[99.296851,16.788891],[99.291563,16.78403],[99.294261,16.778822],[99.295772,16.77153],[99.305484,16.768636],[99.304512,16.758336],[99.302786,16.754285],[99.302462,16.740164],[99.298793,16.73484],[99.295772,16.720026],[99.288542,16.715396],[99.283146,16.706831],[99.282823,16.701623],[99.285197,16.695604],[99.282067,16.689586],[99.277211,16.685882],[99.271384,16.684609],[99.274945,16.677549],[99.272355,16.674308],[99.272032,16.668984],[99.266852,16.670952],[99.260593,16.666901],[99.25455,16.665744],[99.246565,16.66204],[99.246025,16.656137],[99.247105,16.644563],[99.240846,16.641554],[99.243651,16.635998],[99.241601,16.630674],[99.243544,16.626855],[99.243759,16.618059],[99.246457,16.61204],[99.254658,16.603591],[99.251205,16.596647],[99.249802,16.590165],[99.254119,16.585189],[99.255737,16.57836],[99.254442,16.574193],[99.256385,16.568869],[99.253255,16.560999],[99.245486,16.555328],[99.247968,16.549425],[99.24322,16.545605],[99.240522,16.534147],[99.236421,16.532064],[99.229084,16.533684],[99.223257,16.532874],[99.219048,16.527666],[99.203617,16.532295],[99.199948,16.531022],[99.196387,16.537272],[99.190668,16.539008],[99.18797,16.531369],[99.180524,16.532411],[99.180416,16.527666],[99.170813,16.521763],[99.167575,16.510652],[99.170057,16.50637],[99.165741,16.503013],[99.161748,16.506717],[99.148152,16.499657],[99.138979,16.499425],[99.137684,16.493175],[99.129807,16.486462],[99.12344,16.475236],[99.1188,16.478823],[99.105851,16.476393],[99.099376,16.476509],[99.087614,16.472458],[99.084053,16.469449],[99.074126,16.466902],[99.070673,16.462388],[99.064306,16.458453],[99.061608,16.451393],[99.049199,16.440976],[99.045422,16.441324],[99.040458,16.437852],[99.033875,16.430328],[99.029343,16.422458],[99.024271,16.423153],[99.019739,16.417713],[99.018984,16.410537],[99.020279,16.402782],[99.019308,16.392366],[99.016394,16.386694],[99.024164,16.381949],[99.031393,16.384958],[99.036573,16.383454],[99.041753,16.37512],[99.040782,16.36887],[99.043048,16.364241],[99.041753,16.356834],[99.044666,16.353361],[99.041429,16.344565],[99.042724,16.338662],[99.051249,16.334959],[99.052112,16.319797],[99.051033,16.312968],[99.053407,16.30938],[99.050817,16.304172],[99.044235,16.299774],[99.042184,16.290746],[99.046717,16.282181],[99.04553,16.275121],[99.047796,16.26945],[99.049306,16.257992],[99.05222,16.256371],[99.05481,16.246996],[99.064414,16.240283],[99.064953,16.236117],[99.072291,16.229404],[99.074018,16.222344],[99.079629,16.217946],[99.081248,16.209265],[99.080384,16.201973],[99.073586,16.196534],[99.073047,16.185886],[99.070133,16.182066],[99.069917,16.17408],[99.068191,16.165631],[99.064845,16.165631],[99.051033,16.161696],[99.049199,16.143988],[99.051896,16.135423],[99.059774,16.132877],[99.068622,16.132298],[99.076608,16.125932],[99.081463,16.123965],[99.083082,16.114821],[99.089773,16.114474],[99.092362,16.105678],[99.0956,16.102321],[99.106175,16.102437],[99.108009,16.100354],[99.10898,16.092599],[99.106391,16.08959],[99.109304,16.081951],[99.114052,16.080099],[99.117289,16.073618],[99.113297,16.063664],[99.114484,16.060308],[99.108225,16.054868],[99.104232,16.048965],[99.097542,16.047808],[99.088262,16.043757],[99.086643,16.041326],[99.086859,16.034035],[99.084053,16.02709],[99.082111,16.00591],[99.087075,15.994915],[99.088586,15.979521],[99.085564,15.971767],[99.081787,15.97003],[99.080384,15.965169],[99.074449,15.962044],[99.074449,15.954174],[99.08114,15.948503],[99.085672,15.948503],[99.088909,15.945262],[99.08988,15.939128],[99.096679,15.931605],[99.095708,15.924545],[99.086211,15.914591],[99.085996,15.899198],[99.08837,15.891906],[99.086104,15.884499],[99.088909,15.88554],[99.09506,15.882415],[99.100671,15.889707],[99.10488,15.890864],[99.108333,15.896304],[99.115131,15.899892],[99.127757,15.911698],[99.130454,15.909036],[99.140058,15.905679],[99.149015,15.90973],[99.159266,15.923156],[99.166928,15.926859],[99.173618,15.928133],[99.17351,15.932762],[99.179877,15.933109],[99.184949,15.92848],[99.191423,15.931721],[99.192287,15.937855],[99.195632,15.940285],[99.20502,15.937045],[99.204588,15.942832],[99.210199,15.948271],[99.212466,15.944105],[99.220559,15.937508],[99.225307,15.937392],[99.231889,15.932531],[99.234371,15.928133],[99.242464,15.92223],[99.25196,15.917022],[99.257356,15.915748],[99.267931,15.907299],[99.272895,15.910193],[99.274082,15.903711],[99.278722,15.902901],[99.281636,15.897809],[99.292319,15.893642],[99.291132,15.904985],[99.297498,15.90892],[99.302138,15.907647],[99.304728,15.90348],[99.311634,15.906836],[99.310232,15.91598],[99.312929,15.919105],[99.318649,15.91679],[99.320375,15.919684],[99.318756,15.925008],[99.321023,15.927091],[99.327929,15.919568],[99.325771,15.916211],[99.329224,15.911698],[99.332893,15.911466],[99.343576,15.920147],[99.351885,15.92466],[99.358359,15.925934],[99.364186,15.920957],[99.373898,15.915285],[99.384257,15.917022],[99.399149,15.913897],[99.403789,15.910887],[99.415767,15.911235],[99.425371,15.920378],[99.43109,15.909383],[99.436594,15.911119],[99.439291,15.906605],[99.4476,15.902438],[99.450298,15.9051],[99.461089,15.905216],[99.465945,15.900818],[99.476952,15.902554],[99.476844,15.907068],[99.481376,15.912045],[99.477707,15.921072],[99.492922,15.924197],[99.502742,15.928248],[99.513101,15.923387],[99.523892,15.925471],[99.526266,15.921767],[99.531122,15.920378],[99.532633,15.924545],[99.538676,15.924776],[99.546877,15.918873],[99.552704,15.916211],[99.556049,15.907184],[99.561984,15.907184],[99.570725,15.904522],[99.575797,15.905911],[99.581192,15.903364],[99.585617,15.906721],[99.592739,15.906373],[99.597271,15.903711],[99.598997,15.897577],[99.606335,15.898619],[99.612054,15.893179],[99.616695,15.892369],[99.620579,15.887739],[99.62414,15.887276],[99.625327,15.881721],[99.630399,15.881142],[99.633744,15.884962],[99.637845,15.883341],[99.645398,15.886235],[99.658132,15.878943],[99.66234,15.87304],[99.657916,15.862161],[99.663635,15.855332],[99.675181,15.861351],[99.682951,15.863087],[99.685541,15.868874],[99.697735,15.877323],[99.703346,15.875124],[99.723525,15.87304],[99.732697,15.865402],[99.736366,15.858804],[99.74392,15.858457],[99.743272,15.861582],[99.746833,15.867022],[99.747912,15.876397],[99.762588,15.893874],[99.771005,15.898619],[99.773595,15.904869],[99.767984,15.91598],[99.769386,15.922114],[99.782551,15.924776],[99.788055,15.927091],[99.792371,15.922809],[99.799709,15.920378],[99.804997,15.92061],[99.806939,15.92385],[99.804781,15.929869],[99.807263,15.944105],[99.818701,15.947114],[99.825176,15.950586],[99.828197,15.958109],[99.828197,15.962855],[99.833808,15.965054],[99.847405,15.981836],[99.847405,15.998734],[99.845247,16.003248],[99.845247,16.023502],[99.85388,16.027322],[99.855282,16.029405],[99.875569,16.03415],[99.873627,16.036928],[99.883986,16.039706],[99.888626,16.038201],[99.895101,16.039474],[99.895101,16.043062],[99.910208,16.051627],[99.911179,16.049081],[99.926826,16.051627],[99.935135,16.056025],[99.933517,16.060308],[99.943444,16.072692],[99.949487,16.07709],[99.958336,16.086349],[99.958228,16.090053],[99.964487,16.096882],[99.972904,16.110192],[99.989414,16.122229],[99.996428,16.123039],[99.996752,16.133224],[100.004845,16.139242],[100.006248,16.14283],[100.016715,16.148849],[100.016499,16.154867],[100.021571,16.162506],[100.024161,16.175469],[100.022218,16.188895],[100.024808,16.19121],[100.033873,16.196302],[100.038189,16.196302],[100.046822,16.207297],[100.047145,16.210191],[100.036894,16.22026],[100.032254,16.228594],[100.02729,16.241209],[100.021895,16.249427],[100.021463,16.253015],[100.025887,16.256255],[100.026966,16.266672],[100.031175,16.278362],[100.026966,16.290283],[100.019197,16.296996],[100.021139,16.312505],[100.012938,16.320607],[100.014557,16.32732],[100.012938,16.332181],[100.007543,16.332644],[100.005384,16.339473],[100.001823,16.342829],[99.997507,16.354056],[99.995133,16.357181],[99.994378,16.364357],[99.988551,16.369681],[99.98445,16.375931],[99.983695,16.381023],[99.986716,16.389356],[99.994054,16.40313],[99.995349,16.410768],[99.99373,16.431717],[99.993946,16.440166],[99.99891,16.44931],[99.99891,16.45475],[100.002687,16.46424],[100.010132,16.470722],[100.034304,16.500698],[100.024916,16.514587],[100.024916,16.520258],[100.020276,16.521532],[100.015312,16.520027],[100.010564,16.5213],[100.011643,16.530096],[100.011643,16.55417],[100.013909,16.559957],[100.011104,16.561578],[100.012183,16.573383],[100.013801,16.574193],[100.014988,16.582179],[100.010564,16.581485],[100.007866,16.585883],[100.004629,16.584726],[100.004413,16.57998],[99.996212,16.579517],[99.99373,16.577434],[99.985853,16.578013],[99.984558,16.574772],[99.970746,16.57998],[99.962329,16.579054],[99.950135,16.575466],[99.942581,16.574425],[99.929848,16.576624],[99.925208,16.578939],[99.925316,16.584031],[99.914525,16.603823],[99.915388,16.609494],[99.912906,16.611693],[99.910208,16.620489],[99.899525,16.636693],[99.898338,16.64792],[99.895856,16.651855],[99.897475,16.658105],[99.893482,16.660882],[99.894561,16.664355],[99.888734,16.671183],[99.888518,16.679517],[99.891864,16.686461],[99.884742,16.693868],[99.890461,16.697572],[99.892295,16.70822],[99.888626,16.715049],[99.883663,16.711114],[99.872332,16.715859],[99.875569,16.718174],[99.871685,16.725002],[99.86575,16.723845],[99.860246,16.731021],[99.856793,16.728938],[99.853448,16.735188]]]}},{"type":"Feature","id":"TH63","bbox":[97.742307,15.179989,99.466916,17.867703],"properties":{"ADM1_PCODE":"TH63","ADM1_TH":"ตาก","ADM1_EN":"Tak"},"geometry":{"type":"Polygon","coordinates":[[[98.089236,17.637149],[98.085999,17.637265],[98.072726,17.647797],[98.066143,17.649881],[98.057187,17.662959],[98.051575,17.667357],[98.047583,17.667126],[98.043051,17.675459],[98.042943,17.68032],[98.03895,17.686802],[98.040677,17.689116],[98.037547,17.696524],[98.030641,17.702427],[98.031288,17.709024],[98.022871,17.710876],[98.024166,17.716547],[98.027512,17.720714],[98.021253,17.726269],[98.01985,17.732519],[98.016829,17.73194],[98.013699,17.739116],[98.0219,17.738306],[98.012512,17.751963],[98.007764,17.762959],[98.01057,17.768051],[98.006469,17.77488],[97.99816,17.775227],[97.999131,17.781361],[97.994599,17.785991],[97.990607,17.796523],[97.986722,17.798144],[97.985427,17.806477],[97.98888,17.810065],[97.979708,17.813884],[97.98111,17.817472],[97.978844,17.823491],[97.975175,17.822912],[97.978197,17.831708],[97.98165,17.83275],[97.981866,17.839694],[97.974852,17.848027],[97.970535,17.850574],[97.967082,17.856361],[97.973449,17.862958],[97.969456,17.867703],[97.95586,17.863768],[97.954241,17.860527],[97.944745,17.85856],[97.925969,17.85775],[97.918307,17.858213],[97.910214,17.851847],[97.910646,17.849069],[97.907085,17.839694],[97.901905,17.836453],[97.899639,17.828236],[97.906005,17.820134],[97.905898,17.814926],[97.902444,17.809718],[97.894675,17.803931],[97.885719,17.801269],[97.877733,17.79525],[97.87169,17.79525],[97.866619,17.789],[97.845792,17.778931],[97.840612,17.78032],[97.833167,17.779857],[97.826045,17.781593],[97.817412,17.786338],[97.812664,17.785065],[97.805326,17.78032],[97.795075,17.777079],[97.785147,17.785065],[97.773708,17.779162],[97.765939,17.778583],[97.762054,17.7765],[97.759033,17.778931],[97.752558,17.778005],[97.746299,17.785991],[97.742307,17.785759],[97.744897,17.777195],[97.743925,17.773259],[97.748242,17.768746],[97.758277,17.770713],[97.765076,17.759255],[97.773708,17.749533],[97.768313,17.745945],[97.76227,17.746176],[97.76227,17.734602],[97.764644,17.730783],[97.76281,17.72569],[97.76691,17.720945],[97.774032,17.707635],[97.778133,17.70613],[97.783852,17.698144],[97.791406,17.691316],[97.794535,17.678816],[97.80252,17.675112],[97.803491,17.671293],[97.808995,17.668978],[97.81957,17.660413],[97.821512,17.652658],[97.827124,17.650807],[97.82885,17.645714],[97.846332,17.630552],[97.849677,17.625112],[97.877194,17.606131],[97.881186,17.600691],[97.885071,17.599765],[97.90007,17.589117],[97.906437,17.582983],[97.907624,17.573955],[97.911077,17.567011],[97.909998,17.563539],[97.913775,17.55914],[97.919063,17.55752],[97.9223,17.548492],[97.923055,17.539233],[97.931472,17.538307],[97.935249,17.532983],[97.940213,17.531131],[97.950248,17.530553],[97.962334,17.527312],[97.96773,17.520483],[97.96514,17.516548],[97.970427,17.508099],[97.978844,17.509604],[97.982405,17.508562],[97.989527,17.511919],[97.995247,17.506132],[98.004419,17.491548],[98.008951,17.488076],[98.014347,17.479743],[98.033554,17.457174],[98.03636,17.452081],[98.041756,17.450692],[98.048662,17.442706],[98.055352,17.442012],[98.056755,17.438424],[98.051899,17.43391],[98.046612,17.43391],[98.045317,17.43009],[98.052547,17.424188],[98.057834,17.422683],[98.063769,17.415044],[98.065927,17.409952],[98.070999,17.407753],[98.075208,17.399767],[98.082437,17.39016],[98.08697,17.3956],[98.091934,17.391665],[98.10035,17.390855],[98.109739,17.385646],[98.107904,17.382058],[98.108875,17.376734],[98.117076,17.375345],[98.119019,17.370716],[98.110818,17.36354],[98.109307,17.357753],[98.104775,17.354165],[98.107149,17.350114],[98.104451,17.346989],[98.104559,17.337498],[98.108444,17.325924],[98.11276,17.31898],[98.120098,17.322915],[98.125062,17.3206],[98.128839,17.314119],[98.129594,17.306943],[98.134126,17.306596],[98.137471,17.29861],[98.13445,17.293054],[98.136608,17.291202],[98.146644,17.291781],[98.152794,17.283448],[98.160996,17.279976],[98.16747,17.272568],[98.164341,17.266203],[98.166607,17.262846],[98.171031,17.262962],[98.174808,17.258448],[98.183549,17.258101],[98.189268,17.255207],[98.196822,17.25486],[98.204051,17.250346],[98.208907,17.242592],[98.208368,17.237036],[98.213008,17.22824],[98.218296,17.228124],[98.227036,17.220717],[98.23869,17.230323],[98.244086,17.22662],[98.243654,17.221643],[98.234158,17.217708],[98.228655,17.211689],[98.227252,17.205902],[98.230489,17.202546],[98.23869,17.209837],[98.245381,17.211226],[98.247215,17.208796],[98.243762,17.198726],[98.24592,17.195948],[98.251424,17.196527],[98.248834,17.184143],[98.250992,17.182175],[98.261351,17.187731],[98.264265,17.18449],[98.258654,17.178009],[98.26092,17.174652],[98.266531,17.177661],[98.279696,17.1728],[98.279372,17.167939],[98.269553,17.164004],[98.267071,17.159259],[98.271063,17.152314],[98.281962,17.15243],[98.286171,17.156018],[98.290271,17.154745],[98.297933,17.147106],[98.295343,17.141551],[98.290163,17.144444],[98.285739,17.144328],[98.286386,17.129861],[98.281638,17.123379],[98.28002,17.115278],[98.284768,17.11169],[98.292861,17.11331],[98.295343,17.117245],[98.29394,17.123842],[98.299228,17.125926],[98.299551,17.109722],[98.303328,17.107523],[98.306673,17.11088],[98.318328,17.112268],[98.321457,17.108449],[98.316493,17.103588],[98.317033,17.096528],[98.307537,17.099884],[98.305378,17.09456],[98.299875,17.090625],[98.31304,17.087963],[98.312177,17.078472],[98.318543,17.068287],[98.327284,17.06007],[98.333651,17.05625],[98.337536,17.051042],[98.344442,17.047917],[98.353398,17.049653],[98.359981,17.048727],[98.367966,17.05463],[98.38016,17.058797],[98.383829,17.057292],[98.390627,17.060417],[98.393001,17.058912],[98.390843,17.051505],[98.395483,17.04757],[98.399583,17.04757],[98.401526,17.054167],[98.404547,17.056135],[98.411993,17.053241],[98.415015,17.044213],[98.423863,17.04375],[98.424079,17.037616],[98.429906,17.039005],[98.438215,17.03507],[98.437891,17.030324],[98.430985,17.021528],[98.44156,17.021065],[98.450733,17.024422],[98.455696,17.020139],[98.452135,17.01794],[98.455265,17.010764],[98.449438,17.002663],[98.447495,16.997107],[98.457531,16.991204],[98.465085,16.992015],[98.468646,16.99595],[98.473286,16.993519],[98.473286,16.986343],[98.480516,16.980556],[98.478142,16.976042],[98.46843,16.974769],[98.46843,16.971413],[98.474365,16.968288],[98.482674,16.971876],[98.489796,16.968172],[98.488177,16.957987],[98.499292,16.957524],[98.507493,16.949306],[98.49476,16.949306],[98.489472,16.94352],[98.48235,16.940047],[98.483213,16.935649],[98.490659,16.934492],[98.489256,16.925348],[98.494004,16.923381],[98.498429,16.92801],[98.505551,16.927779],[98.501342,16.920603],[98.50199,16.91551],[98.505874,16.911228],[98.508572,16.91551],[98.520658,16.917941],[98.522169,16.913311],[98.519363,16.908566],[98.512888,16.904747],[98.513536,16.901506],[98.535226,16.898844],[98.536197,16.894909],[98.528427,16.890395],[98.525945,16.884955],[98.527564,16.880557],[98.534039,16.87315],[98.53706,16.865395],[98.524651,16.871413],[98.5226,16.876043],[98.517205,16.879863],[98.509867,16.88021],[98.507061,16.877895],[98.512565,16.869677],[98.515586,16.860071],[98.510946,16.856367],[98.508572,16.865858],[98.505227,16.8669],[98.499616,16.863312],[98.49681,16.858566],[98.495515,16.850002],[98.491954,16.843404],[98.492494,16.840627],[98.498213,16.834608],[98.504471,16.832756],[98.509327,16.837617],[98.521953,16.835303],[98.525514,16.827317],[98.531341,16.829516],[98.53706,16.829168],[98.539866,16.826275],[98.541808,16.819215],[98.547096,16.816321],[98.547312,16.812965],[98.530046,16.810187],[98.520118,16.807756],[98.514399,16.8044],[98.515478,16.798497],[98.524543,16.799539],[98.525406,16.79653],[98.519795,16.789933],[98.514831,16.791206],[98.514507,16.79572],[98.510406,16.797803],[98.506414,16.796414],[98.506414,16.788196],[98.498968,16.785882],[98.49681,16.790395],[98.488501,16.791553],[98.484077,16.787618],[98.483213,16.782062],[98.489796,16.772687],[98.477062,16.764007],[98.476307,16.75278],[98.479436,16.749192],[98.476199,16.745488],[98.471343,16.750812],[98.465408,16.752317],[98.462387,16.746877],[98.468861,16.73866],[98.463034,16.730326],[98.468861,16.728127],[98.470264,16.724424],[98.475768,16.722225],[98.470048,16.71609],[98.47048,16.712618],[98.484184,16.716901],[98.492386,16.709493],[98.493896,16.714817],[98.50091,16.715859],[98.503069,16.711229],[98.496918,16.703591],[98.498752,16.696183],[98.509867,16.700697],[98.516126,16.694679],[98.514507,16.685535],[98.518284,16.677549],[98.514075,16.668984],[98.514507,16.656484],[98.511378,16.649424],[98.516126,16.648035],[98.523679,16.648845],[98.523248,16.643521],[98.531773,16.639702],[98.533931,16.635535],[98.538031,16.634494],[98.543966,16.638545],[98.553894,16.633568],[98.558966,16.635651],[98.561016,16.62998],[98.568138,16.63241],[98.57116,16.631253],[98.57116,16.625003],[98.57321,16.619795],[98.568678,16.616786],[98.570512,16.606832],[98.577095,16.605443],[98.576339,16.599077],[98.580871,16.600466],[98.582598,16.59248],[98.582382,16.579517],[98.579684,16.573846],[98.585727,16.568869],[98.578929,16.567828],[98.576123,16.561462],[98.578713,16.556716],[98.584324,16.5588],[98.587022,16.55417],[98.582814,16.550467],[98.583353,16.546879],[98.590799,16.543291],[98.597166,16.546531],[98.595115,16.537967],[98.600079,16.530096],[98.60623,16.525119],[98.611734,16.51424],[98.613028,16.507874],[98.620798,16.498036],[98.626301,16.496069],[98.629107,16.487735],[98.632668,16.484032],[98.633207,16.478129],[98.642596,16.478476],[98.643459,16.473036],[98.648099,16.473268],[98.651552,16.470143],[98.650905,16.462388],[98.657595,16.454287],[98.652739,16.450814],[98.642164,16.434495],[98.639143,16.431254],[98.636984,16.424426],[98.640114,16.417828],[98.636445,16.41019],[98.641517,16.408917],[98.643675,16.402782],[98.650581,16.399889],[98.648639,16.394333],[98.653387,16.386463],[98.654034,16.382065],[98.657703,16.376162],[98.653818,16.373269],[98.662991,16.367482],[98.662127,16.360306],[98.65835,16.359727],[98.652631,16.354403],[98.655437,16.349542],[98.659322,16.349658],[98.666336,16.34607],[98.666444,16.334033],[98.667739,16.323385],[98.663206,16.319681],[98.664825,16.316787],[98.6713,16.318061],[98.66817,16.307644],[98.67022,16.296302],[98.666983,16.292829],[98.670976,16.284496],[98.676048,16.280098],[98.673566,16.275005],[98.676263,16.270723],[98.680256,16.272922],[98.681875,16.281255],[98.693529,16.274079],[98.692558,16.27107],[98.699464,16.26864],[98.704212,16.271996],[98.706262,16.280792],[98.706478,16.293061],[98.718672,16.295144],[98.720398,16.301741],[98.71878,16.310538],[98.721585,16.314704],[98.72752,16.314588],[98.72806,16.320723],[98.725146,16.32188],[98.726873,16.328593],[98.733779,16.33276],[98.735398,16.337158],[98.742951,16.338547],[98.748131,16.346185],[98.753095,16.343408],[98.760217,16.344797],[98.766692,16.342945],[98.768526,16.346996],[98.77295,16.347111],[98.782878,16.355792],[98.782015,16.365398],[98.785684,16.368986],[98.791079,16.369565],[98.797122,16.375699],[98.806402,16.379287],[98.81115,16.383569],[98.816654,16.38438],[98.817085,16.389125],[98.813308,16.39468],[98.827984,16.412852],[98.829171,16.420838],[98.834459,16.422227],[98.84061,16.421416],[98.844602,16.418754],[98.851077,16.421648],[98.856796,16.427203],[98.863594,16.428014],[98.865213,16.42512],[98.872011,16.422227],[98.877838,16.425236],[98.883557,16.421995],[98.890895,16.412041],[98.891435,16.407296],[98.899096,16.404171],[98.89996,16.400815],[98.913125,16.392944],[98.918628,16.384264],[98.916902,16.378593],[98.920247,16.369565],[98.916686,16.357528],[98.912046,16.353477],[98.909132,16.34688],[98.911398,16.343871],[98.920894,16.345028],[98.929203,16.336232],[98.931577,16.329403],[98.928987,16.323153],[98.924239,16.307065],[98.916362,16.305908],[98.910751,16.297922],[98.912585,16.293987],[98.909779,16.281487],[98.906866,16.273848],[98.910535,16.267829],[98.905571,16.261695],[98.90406,16.254635],[98.898989,16.250237],[98.887766,16.248154],[98.887118,16.243293],[98.881939,16.23982],[98.881723,16.236001],[98.876867,16.229982],[98.872982,16.239126],[98.868882,16.233223],[98.865429,16.23276],[98.852048,16.21945],[98.85248,16.213895],[98.858091,16.20776],[98.861112,16.19746],[98.859602,16.19445],[98.85399,16.192714],[98.860141,16.187159],[98.859925,16.17871],[98.861328,16.169335],[98.85712,16.164126],[98.851185,16.161464],[98.85399,16.15614],[98.852048,16.150816],[98.851293,16.135191],[98.847839,16.127784],[98.840717,16.12952],[98.838559,16.127321],[98.83079,16.125817],[98.828092,16.120608],[98.829387,16.117252],[98.822697,16.112043],[98.81579,16.111349],[98.810179,16.109034],[98.805647,16.104405],[98.797122,16.106372],[98.789029,16.110655],[98.78482,16.118409],[98.784281,16.123386],[98.778238,16.128826],[98.772195,16.126048],[98.769821,16.121418],[98.755901,16.119914],[98.749534,16.121187],[98.743599,16.118525],[98.7327,16.122113],[98.716622,16.124196],[98.713384,16.132529],[98.708744,16.135076],[98.701622,16.136002],[98.685651,16.128479],[98.677882,16.127321],[98.680364,16.12084],[98.677342,16.112159],[98.666552,16.111002],[98.669141,16.104173],[98.674105,16.099312],[98.671947,16.090632],[98.658998,16.082298],[98.662883,16.075354],[98.659645,16.07246],[98.643351,16.066558],[98.639143,16.061697],[98.631373,16.063201],[98.626733,16.058803],[98.630941,16.050701],[98.625006,16.046072],[98.613676,16.039822],[98.607957,16.042947],[98.607633,16.04966],[98.605475,16.057877],[98.608712,16.061234],[98.602453,16.065169],[98.601158,16.072692],[98.588749,16.075933],[98.584432,16.074659],[98.580008,16.069335],[98.580332,16.062275],[98.576339,16.059035],[98.566951,16.056488],[98.562311,16.043988],[98.561124,16.032299],[98.564901,16.029174],[98.574936,16.025007],[98.57785,16.018757],[98.589936,16.013549],[98.597274,16.007762],[98.597166,16.00429],[98.601374,15.993641],[98.604504,15.991095],[98.606554,15.985192],[98.605583,15.981604],[98.60882,15.972924],[98.60623,15.965285],[98.602345,15.965054],[98.594036,15.959498],[98.591878,15.948387],[98.59231,15.938433],[98.587993,15.932299],[98.584001,15.918063],[98.584972,15.91216],[98.589288,15.906373],[98.588209,15.902786],[98.589073,15.891906],[98.593389,15.885888],[98.596518,15.884846],[98.595439,15.875355],[98.600403,15.872462],[98.605259,15.87605],[98.60882,15.872577],[98.591447,15.833457],[98.576879,15.800008],[98.566951,15.768411],[98.564793,15.757532],[98.557023,15.726398],[98.546664,15.682069],[98.546988,15.679523],[98.557779,15.65244],[98.57321,15.655796],[98.574505,15.659963],[98.584864,15.659616],[98.588425,15.646074],[98.591878,15.644107],[98.600943,15.645033],[98.60828,15.641213],[98.612273,15.644685],[98.626949,15.637625],[98.622417,15.629523],[98.626517,15.626283],[98.632452,15.627787],[98.639898,15.637972],[98.648639,15.632533],[98.654142,15.620959],[98.654142,15.612857],[98.657811,15.608459],[98.661372,15.598389],[98.66817,15.594223],[98.675508,15.578251],[98.693853,15.557996],[98.702485,15.544686],[98.705938,15.536468],[98.713924,15.525705],[98.719643,15.522695],[98.723851,15.516677],[98.717916,15.511932],[98.719103,15.506608],[98.711981,15.504987],[98.704428,15.509964],[98.701083,15.50383],[98.705399,15.498274],[98.713384,15.495034],[98.719427,15.490867],[98.729679,15.488552],[98.732053,15.483344],[98.73734,15.479409],[98.741333,15.479177],[98.746728,15.482765],[98.754498,15.474895],[98.760756,15.470612],[98.758382,15.468413],[98.754821,15.45846],[98.759138,15.45221],[98.754606,15.441793],[98.762699,15.437627],[98.779964,15.421654],[98.780288,15.416215],[98.783417,15.408344],[98.790971,15.404062],[98.797877,15.393298],[98.801546,15.391562],[98.803273,15.384849],[98.81374,15.376284],[98.823128,15.361007],[98.829603,15.355567],[98.830682,15.346192],[98.833919,15.345382],[98.840178,15.348044],[98.854746,15.337627],[98.860789,15.331262],[98.870824,15.32478],[98.876867,15.315521],[98.881831,15.309734],[98.891435,15.290405],[98.891219,15.287512],[98.886255,15.275128],[98.898233,15.273044],[98.901902,15.268993],[98.909887,15.268415],[98.915283,15.264248],[98.915175,15.256146],[98.918196,15.254179],[98.921326,15.247581],[98.938376,15.250244],[98.944742,15.252327],[98.955533,15.247003],[98.955641,15.239017],[98.958231,15.231031],[98.961684,15.225244],[98.963518,15.216679],[98.963087,15.208114],[98.965677,15.203022],[98.970209,15.198623],[98.97118,15.191563],[98.983913,15.179989],[98.98769,15.186239],[98.991683,15.186818],[98.995244,15.183693],[99.002258,15.184735],[99.002258,15.193184],[99.006466,15.199202],[99.004956,15.2036],[99.008301,15.207651],[99.005279,15.221077],[99.006143,15.227558],[99.008517,15.230568],[99.006143,15.23867],[99.012941,15.244919],[99.019523,15.246308],[99.019631,15.260429],[99.016718,15.265174],[99.021142,15.269919],[99.02384,15.278716],[99.038084,15.288206],[99.037005,15.29816],[99.033012,15.298507],[99.03107,15.302558],[99.030962,15.310428],[99.032473,15.31772],[99.030746,15.327442],[99.031501,15.337511],[99.034091,15.340752],[99.043156,15.346192],[99.043156,15.350243],[99.046501,15.359734],[99.045206,15.362511],[99.045098,15.373159],[99.049306,15.37802],[99.053083,15.378599],[99.060313,15.391909],[99.067219,15.392488],[99.069378,15.397812],[99.068191,15.403252],[99.068514,15.413553],[99.067435,15.42096],[99.063766,15.422928],[99.064198,15.428483],[99.062471,15.437279],[99.059018,15.438437],[99.06204,15.454756],[99.0615,15.460775],[99.064953,15.462858],[99.063658,15.470034],[99.064738,15.473274],[99.07078,15.479872],[99.076068,15.487858],[99.07855,15.498737],[99.074881,15.508344],[99.07132,15.512742],[99.063119,15.515983],[99.054486,15.526515],[99.054054,15.539131],[99.050493,15.544339],[99.048119,15.55545],[99.051141,15.563089],[99.054594,15.563436],[99.060421,15.567487],[99.067327,15.568644],[99.075421,15.574894],[99.094197,15.583227],[99.090852,15.588899],[99.092578,15.595959],[99.096571,15.600125],[99.097218,15.611121],[99.105851,15.614362],[99.110059,15.625125],[99.115563,15.631607],[99.116426,15.645264],[99.112326,15.648505],[99.115995,15.662162],[99.111678,15.666676],[99.117505,15.678829],[99.117505,15.683574],[99.121606,15.686352],[99.123009,15.692255],[99.126462,15.694917],[99.124088,15.698504],[99.126246,15.710426],[99.125598,15.713782],[99.128188,15.722578],[99.133152,15.728134],[99.138332,15.730564],[99.138224,15.735194],[99.134555,15.739824],[99.133692,15.745611],[99.130454,15.749777],[99.130023,15.759615],[99.127325,15.76818],[99.128296,15.774546],[99.132397,15.785194],[99.136174,15.789592],[99.133692,15.798272],[99.13067,15.807184],[99.123764,15.814476],[99.113081,15.81899],[99.103369,15.821189],[99.103585,15.827439],[99.096679,15.832184],[99.0956,15.836814],[99.097542,15.844337],[99.096355,15.847578],[99.098729,15.854059],[99.094736,15.857994],[99.094413,15.862971],[99.097434,15.87142],[99.094952,15.875587],[99.088154,15.879638],[99.086104,15.884499],[99.08837,15.891906],[99.085996,15.899198],[99.086211,15.914591],[99.095708,15.924545],[99.096679,15.931605],[99.08988,15.939128],[99.088909,15.945262],[99.085672,15.948503],[99.08114,15.948503],[99.074449,15.954174],[99.074449,15.962044],[99.080384,15.965169],[99.081787,15.97003],[99.085564,15.971767],[99.088586,15.979521],[99.087075,15.994915],[99.082111,16.00591],[99.084053,16.02709],[99.086859,16.034035],[99.086643,16.041326],[99.088262,16.043757],[99.097542,16.047808],[99.104232,16.048965],[99.108225,16.054868],[99.114484,16.060308],[99.113297,16.063664],[99.117289,16.073618],[99.114052,16.080099],[99.109304,16.081951],[99.106391,16.08959],[99.10898,16.092599],[99.108009,16.100354],[99.106175,16.102437],[99.0956,16.102321],[99.092362,16.105678],[99.089773,16.114474],[99.083082,16.114821],[99.081463,16.123965],[99.076608,16.125932],[99.068622,16.132298],[99.059774,16.132877],[99.051896,16.135423],[99.049199,16.143988],[99.051033,16.161696],[99.064845,16.165631],[99.068191,16.165631],[99.069917,16.17408],[99.070133,16.182066],[99.073047,16.185886],[99.073586,16.196534],[99.080384,16.201973],[99.081248,16.209265],[99.079629,16.217946],[99.074018,16.222344],[99.072291,16.229404],[99.064953,16.236117],[99.064414,16.240283],[99.05481,16.246996],[99.05222,16.256371],[99.049306,16.257992],[99.047796,16.26945],[99.04553,16.275121],[99.046717,16.282181],[99.042184,16.290746],[99.044235,16.299774],[99.050817,16.304172],[99.053407,16.30938],[99.051033,16.312968],[99.052112,16.319797],[99.051249,16.334959],[99.042724,16.338662],[99.041429,16.344565],[99.044666,16.353361],[99.041753,16.356834],[99.043048,16.364241],[99.040782,16.36887],[99.041753,16.37512],[99.036573,16.383454],[99.031393,16.384958],[99.024164,16.381949],[99.016394,16.386694],[99.019308,16.392366],[99.020279,16.402782],[99.018984,16.410537],[99.019739,16.417713],[99.024271,16.423153],[99.029343,16.422458],[99.033875,16.430328],[99.040458,16.437852],[99.045422,16.441324],[99.049199,16.440976],[99.061608,16.451393],[99.064306,16.458453],[99.070673,16.462388],[99.074126,16.466902],[99.084053,16.469449],[99.087614,16.472458],[99.099376,16.476509],[99.105851,16.476393],[99.1188,16.478823],[99.12344,16.475236],[99.129807,16.486462],[99.137684,16.493175],[99.138979,16.499425],[99.148152,16.499657],[99.161748,16.506717],[99.165741,16.503013],[99.170057,16.50637],[99.167575,16.510652],[99.170813,16.521763],[99.180416,16.527666],[99.180524,16.532411],[99.18797,16.531369],[99.190668,16.539008],[99.196387,16.537272],[99.199948,16.531022],[99.203617,16.532295],[99.219048,16.527666],[99.223257,16.532874],[99.229084,16.533684],[99.236421,16.532064],[99.240522,16.534147],[99.24322,16.545605],[99.247968,16.549425],[99.245486,16.555328],[99.253255,16.560999],[99.256385,16.568869],[99.254442,16.574193],[99.255737,16.57836],[99.254119,16.585189],[99.249802,16.590165],[99.251205,16.596647],[99.254658,16.603591],[99.246457,16.61204],[99.243759,16.618059],[99.243544,16.626855],[99.241601,16.630674],[99.243651,16.635998],[99.240846,16.641554],[99.247105,16.644563],[99.246025,16.656137],[99.246565,16.66204],[99.25455,16.665744],[99.260593,16.666901],[99.266852,16.670952],[99.272032,16.668984],[99.272355,16.674308],[99.274945,16.677549],[99.271384,16.684609],[99.277211,16.685882],[99.282067,16.689586],[99.285197,16.695604],[99.282823,16.701623],[99.283146,16.706831],[99.288542,16.715396],[99.295772,16.720026],[99.298793,16.73484],[99.302462,16.740164],[99.302786,16.754285],[99.304512,16.758336],[99.305484,16.768636],[99.295772,16.77153],[99.294261,16.778822],[99.291563,16.78403],[99.296851,16.788891],[99.303865,16.786923],[99.310232,16.794215],[99.31649,16.795604],[99.318001,16.801622],[99.324044,16.813196],[99.334835,16.811344],[99.344007,16.813543],[99.35469,16.810881],[99.362891,16.805789],[99.372495,16.803706],[99.381236,16.807872],[99.385121,16.807756],[99.38825,16.812618],[99.382099,16.821182],[99.387495,16.826275],[99.384689,16.830442],[99.387279,16.837502],[99.385552,16.844215],[99.377999,16.846761],[99.380696,16.854515],[99.378754,16.858914],[99.382855,16.865742],[99.391272,16.870372],[99.406163,16.872571],[99.411019,16.872571],[99.41717,16.876275],[99.42181,16.882293],[99.432601,16.875812],[99.436701,16.880557],[99.434651,16.889585],[99.437349,16.900117],[99.440155,16.904978],[99.449003,16.908682],[99.455154,16.912733],[99.456773,16.915742],[99.453967,16.92095],[99.454399,16.924538],[99.441881,16.93345],[99.44145,16.937501],[99.444255,16.943635],[99.438428,16.948612],[99.439507,16.954168],[99.452348,16.961806],[99.457744,16.972107],[99.466916,16.980788],[99.457312,16.977547],[99.437781,16.976737],[99.42904,16.983334],[99.4285,16.991552],[99.421918,16.999075],[99.420839,17.011575],[99.417817,17.016667],[99.4094,17.019098],[99.40994,17.021991],[99.396775,17.022107],[99.392243,17.030556],[99.391703,17.03669],[99.393106,17.04294],[99.387495,17.059838],[99.387171,17.070255],[99.39343,17.078009],[99.393322,17.08287],[99.384689,17.082639],[99.381344,17.090046],[99.370661,17.097106],[99.367424,17.096644],[99.364078,17.091898],[99.359222,17.091782],[99.350806,17.095255],[99.342065,17.094676],[99.33095,17.100231],[99.329439,17.105324],[99.321994,17.114352],[99.320591,17.117824],[99.320375,17.127315],[99.324476,17.132639],[99.32836,17.133333],[99.328037,17.139699],[99.315951,17.142708],[99.314656,17.146759],[99.317569,17.149652],[99.31908,17.157523],[99.317785,17.171064],[99.313145,17.176736],[99.314332,17.179629],[99.312282,17.188773],[99.314872,17.19456],[99.319404,17.212268],[99.313901,17.219907],[99.318001,17.223495],[99.319728,17.229397],[99.318756,17.238194],[99.320807,17.241203],[99.321346,17.248842],[99.318864,17.256365],[99.318972,17.262499],[99.315303,17.269791],[99.309368,17.270369],[99.303973,17.273031],[99.298254,17.287036],[99.297175,17.303471],[99.293074,17.311225],[99.286168,17.312267],[99.28606,17.319327],[99.276672,17.33148],[99.277751,17.346295],[99.270953,17.349304],[99.271168,17.365739],[99.275377,17.381248],[99.270413,17.399998],[99.260377,17.405554],[99.250018,17.406711],[99.238364,17.402776],[99.228112,17.405554],[99.225091,17.404628],[99.21689,17.395368],[99.207933,17.382868],[99.210955,17.376619],[99.20502,17.368054],[99.19725,17.363887],[99.196603,17.360299],[99.190884,17.354049],[99.17815,17.34942],[99.173618,17.335647],[99.164662,17.332637],[99.160022,17.333216],[99.15495,17.338309],[99.148799,17.351387],[99.141785,17.360994],[99.134771,17.361572],[99.127325,17.365855],[99.121606,17.364813],[99.117074,17.367475],[99.114268,17.361457],[99.108333,17.359373],[99.103477,17.36516],[99.096571,17.370832],[99.085888,17.377544],[99.079845,17.373957],[99.077255,17.376387],[99.070888,17.37523],[99.066896,17.376966],[99.063874,17.384142],[99.056536,17.388193],[99.046825,17.385646],[99.041321,17.390623],[99.042184,17.396179],[99.034523,17.402544],[99.031825,17.410878],[99.021574,17.411109],[99.015099,17.414813],[99.011538,17.418864],[99.010135,17.424882],[99.0042,17.436919],[99.0001,17.439118],[98.997402,17.445021],[98.991575,17.448609],[98.992762,17.45185],[98.987151,17.4559],[98.986071,17.460993],[98.979057,17.466896],[98.968698,17.464581],[98.957583,17.468053],[98.953914,17.474187],[98.945605,17.468632],[98.937188,17.471062],[98.931253,17.474419],[98.932872,17.483099],[98.929527,17.485067],[98.926505,17.491896],[98.929743,17.494442],[98.926398,17.501039],[98.927153,17.507983],[98.921865,17.512613],[98.924779,17.525576],[98.921865,17.529974],[98.914204,17.532057],[98.910103,17.536687],[98.90255,17.532057],[98.898665,17.527543],[98.894456,17.518863],[98.890356,17.518053],[98.889493,17.513886],[98.881939,17.509372],[98.879457,17.497798],[98.879673,17.49097],[98.871364,17.49259],[98.869853,17.500229],[98.859062,17.510993],[98.853451,17.513655],[98.838991,17.514696],[98.833919,17.512266],[98.830898,17.515044],[98.819459,17.510414],[98.815898,17.507289],[98.81428,17.499534],[98.811798,17.498146],[98.795719,17.49884],[98.785468,17.496062],[98.776943,17.489696],[98.763778,17.484141],[98.757195,17.478817],[98.754929,17.472335],[98.749966,17.468053],[98.742304,17.4684],[98.73324,17.464928],[98.723959,17.463655],[98.718564,17.465623],[98.714248,17.455785],[98.710686,17.454164],[98.702809,17.446988],[98.699356,17.434257],[98.6904,17.427776],[98.690723,17.433215],[98.686839,17.441201],[98.680903,17.447104],[98.683062,17.454164],[98.682738,17.460414],[98.688133,17.473956],[98.693529,17.477544],[98.700111,17.478817],[98.705183,17.487845],[98.70432,17.494905],[98.705615,17.501155],[98.702054,17.504395],[98.696982,17.513539],[98.697953,17.517821],[98.702593,17.526618],[98.701946,17.535761],[98.703996,17.542705],[98.702485,17.554511],[98.695687,17.574187],[98.694284,17.584603],[98.686191,17.5912],[98.682522,17.596756],[98.684357,17.603932],[98.689752,17.614927],[98.688349,17.624186],[98.691694,17.631478],[98.686839,17.638307],[98.684572,17.648723],[98.68932,17.655552],[98.683925,17.663654],[98.687918,17.667126],[98.698169,17.666663],[98.715542,17.673723],[98.724499,17.675922],[98.729679,17.68113],[98.737556,17.682635],[98.74511,17.689464],[98.746297,17.692704],[98.743167,17.702427],[98.735614,17.710065],[98.725794,17.715389],[98.724499,17.725343],[98.716729,17.732519],[98.709392,17.736338],[98.703349,17.743746],[98.702162,17.748144],[98.70432,17.752079],[98.705507,17.760991],[98.696658,17.769672],[98.693529,17.77569],[98.68932,17.777889],[98.686731,17.782171],[98.685436,17.790968],[98.68468,17.796523],[98.678961,17.805204],[98.675508,17.816315],[98.671407,17.820134],[98.672594,17.831477],[98.669141,17.834486],[98.659645,17.826616],[98.652955,17.826153],[98.649178,17.817935],[98.638711,17.811569],[98.635042,17.804162],[98.631481,17.800921],[98.634826,17.791315],[98.63051,17.781014],[98.626085,17.778931],[98.6181,17.779046],[98.613028,17.78113],[98.608172,17.787033],[98.597597,17.803005],[98.592418,17.803931],[98.586051,17.800574],[98.581519,17.801153],[98.580332,17.806245],[98.571052,17.80856],[98.564253,17.797565],[98.561664,17.795482],[98.556484,17.797449],[98.553247,17.80231],[98.547743,17.806014],[98.543966,17.811454],[98.53965,17.814463],[98.531341,17.814694],[98.524219,17.820944],[98.522384,17.824301],[98.517205,17.824764],[98.51386,17.821755],[98.515478,17.816778],[98.50814,17.812495],[98.502961,17.81562],[98.495731,17.816199],[98.49163,17.81238],[98.492817,17.802889],[98.497349,17.796292],[98.500695,17.795829],[98.509867,17.787958],[98.508248,17.782519],[98.509112,17.771408],[98.50609,17.768514],[98.503608,17.76157],[98.505658,17.752889],[98.516665,17.737496],[98.516234,17.730088],[98.519255,17.726038],[98.520658,17.714927],[98.525298,17.707288],[98.522061,17.698491],[98.523356,17.6912],[98.521845,17.680783],[98.524974,17.665968],[98.528319,17.66076],[98.52724,17.657867],[98.531449,17.64745],[98.532204,17.638422],[98.529075,17.634024],[98.532636,17.619094],[98.534686,17.615853],[98.543966,17.614927],[98.549901,17.612034],[98.554649,17.606131],[98.567275,17.595483],[98.577526,17.577196],[98.570512,17.568747],[98.566304,17.567127],[98.563606,17.56215],[98.554541,17.561687],[98.549578,17.559256],[98.54483,17.549303],[98.538247,17.544442],[98.534362,17.539233],[98.52724,17.53634],[98.524327,17.522335],[98.524543,17.515159],[98.520118,17.514118],[98.519903,17.507405],[98.524327,17.497798],[98.522061,17.487034],[98.519579,17.486109],[98.5185,17.47766],[98.528319,17.453586],[98.532528,17.449882],[98.540729,17.449187],[98.546448,17.445831],[98.546125,17.433678],[98.54947,17.430438],[98.557671,17.426618],[98.557239,17.418632],[98.554326,17.40972],[98.55616,17.39722],[98.54947,17.386225],[98.541916,17.369906],[98.537276,17.362151],[98.542348,17.35648],[98.549254,17.353933],[98.554002,17.356364],[98.560584,17.353586],[98.562095,17.350461],[98.557779,17.346179],[98.555189,17.335647],[98.558534,17.325461],[98.560908,17.323147],[98.560476,17.317591],[98.555728,17.31435],[98.557887,17.298841],[98.556808,17.294096],[98.562851,17.292939],[98.575044,17.299999],[98.578929,17.294327],[98.575476,17.291318],[98.574936,17.284837],[98.565548,17.285068],[98.551304,17.281365],[98.546448,17.283216],[98.531988,17.274536],[98.5226,17.278124],[98.518716,17.28148],[98.510083,17.279165],[98.503608,17.28067],[98.497134,17.273494],[98.490227,17.270601],[98.481918,17.273147],[98.477818,17.277314],[98.472099,17.275693],[98.45602,17.273378],[98.453754,17.269096],[98.449977,17.27199],[98.445337,17.268286],[98.440373,17.269443],[98.435086,17.260763],[98.420734,17.252892],[98.413828,17.252314],[98.408864,17.255207],[98.398289,17.252198],[98.390951,17.244443],[98.377786,17.254629],[98.374656,17.262846],[98.368829,17.268633],[98.357822,17.273841],[98.358254,17.283564],[98.35642,17.288772],[98.350916,17.293633],[98.339802,17.295832],[98.327284,17.304513],[98.322644,17.309721],[98.321025,17.318864],[98.31768,17.322684],[98.328255,17.326156],[98.332248,17.329628],[98.329658,17.335415],[98.331277,17.344559],[98.334082,17.347915],[98.328687,17.355554],[98.323615,17.359373],[98.323399,17.36273],[98.317464,17.367244],[98.316925,17.37222],[98.320917,17.37604],[98.319299,17.379628],[98.302789,17.391896],[98.299012,17.400229],[98.295235,17.402544],[98.29189,17.40891],[98.296098,17.412729],[98.308939,17.41354],[98.322536,17.417012],[98.326313,17.42928],[98.319515,17.434951],[98.319515,17.445021],[98.322428,17.448725],[98.324047,17.459836],[98.329658,17.469558],[98.327716,17.479511],[98.327932,17.484257],[98.325018,17.493169],[98.315198,17.505669],[98.315522,17.511803],[98.312608,17.516895],[98.314551,17.526733],[98.308184,17.530553],[98.308939,17.535414],[98.305271,17.549418],[98.298796,17.552891],[98.298149,17.558099],[98.302357,17.565738],[98.297933,17.57546],[98.292214,17.574534],[98.277862,17.576849],[98.270308,17.580089],[98.264805,17.578585],[98.261244,17.573839],[98.254337,17.572103],[98.250668,17.567358],[98.248726,17.557636],[98.242144,17.556478],[98.239122,17.550344],[98.232647,17.549881],[98.22477,17.545599],[98.217109,17.546872],[98.212253,17.541201],[98.203404,17.539349],[98.196822,17.542474],[98.188728,17.540622],[98.187002,17.53796],[98.178153,17.537381],[98.174808,17.542821],[98.167578,17.547682],[98.158514,17.5434],[98.149341,17.540969],[98.142327,17.542705],[98.135961,17.541779],[98.129054,17.552196],[98.126249,17.562265],[98.127652,17.567705],[98.111465,17.578353],[98.10607,17.587728],[98.110278,17.592126],[98.105746,17.59502],[98.103048,17.600575],[98.104775,17.608098],[98.107041,17.611108],[98.099487,17.614464],[98.100027,17.617936],[98.095818,17.624418],[98.093336,17.632404],[98.089236,17.637149]]]}},{"type":"Feature","id":"TH64","bbox":[99.312282,16.682757,100.111352,17.820481],"properties":{"ADM1_PCODE":"TH64","ADM1_TH":"สุโขทัย","ADM1_EN":"Sukhothai"},"geometry":{"type":"Polygon","coordinates":[[[99.894454,17.807171],[99.890893,17.804046],[99.885281,17.807171],[99.882152,17.803236],[99.878591,17.805435],[99.873735,17.802426],[99.867908,17.804046],[99.86521,17.800458],[99.857333,17.798375],[99.850966,17.800806],[99.844707,17.800806],[99.834348,17.798491],[99.81719,17.803236],[99.813737,17.8015],[99.807586,17.802657],[99.80381,17.800574],[99.802083,17.79525],[99.794853,17.791662],[99.782012,17.790157],[99.775429,17.784949],[99.776616,17.776847],[99.7723,17.774996],[99.765178,17.760644],[99.754171,17.752079],[99.756653,17.74907],[99.7532,17.74525],[99.753092,17.740505],[99.749207,17.735181],[99.746294,17.736686],[99.741114,17.728815],[99.734963,17.726616],[99.729784,17.721755],[99.724496,17.722565],[99.72482,17.726038],[99.720072,17.731593],[99.715648,17.732172],[99.710252,17.737264],[99.710144,17.743167],[99.70777,17.75613],[99.706475,17.757635],[99.697842,17.756246],[99.694174,17.760065],[99.690613,17.768514],[99.685001,17.773259],[99.686404,17.77731],[99.680685,17.785759],[99.674966,17.789232],[99.670649,17.799301],[99.662016,17.798722],[99.654679,17.79606],[99.649499,17.796639],[99.644967,17.80231],[99.639679,17.805319],[99.627378,17.814579],[99.620579,17.813305],[99.615076,17.817704],[99.607954,17.816315],[99.60299,17.820481],[99.592307,17.820366],[99.582919,17.816199],[99.570941,17.815968],[99.56479,17.811222],[99.551949,17.812148],[99.54364,17.810643],[99.539647,17.804741],[99.528425,17.79988],[99.51936,17.797565],[99.514396,17.788421],[99.515368,17.782982],[99.510404,17.782519],[99.498642,17.774301],[99.496268,17.769093],[99.486664,17.762496],[99.487527,17.759486],[99.484397,17.754741],[99.481808,17.74525],[99.47447,17.741431],[99.471017,17.737843],[99.479218,17.729278],[99.474362,17.717357],[99.473607,17.709371],[99.475225,17.69745],[99.470693,17.69282],[99.476304,17.676385],[99.471664,17.672218],[99.470585,17.665737],[99.46519,17.660876],[99.455694,17.654857],[99.450622,17.654857],[99.447492,17.644557],[99.449974,17.630552],[99.447061,17.624186],[99.449543,17.613191],[99.453104,17.607173],[99.453535,17.597913],[99.447061,17.599534],[99.442421,17.60289],[99.440047,17.609719],[99.425911,17.60914],[99.419112,17.60046],[99.419976,17.588423],[99.415659,17.583793],[99.415875,17.577312],[99.413177,17.574534],[99.41512,17.570252],[99.424076,17.568168],[99.429687,17.569326],[99.430766,17.565853],[99.435946,17.562728],[99.431738,17.553932],[99.430766,17.548377],[99.432925,17.540854],[99.438644,17.532289],[99.439399,17.527428],[99.431306,17.520946],[99.423213,17.519905],[99.418681,17.504858],[99.421486,17.501039],[99.418141,17.494558],[99.419328,17.48634],[99.416091,17.478933],[99.407566,17.476271],[99.406379,17.468979],[99.41458,17.459257],[99.418249,17.457174],[99.41458,17.450576],[99.421055,17.442243],[99.426342,17.442475],[99.433033,17.434836],[99.441126,17.4331],[99.441234,17.425229],[99.439723,17.420715],[99.43163,17.418632],[99.42699,17.408447],[99.430766,17.390623],[99.432601,17.388887],[99.441881,17.389234],[99.444795,17.381017],[99.449003,17.376619],[99.459686,17.369906],[99.469074,17.368864],[99.470909,17.36597],[99.470585,17.357521],[99.473283,17.355207],[99.474686,17.344211],[99.476736,17.341318],[99.477275,17.326156],[99.464326,17.314582],[99.456881,17.306249],[99.454399,17.298957],[99.451809,17.297105],[99.45224,17.286226],[99.451377,17.281712],[99.453212,17.275462],[99.452672,17.270138],[99.454938,17.267244],[99.455801,17.258911],[99.453643,17.251851],[99.448464,17.250693],[99.440802,17.251619],[99.444579,17.245254],[99.444039,17.238772],[99.440047,17.235069],[99.439831,17.228819],[99.436162,17.228008],[99.43163,17.231944],[99.42645,17.22986],[99.41922,17.2228],[99.420839,17.218981],[99.411019,17.218633],[99.400444,17.220022],[99.394941,17.206481],[99.389761,17.205671],[99.373898,17.210532],[99.369798,17.221295],[99.371308,17.229513],[99.368179,17.230323],[99.360302,17.241897],[99.358467,17.249189],[99.351669,17.255207],[99.348216,17.255786],[99.340446,17.26273],[99.339475,17.267707],[99.330626,17.266087],[99.324368,17.26655],[99.319728,17.270138],[99.315303,17.269791],[99.318972,17.262499],[99.318864,17.256365],[99.321346,17.248842],[99.320807,17.241203],[99.318756,17.238194],[99.319728,17.229397],[99.318001,17.223495],[99.313901,17.219907],[99.319404,17.212268],[99.314872,17.19456],[99.312282,17.188773],[99.314332,17.179629],[99.313145,17.176736],[99.317785,17.171064],[99.31908,17.157523],[99.317569,17.149652],[99.314656,17.146759],[99.315951,17.142708],[99.328037,17.139699],[99.32836,17.133333],[99.324476,17.132639],[99.320375,17.127315],[99.320591,17.117824],[99.321994,17.114352],[99.329439,17.105324],[99.33095,17.100231],[99.342065,17.094676],[99.350806,17.095255],[99.359222,17.091782],[99.364078,17.091898],[99.367424,17.096644],[99.370661,17.097106],[99.381344,17.090046],[99.384689,17.082639],[99.393322,17.08287],[99.39343,17.078009],[99.387171,17.070255],[99.387495,17.059838],[99.393106,17.04294],[99.391703,17.03669],[99.392243,17.030556],[99.396775,17.022107],[99.40994,17.021991],[99.4094,17.019098],[99.417817,17.016667],[99.420839,17.011575],[99.421918,16.999075],[99.4285,16.991552],[99.42904,16.983334],[99.437781,16.976737],[99.457312,16.977547],[99.466916,16.980788],[99.457744,16.972107],[99.452348,16.961806],[99.439507,16.954168],[99.438428,16.948612],[99.444255,16.943635],[99.44145,16.937501],[99.441881,16.93345],[99.454399,16.924538],[99.453967,16.92095],[99.456773,16.915742],[99.455154,16.912733],[99.449003,16.908682],[99.440155,16.904978],[99.437349,16.900117],[99.434651,16.889585],[99.436701,16.880557],[99.432601,16.875812],[99.436917,16.872108],[99.4476,16.869909],[99.449651,16.875001],[99.46001,16.881136],[99.466808,16.889816],[99.466377,16.896298],[99.47447,16.905441],[99.488714,16.910418],[99.493354,16.90058],[99.499181,16.891205],[99.507274,16.887733],[99.512562,16.884029],[99.513209,16.872918],[99.51731,16.857756],[99.522382,16.853127],[99.523245,16.846761],[99.529504,16.835766],[99.531014,16.825349],[99.533928,16.825928],[99.536949,16.831946],[99.537057,16.836229],[99.541697,16.839932],[99.544287,16.851275],[99.542453,16.855673],[99.544719,16.86227],[99.555941,16.858798],[99.559502,16.853242],[99.565869,16.854284],[99.565761,16.858798],[99.570725,16.859608],[99.573531,16.849886],[99.573315,16.836229],[99.574178,16.829747],[99.580761,16.821414],[99.578926,16.8169],[99.579574,16.808798],[99.583027,16.802895],[99.594573,16.790511],[99.601479,16.789701],[99.604932,16.784493],[99.605688,16.778474],[99.610759,16.773729],[99.614536,16.766206],[99.618529,16.763891],[99.622737,16.757178],[99.631046,16.755326],[99.63396,16.750118],[99.637629,16.749424],[99.64119,16.744678],[99.653815,16.746414],[99.658671,16.740743],[99.664175,16.739817],[99.670433,16.73565],[99.67216,16.730674],[99.677555,16.727896],[99.681548,16.729748],[99.694389,16.730905],[99.693742,16.722688],[99.695037,16.717942],[99.705828,16.719215],[99.708849,16.724771],[99.714892,16.721299],[99.733884,16.733567],[99.736582,16.740049],[99.744783,16.742248],[99.744891,16.736924],[99.741654,16.729979],[99.749207,16.72535],[99.751366,16.720489],[99.755574,16.721646],[99.759351,16.710419],[99.759027,16.698382],[99.76043,16.68785],[99.759567,16.684956],[99.769386,16.682757],[99.776077,16.687503],[99.784602,16.685304],[99.792047,16.686345],[99.800788,16.691669],[99.802191,16.69653],[99.809313,16.698266],[99.809421,16.703243],[99.803486,16.710419],[99.805428,16.713197],[99.812119,16.715512],[99.8146,16.720604],[99.822478,16.720489],[99.82906,16.723729],[99.829276,16.717248],[99.835427,16.713776],[99.842117,16.716206],[99.845463,16.720373],[99.847297,16.727086],[99.853448,16.735188],[99.858304,16.740164],[99.863268,16.740975],[99.864131,16.7544],[99.866505,16.759493],[99.86985,16.75984],[99.871469,16.764701],[99.876648,16.76528],[99.87967,16.770951],[99.87708,16.774886],[99.878267,16.782062],[99.88172,16.78947],[99.888734,16.792132],[99.890893,16.798382],[99.897475,16.798845],[99.910424,16.805557],[99.916143,16.805557],[99.929848,16.810997],[99.932006,16.819562],[99.942257,16.826275],[99.945171,16.837502],[99.943337,16.841321],[99.943876,16.850928],[99.93956,16.855094],[99.94161,16.863775],[99.954775,16.862154],[99.95866,16.864585],[99.964271,16.863775],[99.969127,16.86065],[99.973335,16.86065],[99.976465,16.865164],[99.994809,16.867247],[100.000744,16.862849],[100.008082,16.871761],[100.007435,16.885765],[100.010564,16.88889],[100.021139,16.889006],[100.036354,16.890395],[100.03711,16.893057],[100.043584,16.894677],[100.055886,16.887386],[100.065058,16.884261],[100.070346,16.886691],[100.076389,16.893057],[100.083187,16.888774],[100.087935,16.891089],[100.090309,16.897339],[100.095165,16.89514],[100.100021,16.899654],[100.098726,16.906483],[100.100561,16.913774],[100.108438,16.915973],[100.111352,16.919909],[100.107251,16.925464],[100.111136,16.935533],[100.108978,16.938311],[100.109409,16.944793],[100.104122,16.967825],[100.107683,16.974191],[100.1011,16.973959],[100.1011,16.981598],[100.096028,16.982755],[100.091173,16.991899],[100.088043,16.988195],[100.083187,16.992362],[100.077144,16.992362],[100.080813,16.99919],[100.066569,17.005093],[100.061713,17.010764],[100.056641,17.011227],[100.053944,17.008565],[100.040887,17.014005],[100.040563,17.019098],[100.03506,17.022686],[100.031391,17.02176],[100.029448,17.026042],[100.022974,17.026158],[100.020276,17.03125],[100.016283,17.032408],[100.008298,17.042593],[100.005384,17.043403],[100.004845,17.048959],[100.006679,17.05382],[100.0056,17.057523],[100.014125,17.061459],[100.012506,17.068519],[100.013801,17.073033],[100.006464,17.073033],[100.00355,17.079051],[99.998802,17.083218],[99.989738,17.078125],[99.98499,17.078588],[99.9824,17.088889],[99.98445,17.093981],[99.978299,17.102315],[99.974522,17.10162],[99.964055,17.109028],[99.959091,17.119097],[99.958875,17.12743],[99.960386,17.13125],[99.958228,17.134953],[99.958983,17.147453],[99.951969,17.155902],[99.955638,17.162847],[99.952509,17.164699],[99.952509,17.16956],[99.957041,17.171643],[99.962005,17.169097],[99.968803,17.16875],[99.972796,17.165162],[99.977328,17.171874],[99.980997,17.174768],[99.982831,17.180671],[99.983479,17.189814],[99.981752,17.193055],[99.973335,17.199652],[99.974738,17.213309],[99.978083,17.212383],[99.980673,17.217592],[99.970098,17.22442],[99.958336,17.22986],[99.962005,17.232985],[99.97204,17.238541],[99.972796,17.241897],[99.956178,17.240856],[99.954559,17.242823],[99.963192,17.250925],[99.961789,17.255902],[99.965566,17.263425],[99.964271,17.268749],[99.9674,17.27199],[99.972148,17.271874],[99.975601,17.276388],[99.968803,17.281365],[99.97776,17.287499],[99.995025,17.288425],[99.999234,17.295253],[99.994701,17.306133],[99.993191,17.313772],[99.996428,17.321989],[99.995457,17.326735],[100.009161,17.33148],[100.015744,17.329975],[100.018334,17.335994],[100.011643,17.336225],[100.000852,17.354165],[100.007543,17.359142],[100.005169,17.367128],[99.999989,17.368632],[100.006679,17.374072],[100.009701,17.378818],[100.008406,17.384489],[100.00409,17.39178],[99.99837,17.393285],[99.991248,17.400692],[99.993514,17.404743],[99.996968,17.41678],[100.010564,17.418864],[100.017147,17.418401],[100.018334,17.422567],[100.02729,17.429396],[100.029664,17.435414],[100.030851,17.443863],[100.028909,17.449419],[100.018981,17.45891],[100.013046,17.457058],[100.002687,17.457984],[99.999234,17.466317],[99.990817,17.466664],[99.985637,17.471525],[99.981213,17.472914],[99.981321,17.486572],[99.974846,17.489349],[99.972688,17.495252],[99.968156,17.492243],[99.960494,17.499534],[99.943013,17.50972],[99.934164,17.513423],[99.930387,17.517474],[99.92974,17.521756],[99.933517,17.525344],[99.940315,17.537381],[99.942689,17.545252],[99.934056,17.559256],[99.925747,17.56539],[99.926179,17.570367],[99.923481,17.580089],[99.923805,17.585992],[99.940207,17.592126],[99.955962,17.603585],[99.960602,17.610413],[99.965782,17.613423],[99.976896,17.622219],[99.972364,17.623376],[99.966645,17.628584],[99.965998,17.632404],[99.969559,17.642242],[99.975925,17.649881],[99.97722,17.656941],[99.974199,17.660529],[99.973335,17.667473],[99.974738,17.671293],[99.969235,17.682288],[99.968695,17.692473],[99.965458,17.69664],[99.966429,17.702542],[99.962868,17.711802],[99.956825,17.716547],[99.943552,17.723838],[99.939668,17.734024],[99.93438,17.736686],[99.930064,17.74444],[99.925963,17.743167],[99.920028,17.748144],[99.914309,17.757403],[99.911395,17.764],[99.922618,17.769324],[99.924776,17.775574],[99.920568,17.781824],[99.922186,17.786338],[99.911503,17.79525],[99.905892,17.79363],[99.898554,17.798144],[99.894454,17.807171]]]}},{"type":"Feature","id":"TH65","bbox":[99.853448,16.318987,101.110054,17.74363],"properties":{"ADM1_PCODE":"TH65","ADM1_TH":"พิษณุโลก","ADM1_EN":"Phitsanulok"},"geometry":{"type":"Polygon","coordinates":[[[100.967829,17.57164],[100.965887,17.578353],[100.96934,17.593631],[100.977217,17.596062],[100.978944,17.601154],[100.9879,17.612034],[100.991461,17.618399],[100.994051,17.630321],[100.993296,17.639811],[100.994914,17.641547],[100.992432,17.653932],[100.995778,17.657404],[100.991138,17.66157],[100.990814,17.665968],[100.992756,17.674765],[100.998475,17.679047],[101.008295,17.696177],[101.009158,17.700228],[101.004518,17.703121],[101.004734,17.709718],[101.0029,17.715505],[101.007,17.72951],[101.005166,17.733329],[100.998475,17.734602],[100.988871,17.74363],[100.984555,17.734139],[100.985095,17.730204],[100.980886,17.722334],[100.97193,17.709255],[100.964592,17.701732],[100.959196,17.702427],[100.955959,17.69988],[100.946679,17.699302],[100.943873,17.701385],[100.925529,17.695945],[100.921212,17.699765],[100.913874,17.69907],[100.909774,17.701848],[100.906213,17.708445],[100.90686,17.711339],[100.894667,17.715621],[100.874595,17.71076],[100.868121,17.703931],[100.866394,17.698954],[100.857869,17.689116],[100.853877,17.675806],[100.849345,17.666779],[100.845676,17.662728],[100.84341,17.654163],[100.836611,17.648376],[100.818267,17.643862],[100.81449,17.644209],[100.80672,17.639233],[100.802296,17.63877],[100.801972,17.633677],[100.791397,17.618978],[100.789563,17.612844],[100.784383,17.606362],[100.779743,17.605668],[100.772513,17.596062],[100.774779,17.585413],[100.772081,17.58171],[100.765607,17.580437],[100.765283,17.573145],[100.758916,17.570136],[100.755895,17.563886],[100.751579,17.563191],[100.746723,17.559025],[100.742082,17.550691],[100.740464,17.542821],[100.7355,17.538655],[100.731723,17.538192],[100.720285,17.533215],[100.710573,17.53252],[100.699566,17.527891],[100.688775,17.521988],[100.684351,17.514233],[100.670754,17.503817],[100.656726,17.49884],[100.651762,17.49421],[100.642266,17.4934],[100.641511,17.489696],[100.644964,17.485183],[100.643345,17.482521],[100.645396,17.475692],[100.641187,17.473261],[100.629533,17.474303],[100.621008,17.4684],[100.613346,17.465854],[100.609785,17.460414],[100.60698,17.452312],[100.602987,17.446525],[100.602556,17.439465],[100.600074,17.436572],[100.603311,17.428239],[100.594247,17.421873],[100.585398,17.418864],[100.580974,17.421526],[100.569967,17.422104],[100.561334,17.417359],[100.549896,17.414813],[100.547522,17.416433],[100.537378,17.415507],[100.531443,17.416549],[100.521516,17.410183],[100.522487,17.4081],[100.50943,17.406711],[100.507164,17.414118],[100.507811,17.423725],[100.501444,17.428817],[100.495401,17.422799],[100.481265,17.417822],[100.475007,17.420253],[100.468424,17.420831],[100.457309,17.418401],[100.452238,17.419095],[100.446518,17.423725],[100.435727,17.416665],[100.427418,17.42141],[100.421915,17.412614],[100.413066,17.408679],[100.407131,17.407521],[100.398391,17.403123],[100.390729,17.40428],[100.389111,17.400808],[100.38037,17.396757],[100.370766,17.390507],[100.364507,17.388887],[100.355767,17.382868],[100.348537,17.392591],[100.342062,17.387035],[100.335803,17.389234],[100.329221,17.386919],[100.329976,17.377892],[100.322315,17.368285],[100.314761,17.374535],[100.307639,17.382984],[100.299006,17.375114],[100.290481,17.372568],[100.294906,17.365855],[100.294798,17.356248],[100.29674,17.347452],[100.289726,17.339466],[100.283359,17.336341],[100.280662,17.320832],[100.282172,17.307637],[100.281309,17.30185],[100.276777,17.299536],[100.27505,17.295138],[100.276561,17.291318],[100.273755,17.288309],[100.272568,17.274189],[100.277856,17.268749],[100.277316,17.259258],[100.273647,17.25405],[100.274619,17.245601],[100.273755,17.238541],[100.279151,17.233448],[100.280338,17.223263],[100.260482,17.22037],[100.250447,17.223032],[100.239332,17.221643],[100.229728,17.211689],[100.213866,17.208796],[100.206312,17.208448],[100.202967,17.205671],[100.197355,17.206596],[100.179011,17.205323],[100.167572,17.201157],[100.164443,17.183333],[100.16304,17.170949],[100.159911,17.165625],[100.15581,17.170138],[100.150631,17.184374],[100.136279,17.181134],[100.134552,17.184837],[100.118366,17.183333],[100.103474,17.189235],[100.094841,17.188078],[100.077792,17.18206],[100.068296,17.182754],[100.056318,17.181018],[100.052757,17.182986],[100.048332,17.178819],[100.0438,17.178587],[100.037326,17.181365],[100.031822,17.171643],[100.033225,17.167129],[100.030527,17.164004],[100.02524,17.16574],[100.022758,17.162847],[100.02524,17.155439],[100.019521,17.149189],[100.014557,17.141319],[100.009377,17.138657],[99.995349,17.140625],[100.000529,17.147106],[100.008622,17.14699],[100.009701,17.150347],[100.002039,17.154513],[99.995241,17.155671],[99.992112,17.159259],[99.983587,17.15949],[99.978083,17.158217],[99.972796,17.165162],[99.968803,17.16875],[99.962005,17.169097],[99.957041,17.171643],[99.952509,17.16956],[99.952509,17.164699],[99.955638,17.162847],[99.951969,17.155902],[99.958983,17.147453],[99.958228,17.134953],[99.960386,17.13125],[99.958875,17.12743],[99.959091,17.119097],[99.964055,17.109028],[99.974522,17.10162],[99.978299,17.102315],[99.98445,17.093981],[99.9824,17.088889],[99.98499,17.078588],[99.989738,17.078125],[99.998802,17.083218],[100.00355,17.079051],[100.006464,17.073033],[100.013801,17.073033],[100.012506,17.068519],[100.014125,17.061459],[100.0056,17.057523],[100.006679,17.05382],[100.004845,17.048959],[100.005384,17.043403],[100.008298,17.042593],[100.016283,17.032408],[100.020276,17.03125],[100.022974,17.026158],[100.029448,17.026042],[100.031391,17.02176],[100.03506,17.022686],[100.040563,17.019098],[100.040887,17.014005],[100.053944,17.008565],[100.056641,17.011227],[100.061713,17.010764],[100.066569,17.005093],[100.080813,16.99919],[100.077144,16.992362],[100.083187,16.992362],[100.088043,16.988195],[100.091173,16.991899],[100.096028,16.982755],[100.1011,16.981598],[100.1011,16.973959],[100.107683,16.974191],[100.104122,16.967825],[100.109409,16.944793],[100.108978,16.938311],[100.111136,16.935533],[100.107251,16.925464],[100.111352,16.919909],[100.108438,16.915973],[100.100561,16.913774],[100.098726,16.906483],[100.100021,16.899654],[100.095165,16.89514],[100.090309,16.897339],[100.087935,16.891089],[100.083187,16.888774],[100.076389,16.893057],[100.070346,16.886691],[100.065058,16.884261],[100.055886,16.887386],[100.043584,16.894677],[100.03711,16.893057],[100.036354,16.890395],[100.021139,16.889006],[100.010564,16.88889],[100.007435,16.885765],[100.008082,16.871761],[100.000744,16.862849],[99.994809,16.867247],[99.976465,16.865164],[99.973335,16.86065],[99.969127,16.86065],[99.964271,16.863775],[99.95866,16.864585],[99.954775,16.862154],[99.94161,16.863775],[99.93956,16.855094],[99.943876,16.850928],[99.943337,16.841321],[99.945171,16.837502],[99.942257,16.826275],[99.932006,16.819562],[99.929848,16.810997],[99.916143,16.805557],[99.910424,16.805557],[99.897475,16.798845],[99.890893,16.798382],[99.888734,16.792132],[99.88172,16.78947],[99.878267,16.782062],[99.87708,16.774886],[99.87967,16.770951],[99.876648,16.76528],[99.871469,16.764701],[99.86985,16.75984],[99.866505,16.759493],[99.864131,16.7544],[99.863268,16.740975],[99.858304,16.740164],[99.853448,16.735188],[99.856793,16.728938],[99.860246,16.731021],[99.86575,16.723845],[99.871685,16.725002],[99.875569,16.718174],[99.872332,16.715859],[99.883663,16.711114],[99.888626,16.715049],[99.892295,16.70822],[99.890461,16.697572],[99.884742,16.693868],[99.891864,16.686461],[99.888518,16.679517],[99.888734,16.671183],[99.894561,16.664355],[99.893482,16.660882],[99.897475,16.658105],[99.895856,16.651855],[99.898338,16.64792],[99.899525,16.636693],[99.910208,16.620489],[99.912906,16.611693],[99.915388,16.609494],[99.914525,16.603823],[99.925316,16.584031],[99.925208,16.578939],[99.929848,16.576624],[99.942581,16.574425],[99.950135,16.575466],[99.962329,16.579054],[99.970746,16.57998],[99.984558,16.574772],[99.985853,16.578013],[99.99373,16.577434],[99.996212,16.579517],[100.004413,16.57998],[100.004629,16.584726],[100.007866,16.585883],[100.010564,16.581485],[100.014988,16.582179],[100.013801,16.574193],[100.019521,16.574193],[100.023405,16.580559],[100.029556,16.580559],[100.032146,16.584263],[100.035707,16.582526],[100.043261,16.571763],[100.046822,16.571184],[100.06085,16.576739],[100.069051,16.576161],[100.079734,16.579517],[100.088259,16.587272],[100.08664,16.598383],[100.095381,16.599772],[100.097755,16.60579],[100.104337,16.604054],[100.104877,16.609147],[100.118797,16.614124],[100.12948,16.610767],[100.133365,16.604054],[100.13725,16.603128],[100.139948,16.598846],[100.146314,16.600698],[100.150415,16.605096],[100.154407,16.596994],[100.166385,16.591207],[100.176637,16.588892],[100.186133,16.589587],[100.18473,16.593753],[100.178471,16.601276],[100.186241,16.607642],[100.189046,16.606137],[100.196492,16.607758],[100.194226,16.613776],[100.195089,16.620142],[100.199945,16.61748],[100.202643,16.623267],[100.197032,16.62616],[100.191852,16.626623],[100.190233,16.633452],[100.194874,16.633568],[100.191528,16.643753],[100.202967,16.642133],[100.207715,16.644447],[100.2157,16.645026],[100.215268,16.637734],[100.218937,16.629633],[100.22552,16.62616],[100.226491,16.616786],[100.230376,16.618059],[100.232858,16.61204],[100.232858,16.589702],[100.231239,16.578823],[100.232318,16.558221],[100.234692,16.551277],[100.23221,16.547457],[100.229944,16.537967],[100.232858,16.531485],[100.240843,16.528707],[100.256382,16.530906],[100.26318,16.537619],[100.269763,16.536462],[100.276453,16.533337],[100.288755,16.531138],[100.297819,16.528129],[100.320696,16.524541],[100.328573,16.528592],[100.335156,16.52836],[100.347026,16.533453],[100.360083,16.536115],[100.37109,16.543869],[100.369687,16.550119],[100.374003,16.55255],[100.382312,16.552087],[100.388571,16.554286],[100.395477,16.549078],[100.405729,16.545258],[100.408642,16.542249],[100.422886,16.537388],[100.426339,16.534957],[100.429792,16.528476],[100.429253,16.520721],[100.434433,16.518985],[100.444576,16.518638],[100.469179,16.520258],[100.473172,16.522226],[100.47587,16.527666],[100.474035,16.531254],[100.477488,16.535189],[100.482236,16.536462],[100.483963,16.540166],[100.480618,16.54468],[100.486121,16.554517],[100.491732,16.555096],[100.49756,16.563198],[100.505545,16.563661],[100.512235,16.565976],[100.516767,16.569564],[100.523242,16.570027],[100.526587,16.565628],[100.54504,16.570837],[100.553673,16.57049],[100.564787,16.576161],[100.568456,16.582758],[100.573744,16.5838],[100.579895,16.581022],[100.579895,16.571994],[100.578384,16.563198],[100.579787,16.559263],[100.580002,16.544795],[100.5786,16.534957],[100.576981,16.531717],[100.576981,16.524194],[100.581082,16.524888],[100.58734,16.520953],[100.586693,16.511115],[100.583887,16.508453],[100.586045,16.493985],[100.583671,16.479055],[100.585182,16.468638],[100.577197,16.465282],[100.575794,16.463083],[100.568132,16.459842],[100.573528,16.453013],[100.573744,16.448847],[100.580218,16.444333],[100.579355,16.439009],[100.58734,16.432296],[100.590038,16.423153],[100.593491,16.417944],[100.610433,16.410074],[100.614965,16.40556],[100.623274,16.40475],[100.627698,16.398384],[100.633094,16.395954],[100.635576,16.386926],[100.633633,16.381023],[100.635792,16.374773],[100.625756,16.363431],[100.623058,16.361926],[100.623706,16.354056],[100.620361,16.350236],[100.625756,16.332065],[100.625972,16.318987],[100.632662,16.324542],[100.636439,16.325584],[100.646259,16.323732],[100.651439,16.320723],[100.652949,16.326394],[100.658561,16.335074],[100.662229,16.343408],[100.671726,16.356139],[100.684567,16.365283],[100.694171,16.370838],[100.694494,16.377782],[100.70658,16.384611],[100.706257,16.39387],[100.702156,16.395954],[100.701293,16.40475],[100.703451,16.412967],[100.708738,16.419102],[100.713379,16.418986],[100.724385,16.422805],[100.731184,16.420838],[100.742622,16.419102],[100.747262,16.421648],[100.750176,16.42593],[100.756111,16.426393],[100.761506,16.431023],[100.771326,16.426278],[100.774671,16.428592],[100.774024,16.437736],[100.776182,16.441324],[100.781577,16.444333],[100.786541,16.45012],[100.792692,16.44931],[100.796253,16.45093],[100.805533,16.450004],[100.80467,16.456949],[100.799059,16.457875],[100.793663,16.472805],[100.800246,16.475236],[100.803267,16.480212],[100.815569,16.482064],[100.814166,16.495143],[100.820964,16.501046],[100.82841,16.503708],[100.833806,16.504055],[100.836072,16.514356],[100.834237,16.520027],[100.841467,16.523731],[100.844489,16.520953],[100.849129,16.522573],[100.849776,16.535305],[100.845999,16.54005],[100.857438,16.545258],[100.857869,16.556369],[100.852798,16.560767],[100.850747,16.567017],[100.850532,16.576855],[100.846107,16.577318],[100.848158,16.586577],[100.84751,16.592596],[100.8501,16.596415],[100.854093,16.596763],[100.851395,16.605674],[100.854848,16.608337],[100.857222,16.616554],[100.860999,16.614471],[100.865423,16.620952],[100.861862,16.623961],[100.862078,16.638892],[100.865207,16.644563],[100.870711,16.64954],[100.878588,16.650466],[100.883552,16.65579],[100.884847,16.664586],[100.889487,16.668637],[100.894343,16.669679],[100.903623,16.666785],[100.91463,16.669794],[100.922076,16.663197],[100.927471,16.665281],[100.928226,16.671299],[100.932003,16.680211],[100.936427,16.682179],[100.937722,16.68704],[100.929198,16.685419],[100.934161,16.692942],[100.933082,16.696762],[100.928226,16.697109],[100.92391,16.702202],[100.922831,16.711461],[100.931248,16.711114],[100.93114,16.717248],[100.916248,16.726854],[100.913659,16.731021],[100.920457,16.740396],[100.922507,16.747109],[100.919594,16.75359],[100.919917,16.757988],[100.910745,16.760535],[100.902544,16.759724],[100.899199,16.761576],[100.895206,16.773497],[100.900925,16.774886],[100.906213,16.783451],[100.904594,16.795257],[100.902652,16.799423],[100.913874,16.79572],[100.917327,16.7919],[100.924126,16.7919],[100.937183,16.795951],[100.942902,16.795257],[100.948513,16.791437],[100.95542,16.796877],[100.953477,16.802432],[100.956391,16.804863],[100.955851,16.810419],[100.958117,16.817016],[100.953153,16.822803],[100.959088,16.825002],[100.96157,16.83102],[100.965239,16.827895],[100.968153,16.830673],[100.978944,16.827432],[100.981426,16.834029],[100.974412,16.839122],[100.982397,16.844446],[100.982073,16.849654],[100.989195,16.850696],[100.996641,16.854978],[101.007971,16.856599],[101.009806,16.860187],[101.017144,16.867247],[101.022216,16.868057],[101.026424,16.87315],[101.028798,16.88021],[101.030632,16.892825],[101.037215,16.897108],[101.043042,16.903821],[101.049409,16.907293],[101.056962,16.90764],[101.066998,16.902895],[101.071206,16.911691],[101.071422,16.924538],[101.061818,16.929631],[101.059228,16.928358],[101.050919,16.930672],[101.047251,16.928821],[101.039589,16.928821],[101.033438,16.931135],[101.026424,16.941436],[101.028474,16.945024],[101.037647,16.947455],[101.041963,16.951853],[101.051459,16.956019],[101.045308,16.965626],[101.045524,16.972107],[101.048761,16.976505],[101.044229,16.981945],[101.046171,16.986575],[101.045524,16.994908],[101.046387,17.0022],[101.049948,17.009607],[101.055667,17.017362],[101.053401,17.02257],[101.058257,17.028704],[101.057826,17.03426],[101.051999,17.040973],[101.05707,17.048496],[101.05502,17.054167],[101.058257,17.060417],[101.056099,17.064352],[101.055883,17.070718],[101.050164,17.076389],[101.052862,17.086806],[101.056423,17.090162],[101.056423,17.093981],[101.051027,17.096644],[101.054696,17.103935],[101.051243,17.115278],[101.061279,17.112616],[101.070559,17.11493],[101.071638,17.117708],[101.069912,17.128819],[101.073257,17.134375],[101.077789,17.13669],[101.078328,17.151504],[101.080055,17.153356],[101.075631,17.159838],[101.080271,17.167592],[101.075091,17.16956],[101.075091,17.177661],[101.079947,17.185069],[101.083292,17.193055],[101.093004,17.197337],[101.095702,17.199884],[101.099587,17.209721],[101.108004,17.216319],[101.110054,17.230902],[101.108759,17.2353],[101.092788,17.253124],[101.089011,17.264929],[101.082429,17.272337],[101.082105,17.281827],[101.069804,17.280091],[101.061171,17.281017],[101.04833,17.286226],[101.042071,17.292939],[101.036028,17.297105],[101.035596,17.300693],[101.031172,17.306943],[101.022108,17.31354],[101.015309,17.311688],[101.010669,17.315855],[101.007324,17.324073],[101.008727,17.329049],[101.007,17.3331],[100.992972,17.341434],[100.987253,17.339003],[100.973548,17.339929],[100.969556,17.342128],[100.963405,17.338309],[100.957146,17.337498],[100.947003,17.33935],[100.943765,17.341086],[100.939881,17.33692],[100.930169,17.336804],[100.920996,17.338424],[100.913659,17.342591],[100.916356,17.355322],[100.916896,17.363656],[100.91463,17.367822],[100.916788,17.372799],[100.913011,17.375808],[100.916788,17.385415],[100.916788,17.399304],[100.922399,17.402197],[100.920889,17.415276],[100.923694,17.421526],[100.920457,17.431711],[100.914414,17.434836],[100.916033,17.44178],[100.916356,17.450924],[100.905781,17.453817],[100.903191,17.458447],[100.891753,17.462035],[100.88625,17.46053],[100.879991,17.452197],[100.874487,17.449419],[100.866178,17.451155],[100.862294,17.454049],[100.854848,17.451502],[100.850208,17.454627],[100.84751,17.459488],[100.834777,17.468516],[100.833266,17.47766],[100.833806,17.482521],[100.844165,17.489349],[100.843949,17.49803],[100.845999,17.502659],[100.854308,17.506479],[100.864883,17.516548],[100.87179,17.529164],[100.866394,17.535761],[100.864883,17.541201],[100.861215,17.544789],[100.866934,17.565738],[100.873193,17.576849],[100.879235,17.583793],[100.886034,17.582288],[100.893803,17.585761],[100.899846,17.590853],[100.904378,17.591779],[100.905457,17.587728],[100.912148,17.58171],[100.918838,17.580437],[100.917112,17.57627],[100.9306,17.570946],[100.937938,17.569789],[100.939665,17.572682],[100.949161,17.574534],[100.957038,17.573377],[100.965023,17.574881],[100.967829,17.57164]]]}},{"type":"Feature","id":"TH66","bbox":[99.983695,15.922114,100.799167,16.645026],"properties":{"ADM1_PCODE":"TH66","ADM1_TH":"พิจิตร","ADM1_EN":"Phichit"},"geometry":{"type":"Polygon","coordinates":[[[100.651439,16.320723],[100.646259,16.323732],[100.636439,16.325584],[100.632662,16.324542],[100.625972,16.318987],[100.625756,16.332065],[100.620361,16.350236],[100.623706,16.354056],[100.623058,16.361926],[100.625756,16.363431],[100.635792,16.374773],[100.633633,16.381023],[100.635576,16.386926],[100.633094,16.395954],[100.627698,16.398384],[100.623274,16.40475],[100.614965,16.40556],[100.610433,16.410074],[100.593491,16.417944],[100.590038,16.423153],[100.58734,16.432296],[100.579355,16.439009],[100.580218,16.444333],[100.573744,16.448847],[100.573528,16.453013],[100.568132,16.459842],[100.575794,16.463083],[100.577197,16.465282],[100.585182,16.468638],[100.583671,16.479055],[100.586045,16.493985],[100.583887,16.508453],[100.586693,16.511115],[100.58734,16.520953],[100.581082,16.524888],[100.576981,16.524194],[100.576981,16.531717],[100.5786,16.534957],[100.580002,16.544795],[100.579787,16.559263],[100.578384,16.563198],[100.579895,16.571994],[100.579895,16.581022],[100.573744,16.5838],[100.568456,16.582758],[100.564787,16.576161],[100.553673,16.57049],[100.54504,16.570837],[100.526587,16.565628],[100.523242,16.570027],[100.516767,16.569564],[100.512235,16.565976],[100.505545,16.563661],[100.49756,16.563198],[100.491732,16.555096],[100.486121,16.554517],[100.480618,16.54468],[100.483963,16.540166],[100.482236,16.536462],[100.477488,16.535189],[100.474035,16.531254],[100.47587,16.527666],[100.473172,16.522226],[100.469179,16.520258],[100.444576,16.518638],[100.434433,16.518985],[100.429253,16.520721],[100.429792,16.528476],[100.426339,16.534957],[100.422886,16.537388],[100.408642,16.542249],[100.405729,16.545258],[100.395477,16.549078],[100.388571,16.554286],[100.382312,16.552087],[100.374003,16.55255],[100.369687,16.550119],[100.37109,16.543869],[100.360083,16.536115],[100.347026,16.533453],[100.335156,16.52836],[100.328573,16.528592],[100.320696,16.524541],[100.297819,16.528129],[100.288755,16.531138],[100.276453,16.533337],[100.269763,16.536462],[100.26318,16.537619],[100.256382,16.530906],[100.240843,16.528707],[100.232858,16.531485],[100.229944,16.537967],[100.23221,16.547457],[100.234692,16.551277],[100.232318,16.558221],[100.231239,16.578823],[100.232858,16.589702],[100.232858,16.61204],[100.230376,16.618059],[100.226491,16.616786],[100.22552,16.62616],[100.218937,16.629633],[100.215268,16.637734],[100.2157,16.645026],[100.207715,16.644447],[100.202967,16.642133],[100.191528,16.643753],[100.194874,16.633568],[100.190233,16.633452],[100.191852,16.626623],[100.197032,16.62616],[100.202643,16.623267],[100.199945,16.61748],[100.195089,16.620142],[100.194226,16.613776],[100.196492,16.607758],[100.189046,16.606137],[100.186241,16.607642],[100.178471,16.601276],[100.18473,16.593753],[100.186133,16.589587],[100.176637,16.588892],[100.166385,16.591207],[100.154407,16.596994],[100.150415,16.605096],[100.146314,16.600698],[100.139948,16.598846],[100.13725,16.603128],[100.133365,16.604054],[100.12948,16.610767],[100.118797,16.614124],[100.104877,16.609147],[100.104337,16.604054],[100.097755,16.60579],[100.095381,16.599772],[100.08664,16.598383],[100.088259,16.587272],[100.079734,16.579517],[100.069051,16.576161],[100.06085,16.576739],[100.046822,16.571184],[100.043261,16.571763],[100.035707,16.582526],[100.032146,16.584263],[100.029556,16.580559],[100.023405,16.580559],[100.019521,16.574193],[100.013801,16.574193],[100.012183,16.573383],[100.011104,16.561578],[100.013909,16.559957],[100.011643,16.55417],[100.011643,16.530096],[100.010564,16.5213],[100.015312,16.520027],[100.020276,16.521532],[100.024916,16.520258],[100.024916,16.514587],[100.034304,16.500698],[100.010132,16.470722],[100.002687,16.46424],[99.99891,16.45475],[99.99891,16.44931],[99.993946,16.440166],[99.99373,16.431717],[99.995349,16.410768],[99.994054,16.40313],[99.986716,16.389356],[99.983695,16.381023],[99.98445,16.375931],[99.988551,16.369681],[99.994378,16.364357],[99.995133,16.357181],[99.997507,16.354056],[100.001823,16.342829],[100.005384,16.339473],[100.007543,16.332644],[100.012938,16.332181],[100.014557,16.32732],[100.012938,16.320607],[100.021139,16.312505],[100.019197,16.296996],[100.026966,16.290283],[100.031175,16.278362],[100.026966,16.266672],[100.025887,16.256255],[100.021463,16.253015],[100.021895,16.249427],[100.02729,16.241209],[100.032254,16.228594],[100.036894,16.22026],[100.047145,16.210191],[100.046822,16.207297],[100.038189,16.196302],[100.033873,16.196302],[100.024808,16.19121],[100.037865,16.18195],[100.037326,16.178362],[100.043692,16.168525],[100.053296,16.167483],[100.065274,16.161233],[100.073152,16.161464],[100.077576,16.157992],[100.074878,16.153131],[100.0779,16.145955],[100.083943,16.14584],[100.086209,16.141673],[100.080274,16.128826],[100.076821,16.124659],[100.085777,16.11459],[100.090525,16.114243],[100.094841,16.109381],[100.092683,16.101974],[100.096244,16.094219],[100.100561,16.093294],[100.100992,16.089127],[100.110488,16.08172],[100.108978,16.076974],[100.111891,16.073849],[100.113941,16.06378],[100.118258,16.058803],[100.118797,16.053942],[100.116315,16.047692],[100.121387,16.039474],[100.127862,16.035539],[100.131315,16.031025],[100.127538,16.029058],[100.131099,16.018178],[100.137789,16.011813],[100.137358,16.008572],[100.140703,16.001165],[100.147609,15.989128],[100.150415,15.988317],[100.15581,15.981836],[100.161961,15.978017],[100.163148,15.973387],[100.159587,15.968526],[100.160342,15.959845],[100.168112,15.957531],[100.168544,15.953248],[100.172644,15.943873],[100.175126,15.933341],[100.182572,15.929059],[100.184514,15.933688],[100.195845,15.932878],[100.203183,15.934383],[100.20383,15.931721],[100.210844,15.930679],[100.215268,15.928133],[100.223577,15.928248],[100.228973,15.926975],[100.235879,15.933457],[100.243001,15.934846],[100.247425,15.938433],[100.241383,15.945725],[100.248505,15.959035],[100.258001,15.961003],[100.262317,15.957531],[100.264799,15.950586],[100.262533,15.942021],[100.268468,15.939591],[100.272137,15.943295],[100.281525,15.94642],[100.284115,15.950355],[100.290589,15.951512],[100.299762,15.957878],[100.309905,15.961234],[100.310984,15.965285],[100.306452,15.970609],[100.312603,15.977091],[100.323502,15.974429],[100.324041,15.982646],[100.3303,15.984961],[100.346378,15.973734],[100.331163,15.940633],[100.349616,15.934846],[100.357277,15.939591],[100.362781,15.940517],[100.378428,15.940864],[100.388031,15.938549],[100.391592,15.934614],[100.41134,15.929869],[100.421483,15.931952],[100.426879,15.934614],[100.426663,15.938549],[100.43713,15.936929],[100.444792,15.933688],[100.451374,15.937276],[100.462489,15.938549],[100.478891,15.934498],[100.487956,15.935077],[100.493783,15.937623],[100.515041,15.937855],[100.520005,15.940748],[100.53004,15.93716],[100.527666,15.932762],[100.521731,15.931721],[100.519573,15.923156],[100.525292,15.922114],[100.533817,15.924429],[100.540076,15.927554],[100.546119,15.926628],[100.550327,15.933688],[100.557449,15.934035],[100.562629,15.943526],[100.575686,15.944452],[100.580974,15.947461],[100.585722,15.958919],[100.590254,15.964822],[100.597592,15.97003],[100.601476,15.97003],[100.607627,15.97628],[100.611404,15.982183],[100.618418,15.985077],[100.619605,15.989591],[100.625756,15.996535],[100.62554,16.002553],[100.628346,16.004405],[100.637302,16.00591],[100.637194,16.010308],[100.642914,16.017715],[100.653057,16.024891],[100.66374,16.01297],[100.682624,15.999891],[100.69007,15.99341],[100.701616,15.989822],[100.718774,15.988896],[100.73032,15.990979],[100.737982,15.989822],[100.742514,15.985771],[100.745104,15.976165],[100.750284,15.969336],[100.74996,15.956836],[100.754168,15.950933],[100.754924,15.943063],[100.767873,15.934614],[100.766038,15.931142],[100.770679,15.929637],[100.776506,15.932762],[100.783412,15.934383],[100.784815,15.932299],[100.79485,15.931373],[100.799167,15.938086],[100.793232,15.948156],[100.794419,15.952091],[100.791073,15.957878],[100.784599,15.962623],[100.780175,15.963896],[100.776937,15.971188],[100.779743,15.978595],[100.784059,15.980563],[100.785246,15.991095],[100.776506,15.998734],[100.76852,15.999313],[100.767765,16.002206],[100.759888,16.009382],[100.745644,16.011581],[100.737982,16.018873],[100.729889,16.01922],[100.728162,16.023271],[100.716076,16.023039],[100.709494,16.026049],[100.696005,16.02466],[100.688344,16.027322],[100.682732,16.02466],[100.676797,16.030562],[100.671941,16.030215],[100.664927,16.032299],[100.662661,16.038086],[100.658129,16.040863],[100.657266,16.051627],[100.648309,16.050354],[100.646259,16.044914],[100.641079,16.042021],[100.634605,16.044567],[100.642698,16.069798],[100.648957,16.085423],[100.653165,16.09827],[100.653057,16.102437],[100.656079,16.10753],[100.653489,16.118872],[100.65446,16.126627],[100.648417,16.13033],[100.647985,16.136233],[100.644101,16.138779],[100.649065,16.14827],[100.669459,16.179636],[100.683703,16.202668],[100.693631,16.217946],[100.698163,16.226858],[100.709925,16.245607],[100.719853,16.250816],[100.717371,16.25776],[100.70917,16.265167],[100.704098,16.262853],[100.700645,16.258107],[100.698919,16.251857],[100.693739,16.248038],[100.684243,16.250931],[100.678955,16.247691],[100.671618,16.24908],[100.672697,16.255445],[100.676905,16.260769],[100.677876,16.271302],[100.67097,16.273269],[100.669999,16.278825],[100.658453,16.282181],[100.652626,16.289704],[100.649928,16.298964],[100.64928,16.309496],[100.652626,16.315746],[100.651439,16.320723]]]}},{"type":"Feature","id":"TH67","bbox":[100.634605,15.318299,101.797221,17.178009],"properties":{"ADM1_PCODE":"TH67","ADM1_TH":"เพชรบูรณ์","ADM1_EN":"Phetchabun"},"geometry":{"type":"Polygon","coordinates":[[[101.797221,16.768984],[101.785243,16.762155],[101.774453,16.75984],[101.769489,16.760535],[101.764741,16.756831],[101.758374,16.755789],[101.745101,16.757178],[101.730102,16.75359],[101.725354,16.754516],[101.718016,16.75984],[101.704419,16.784146],[101.686398,16.798497],[101.694168,16.80602],[101.700535,16.809493],[101.71834,16.799886],[101.721793,16.807409],[101.718447,16.808567],[101.718771,16.815511],[101.708951,16.822687],[101.705067,16.830442],[101.697729,16.835418],[101.693628,16.834955],[101.689959,16.842016],[101.690823,16.848381],[101.685427,16.846761],[101.684456,16.851506],[101.687585,16.858451],[101.681435,16.857293],[101.678845,16.861228],[101.681003,16.869909],[101.683593,16.874307],[101.682729,16.880673],[101.678737,16.883335],[101.681542,16.896182],[101.684996,16.899654],[101.682837,16.912501],[101.686506,16.918983],[101.684996,16.921413],[101.688125,16.926159],[101.688772,16.934376],[101.680032,16.939353],[101.6755,16.945603],[101.66978,16.960186],[101.675176,16.971181],[101.674852,16.976274],[101.668809,16.980093],[101.668162,16.985417],[101.659745,16.995371],[101.654457,17.005903],[101.655644,17.009607],[101.652946,17.01632],[101.650033,17.01794],[101.644314,17.039236],[101.639134,17.04375],[101.631365,17.042824],[101.62435,17.036806],[101.620358,17.026274],[101.616473,17.021991],[101.61712,17.015163],[101.612696,17.009028],[101.613452,17.005209],[101.608272,16.999422],[101.600502,16.999885],[101.596941,16.996413],[101.587661,16.996181],[101.583345,16.987848],[101.57536,16.983797],[101.566727,16.985533],[101.559928,16.993982],[101.552159,16.994445],[101.546871,17.001737],[101.544929,17.014584],[101.540289,17.019792],[101.533599,17.023264],[101.520542,17.019213],[101.517952,17.015163],[101.508024,17.013195],[101.504247,17.010186],[101.501442,17.01713],[101.496586,17.02257],[101.49583,17.027894],[101.491945,17.033102],[101.489356,17.058912],[101.480183,17.074769],[101.479752,17.081134],[101.476083,17.088542],[101.467126,17.095023],[101.462378,17.095139],[101.458709,17.098727],[101.461839,17.102893],[101.455796,17.111458],[101.457738,17.117014],[101.452666,17.120254],[101.451803,17.123727],[101.456767,17.126157],[101.452666,17.130787],[101.452666,17.139583],[101.445652,17.14699],[101.442091,17.147685],[101.4313,17.154282],[101.425797,17.156713],[101.421481,17.16331],[101.419107,17.163888],[101.409395,17.173263],[101.402704,17.172685],[101.398712,17.178009],[101.389,17.175347],[101.382417,17.170254],[101.374432,17.170486],[101.371411,17.168171],[101.362238,17.171527],[101.355872,17.170486],[101.351016,17.167708],[101.349937,17.162615],[101.344002,17.161111],[101.344002,17.157754],[101.337527,17.153819],[101.330729,17.146296],[101.323175,17.144676],[101.323067,17.140625],[101.317132,17.135301],[101.306881,17.128819],[101.306341,17.118171],[101.299867,17.113426],[101.294903,17.10706],[101.288428,17.107523],[101.281522,17.100579],[101.272781,17.096296],[101.259293,17.108333],[101.25012,17.11169],[101.243969,17.108796],[101.240732,17.10544],[101.238358,17.097569],[101.226272,17.087037],[101.224762,17.083565],[101.225517,17.077315],[101.22897,17.069445],[101.228431,17.064584],[101.221309,17.059838],[101.214186,17.062963],[101.209115,17.067824],[101.200482,17.068403],[101.188396,17.065972],[101.178468,17.055903],[101.172749,17.053704],[101.170159,17.046181],[101.169728,17.039236],[101.167246,17.037385],[101.146204,17.032755],[101.140161,17.032639],[101.135305,17.027894],[101.128938,17.026621],[101.127427,17.023843],[101.120629,17.022801],[101.115018,17.016436],[101.11437,17.011112],[101.111133,17.007755],[101.110701,17.000579],[101.113507,16.997339],[101.114478,16.983566],[101.113399,16.976853],[101.114694,16.967015],[101.115233,16.950927],[101.111996,16.946529],[101.112536,16.939469],[101.106817,16.936922],[101.104443,16.93264],[101.104658,16.922571],[101.101529,16.917247],[101.100558,16.911575],[101.092033,16.908335],[101.078976,16.899538],[101.074012,16.9022],[101.066998,16.902895],[101.056962,16.90764],[101.049409,16.907293],[101.043042,16.903821],[101.037215,16.897108],[101.030632,16.892825],[101.028798,16.88021],[101.026424,16.87315],[101.022216,16.868057],[101.017144,16.867247],[101.009806,16.860187],[101.007971,16.856599],[100.996641,16.854978],[100.989195,16.850696],[100.982073,16.849654],[100.982397,16.844446],[100.974412,16.839122],[100.981426,16.834029],[100.978944,16.827432],[100.968153,16.830673],[100.965239,16.827895],[100.96157,16.83102],[100.959088,16.825002],[100.953153,16.822803],[100.958117,16.817016],[100.955851,16.810419],[100.956391,16.804863],[100.953477,16.802432],[100.95542,16.796877],[100.948513,16.791437],[100.942902,16.795257],[100.937183,16.795951],[100.924126,16.7919],[100.917327,16.7919],[100.913874,16.79572],[100.902652,16.799423],[100.904594,16.795257],[100.906213,16.783451],[100.900925,16.774886],[100.895206,16.773497],[100.899199,16.761576],[100.902544,16.759724],[100.910745,16.760535],[100.919917,16.757988],[100.919594,16.75359],[100.922507,16.747109],[100.920457,16.740396],[100.913659,16.731021],[100.916248,16.726854],[100.93114,16.717248],[100.931248,16.711114],[100.922831,16.711461],[100.92391,16.702202],[100.928226,16.697109],[100.933082,16.696762],[100.934161,16.692942],[100.929198,16.685419],[100.937722,16.68704],[100.936427,16.682179],[100.932003,16.680211],[100.928226,16.671299],[100.927471,16.665281],[100.922076,16.663197],[100.91463,16.669794],[100.903623,16.666785],[100.894343,16.669679],[100.889487,16.668637],[100.884847,16.664586],[100.883552,16.65579],[100.878588,16.650466],[100.870711,16.64954],[100.865207,16.644563],[100.862078,16.638892],[100.861862,16.623961],[100.865423,16.620952],[100.860999,16.614471],[100.857222,16.616554],[100.854848,16.608337],[100.851395,16.605674],[100.854093,16.596763],[100.8501,16.596415],[100.84751,16.592596],[100.848158,16.586577],[100.846107,16.577318],[100.850532,16.576855],[100.850747,16.567017],[100.852798,16.560767],[100.857869,16.556369],[100.857438,16.545258],[100.845999,16.54005],[100.849776,16.535305],[100.849129,16.522573],[100.844489,16.520953],[100.841467,16.523731],[100.834237,16.520027],[100.836072,16.514356],[100.833806,16.504055],[100.82841,16.503708],[100.820964,16.501046],[100.814166,16.495143],[100.815569,16.482064],[100.803267,16.480212],[100.800246,16.475236],[100.793663,16.472805],[100.799059,16.457875],[100.80467,16.456949],[100.805533,16.450004],[100.796253,16.45093],[100.792692,16.44931],[100.786541,16.45012],[100.781577,16.444333],[100.776182,16.441324],[100.774024,16.437736],[100.774671,16.428592],[100.771326,16.426278],[100.761506,16.431023],[100.756111,16.426393],[100.750176,16.42593],[100.747262,16.421648],[100.742622,16.419102],[100.731184,16.420838],[100.724385,16.422805],[100.713379,16.418986],[100.708738,16.419102],[100.703451,16.412967],[100.701293,16.40475],[100.702156,16.395954],[100.706257,16.39387],[100.70658,16.384611],[100.694494,16.377782],[100.694171,16.370838],[100.684567,16.365283],[100.671726,16.356139],[100.662229,16.343408],[100.658561,16.335074],[100.652949,16.326394],[100.651439,16.320723],[100.652626,16.315746],[100.64928,16.309496],[100.649928,16.298964],[100.652626,16.289704],[100.658453,16.282181],[100.669999,16.278825],[100.67097,16.273269],[100.677876,16.271302],[100.676905,16.260769],[100.672697,16.255445],[100.671618,16.24908],[100.678955,16.247691],[100.684243,16.250931],[100.693739,16.248038],[100.698919,16.251857],[100.700645,16.258107],[100.704098,16.262853],[100.70917,16.265167],[100.717371,16.25776],[100.719853,16.250816],[100.709925,16.245607],[100.698163,16.226858],[100.693631,16.217946],[100.683703,16.202668],[100.669459,16.179636],[100.649065,16.14827],[100.644101,16.138779],[100.647985,16.136233],[100.648417,16.13033],[100.65446,16.126627],[100.653489,16.118872],[100.656079,16.10753],[100.653057,16.102437],[100.653165,16.09827],[100.648957,16.085423],[100.642698,16.069798],[100.634605,16.044567],[100.641079,16.042021],[100.646259,16.044914],[100.648309,16.050354],[100.657266,16.051627],[100.658129,16.040863],[100.662661,16.038086],[100.664927,16.032299],[100.671941,16.030215],[100.676797,16.030562],[100.682732,16.02466],[100.688344,16.027322],[100.696005,16.02466],[100.709494,16.026049],[100.716076,16.023039],[100.728162,16.023271],[100.729889,16.01922],[100.737982,16.018873],[100.745644,16.011581],[100.759888,16.009382],[100.767765,16.002206],[100.76852,15.999313],[100.776506,15.998734],[100.785246,15.991095],[100.784059,15.980563],[100.779743,15.978595],[100.776937,15.971188],[100.780175,15.963896],[100.784599,15.962623],[100.791073,15.957878],[100.794419,15.952091],[100.793232,15.948156],[100.799167,15.938086],[100.79485,15.931373],[100.784815,15.932299],[100.783412,15.934383],[100.776506,15.932762],[100.770679,15.929637],[100.766038,15.931142],[100.762477,15.922461],[100.763988,15.911466],[100.772945,15.899198],[100.783736,15.895262],[100.796037,15.892716],[100.80003,15.889475],[100.808771,15.886698],[100.80985,15.884267],[100.804454,15.868411],[100.808123,15.866443],[100.811468,15.858341],[100.808555,15.853249],[100.809202,15.847925],[100.806612,15.840749],[100.809202,15.838897],[100.798735,15.829754],[100.798411,15.825818],[100.801433,15.813782],[100.804238,15.807647],[100.808447,15.791791],[100.824849,15.750125],[100.819238,15.735541],[100.819562,15.725819],[100.820856,15.72362],[100.817403,15.707532],[100.823123,15.698736],[100.825604,15.684847],[100.832511,15.681838],[100.832079,15.677787],[100.825712,15.675241],[100.827978,15.668875],[100.827223,15.664014],[100.823123,15.661583],[100.827439,15.644685],[100.820101,15.631028],[100.819669,15.626746],[100.825712,15.615056],[100.820101,15.608112],[100.81654,15.601399],[100.811576,15.602209],[100.807907,15.592487],[100.818159,15.586121],[100.813519,15.577903],[100.821288,15.574894],[100.831,15.562626],[100.837474,15.563436],[100.838877,15.559501],[100.845676,15.555334],[100.847834,15.550242],[100.854416,15.547927],[100.853769,15.54133],[100.856359,15.531839],[100.854308,15.52501],[100.867473,15.529524],[100.879775,15.527904],[100.88517,15.52883],[100.889703,15.524084],[100.887868,15.51795],[100.900278,15.512858],[100.898767,15.503946],[100.903947,15.496422],[100.907076,15.494918],[100.915601,15.494918],[100.916464,15.488784],[100.923155,15.49052],[100.928766,15.487626],[100.926284,15.480219],[100.928118,15.472349],[100.932111,15.466214],[100.92909,15.464362],[100.926716,15.456608],[100.928334,15.451747],[100.924989,15.442719],[100.925744,15.432997],[100.931032,15.424895],[100.931572,15.41471],[100.938694,15.412048],[100.945276,15.40765],[100.948729,15.40765],[100.953909,15.412395],[100.963405,15.411585],[100.967937,15.415057],[100.974843,15.416562],[100.977109,15.411817],[100.973009,15.410428],[100.972901,15.402442],[100.97657,15.402326],[100.975383,15.389016],[100.977325,15.385775],[100.977973,15.377326],[100.976246,15.373275],[100.978728,15.369571],[100.977217,15.358692],[100.983908,15.347349],[100.977001,15.33647],[100.978404,15.333345],[100.984555,15.329757],[100.986066,15.32478],[100.996533,15.318299],[101.001389,15.31853],[101.01013,15.33022],[101.014986,15.335197],[101.020489,15.337511],[101.02664,15.337627],[101.033654,15.327326],[101.047466,15.324664],[101.050919,15.320961],[101.066135,15.327905],[101.070343,15.338437],[101.073796,15.341447],[101.07671,15.348507],[101.082213,15.356261],[101.085235,15.34434],[101.088796,15.339942],[101.096997,15.333924],[101.107572,15.329873],[101.110054,15.325243],[101.122356,15.325937],[101.127643,15.331493],[101.129909,15.337627],[101.137787,15.339595],[101.145772,15.337164],[101.157102,15.335544],[101.158397,15.332535],[101.173181,15.326516],[101.179224,15.328947],[101.18559,15.327211],[101.189259,15.329641],[101.197784,15.327326],[101.205446,15.319456],[101.211381,15.325359],[101.213647,15.330104],[101.212352,15.333924],[101.221956,15.339711],[101.227891,15.340521],[101.237927,15.345845],[101.241703,15.350359],[101.248394,15.352558],[101.253142,15.351632],[101.261667,15.355451],[101.270623,15.361007],[101.27494,15.360775],[101.279364,15.363784],[101.285191,15.374433],[101.299003,15.38022],[101.305154,15.391678],[101.302564,15.393298],[101.303428,15.410196],[101.304723,15.414942],[101.302241,15.422233],[101.30278,15.430798],[101.307204,15.435196],[101.301701,15.437164],[101.302564,15.442719],[101.299435,15.447349],[101.297708,15.456376],[101.302672,15.46089],[101.303643,15.467256],[101.307204,15.47177],[101.30332,15.482649],[101.304723,15.490173],[101.301701,15.499547],[101.301054,15.505913],[101.302133,15.517024],[101.304291,15.519339],[101.29609,15.528714],[101.28832,15.525126],[101.287565,15.530103],[101.290263,15.536931],[101.300838,15.540751],[101.307636,15.552441],[101.309686,15.568644],[101.311629,15.573737],[101.309686,15.578714],[101.311952,15.584385],[101.315621,15.588089],[101.31778,15.596538],[101.317024,15.602556],[101.323607,15.606723],[101.328463,15.605334],[101.331808,15.610311],[101.332455,15.622116],[101.336124,15.623736],[101.335585,15.62825],[101.342922,15.634847],[101.344002,15.63994],[101.342922,15.651861],[101.339469,15.654292],[101.340764,15.658921],[101.345512,15.660773],[101.351555,15.667833],[101.351016,15.673852],[101.354361,15.676861],[101.36008,15.688551],[101.353282,15.694454],[101.35285,15.704291],[101.346376,15.711236],[101.343354,15.71193],[101.34152,15.717139],[101.338067,15.718759],[101.335261,15.728481],[101.336772,15.732185],[101.333966,15.738203],[101.337743,15.740518],[101.33893,15.746537],[101.33634,15.753018],[101.33634,15.765865],[101.332563,15.773851],[101.329434,15.784152],[101.317564,15.791791],[101.320477,15.796768],[101.328571,15.80024],[101.326952,15.806027],[101.323283,15.810078],[101.323607,15.814592],[101.327276,15.819453],[101.330189,15.831027],[101.325117,15.831258],[101.32447,15.837161],[101.329758,15.840749],[101.332455,15.849082],[101.325765,15.852091],[101.328786,15.858226],[101.332455,15.873735],[101.332455,15.881721],[101.338606,15.886813],[101.348318,15.886235],[101.354037,15.890401],[101.35544,15.894337],[101.361699,15.900239],[101.362778,15.907762],[101.369792,15.90973],[101.374,15.921767],[101.367094,15.921304],[101.360728,15.923387],[101.366231,15.935077],[101.370871,15.939475],[101.372274,15.955332],[101.375835,15.961119],[101.374864,15.964822],[101.375727,15.978827],[101.377777,15.989359],[101.376267,16.01297],[101.3699,16.039359],[101.367202,16.045261],[101.364936,16.074891],[101.353066,16.067368],[101.346052,16.06922],[101.333642,16.093409],[101.33634,16.096882],[101.334506,16.101395],[101.33893,16.104057],[101.339146,16.109381],[101.33688,16.117946],[101.339685,16.121418],[101.342599,16.151627],[101.344865,16.157876],[101.352958,16.162969],[101.356519,16.173733],[101.359648,16.176279],[101.362238,16.182761],[101.371626,16.182761],[101.37713,16.185307],[101.380043,16.189589],[101.375187,16.196765],[101.372706,16.207066],[101.375295,16.213432],[101.366878,16.227089],[101.370655,16.232645],[101.373569,16.241556],[101.364612,16.245839],[101.361051,16.253478],[101.356195,16.25695],[101.354793,16.260885],[101.358138,16.268408],[101.366015,16.270029],[101.370979,16.280329],[101.368281,16.28357],[101.367742,16.292019],[101.37508,16.307181],[101.374972,16.311],[101.379288,16.318408],[101.376482,16.324426],[101.378964,16.343176],[101.377777,16.3485],[101.382202,16.354634],[101.38436,16.361695],[101.393316,16.366787],[101.39364,16.373616],[101.399359,16.376972],[101.405294,16.377898],[101.409071,16.383106],[101.409718,16.389935],[101.40087,16.401625],[101.405618,16.403477],[101.406913,16.407875],[101.416409,16.408338],[101.419754,16.41262],[101.418567,16.422805],[101.423855,16.425815],[101.424718,16.429981],[101.431192,16.434379],[101.444249,16.438199],[101.44835,16.444101],[101.450508,16.455791],[101.455904,16.460421],[101.46076,16.461578],[101.465616,16.46887],[101.467666,16.47512],[101.472198,16.476277],[101.474356,16.48137],[101.473385,16.488546],[101.469716,16.491786],[101.463997,16.50093],[101.466803,16.504171],[101.464644,16.508337],[101.465939,16.519101],[101.471335,16.523615],[101.471982,16.528939],[101.475435,16.529749],[101.478025,16.523962],[101.493888,16.537156],[101.502844,16.539355],[101.507916,16.54468],[101.510074,16.54248],[101.51957,16.549541],[101.509535,16.557642],[101.50565,16.556832],[101.498744,16.563198],[101.498744,16.569332],[101.494212,16.570952],[101.49896,16.576392],[101.498744,16.5838],[101.500902,16.588429],[101.501657,16.600003],[101.499931,16.608915],[101.506405,16.616207],[101.518599,16.619216],[101.524534,16.618059],[101.526261,16.621762],[101.523131,16.632873],[101.513851,16.641554],[101.508995,16.657295],[101.511801,16.662503],[101.512017,16.669679],[101.513959,16.672804],[101.510506,16.67697],[101.513419,16.681137],[101.520002,16.679401],[101.525937,16.680095],[101.529282,16.675697],[101.536188,16.670257],[101.537699,16.665975],[101.546332,16.667827],[101.548706,16.66285],[101.557339,16.654517],[101.561008,16.654054],[101.564892,16.64792],[101.571691,16.648151],[101.573309,16.655906],[101.577086,16.660998],[101.578705,16.670026],[101.575683,16.671878],[101.571799,16.680327],[101.570504,16.691785],[101.560792,16.697919],[101.558849,16.704864],[101.553022,16.711345],[101.551943,16.71528],[101.553238,16.727549],[101.559928,16.728822],[101.56295,16.725697],[101.574065,16.72234],[101.585611,16.722688],[101.591438,16.717016],[101.590467,16.708336],[101.601258,16.707526],[101.604711,16.706137],[101.613883,16.690859],[101.618847,16.685419],[101.62694,16.683336],[101.630285,16.684262],[101.635573,16.680443],[101.645932,16.683336],[101.649493,16.686692],[101.655968,16.688892],[101.670859,16.687503],[101.681435,16.688081],[101.686614,16.684609],[101.694707,16.682989],[101.699995,16.677549],[101.704851,16.66991],[101.710354,16.666901],[101.716937,16.656947],[101.724167,16.652086],[101.731073,16.652781],[101.730965,16.657642],[101.737547,16.66204],[101.741324,16.660651],[101.743914,16.669447],[101.75082,16.667827],[101.751468,16.677318],[101.766575,16.680095],[101.772726,16.688429],[101.774668,16.702549],[101.776611,16.706831],[101.776287,16.712387],[101.783085,16.721414],[101.787402,16.722109],[101.791178,16.726391],[101.789884,16.738197],[101.78643,16.741322],[101.793445,16.750812],[101.792797,16.757178],[101.793876,16.76609],[101.797221,16.768984]]]}},{"type":"Feature","id":"TH70","bbox":[99.162827,13.148753,100.068404,13.961247],"properties":{"ADM1_PCODE":"TH70","ADM1_TH":"ราชบุรี","ADM1_EN":"Ratchaburi"},"geometry":{"type":"Polygon","coordinates":[[[100.060202,13.660323],[100.063008,13.664953],[100.063548,13.673402],[100.067432,13.678957],[100.068404,13.692615],[100.060958,13.695161],[100.056426,13.694235],[100.048764,13.697244],[100.043261,13.69655],[100.041426,13.692268],[100.034736,13.691573],[100.033549,13.694582],[100.025779,13.697707],[100.024592,13.704305],[100.022974,13.729883],[100.024377,13.739142],[100.028801,13.7403],[100.030527,13.744351],[100.028801,13.75442],[100.022434,13.750485],[100.019521,13.746781],[100.010672,13.744814],[100.001068,13.738679],[99.996752,13.742614],[99.98963,13.737522],[99.990169,13.735091],[99.975817,13.731156],[99.976033,13.729767],[99.96017,13.721781],[99.954667,13.725138],[99.953804,13.731503],[99.949056,13.733702],[99.947977,13.739258],[99.94215,13.745161],[99.942905,13.751179],[99.940747,13.75523],[99.938912,13.769582],[99.945818,13.770392],[99.952401,13.774211],[99.952185,13.778262],[99.954991,13.783934],[99.954883,13.795276],[99.966753,13.796897],[99.969666,13.798401],[99.970638,13.808471],[99.966321,13.812869],[99.963516,13.812406],[99.962544,13.832197],[99.957473,13.836017],[99.954127,13.832544],[99.946898,13.83023],[99.938912,13.831271],[99.937078,13.841109],[99.933193,13.843077],[99.926503,13.84273],[99.920676,13.845739],[99.913877,13.843308],[99.907618,13.845044],[99.90082,13.841688],[99.91269,13.871433],[99.90546,13.88266],[99.907726,13.889489],[99.916143,13.898285],[99.92305,13.897475],[99.928121,13.91009],[99.916683,13.913562],[99.924452,13.920275],[99.924992,13.928724],[99.927042,13.934048],[99.909669,13.939488],[99.901576,13.940183],[99.885389,13.950368],[99.88226,13.949789],[99.877728,13.955692],[99.875893,13.961247],[99.874274,13.957544],[99.87913,13.951988],[99.867368,13.934974],[99.86467,13.929303],[99.856793,13.916572],[99.854203,13.915877],[99.85388,13.908817],[99.848808,13.904072],[99.848484,13.896201],[99.844599,13.893192],[99.844276,13.884164],[99.837477,13.872359],[99.837046,13.866341],[99.827765,13.869465],[99.820104,13.864604],[99.821291,13.857776],[99.816975,13.852915],[99.820859,13.850021],[99.815788,13.843193],[99.816003,13.836364],[99.814385,13.832544],[99.819133,13.826873],[99.815464,13.823054],[99.808881,13.825369],[99.80532,13.821549],[99.812119,13.817151],[99.811255,13.811248],[99.803162,13.807197],[99.795932,13.81854],[99.783954,13.822359],[99.775861,13.823401],[99.770897,13.821086],[99.767768,13.823632],[99.75838,13.82398],[99.747157,13.819813],[99.741762,13.8256],[99.727625,13.827799],[99.718237,13.82398],[99.709281,13.825369],[99.701296,13.831387],[99.700216,13.833702],[99.689749,13.83891],[99.675074,13.83972],[99.670326,13.841456],[99.667412,13.845623],[99.664067,13.844929],[99.655218,13.836827],[99.650146,13.827568],[99.641082,13.822591],[99.630183,13.80523],[99.625435,13.806387],[99.619932,13.801295],[99.612054,13.801179],[99.598889,13.78648],[99.581732,13.779767],[99.575473,13.772938],[99.568027,13.769582],[99.563063,13.764605],[99.544611,13.758818],[99.535331,13.762175],[99.528532,13.761364],[99.528856,13.765415],[99.518389,13.767499],[99.514396,13.763911],[99.511375,13.76773],[99.505548,13.765762],[99.502634,13.771434],[99.498642,13.772475],[99.496268,13.777221],[99.487203,13.782892],[99.48321,13.796897],[99.479542,13.802568],[99.475441,13.805577],[99.472204,13.804535],[99.465405,13.792846],[99.458283,13.783586],[99.453104,13.778841],[99.450946,13.780809],[99.435622,13.77942],[99.419976,13.775253],[99.413393,13.774327],[99.409724,13.768077],[99.400983,13.767846],[99.400228,13.764489],[99.389761,13.7631],[99.385229,13.758471],[99.379078,13.754999],[99.37228,13.756156],[99.356309,13.751758],[99.348647,13.75523],[99.341094,13.755577],[99.328576,13.760786],[99.323397,13.764374],[99.31703,13.76611],[99.312282,13.769582],[99.308613,13.776295],[99.303649,13.775948],[99.299225,13.769119],[99.293721,13.76854],[99.286168,13.760554],[99.280233,13.760901],[99.27419,13.755693],[99.273327,13.749906],[99.265449,13.743425],[99.25919,13.744119],[99.255521,13.74655],[99.243112,13.74817],[99.238364,13.751179],[99.235882,13.747476],[99.232213,13.74898],[99.222717,13.748401],[99.219156,13.744003],[99.210955,13.741573],[99.212358,13.737985],[99.203833,13.735323],[99.197142,13.736249],[99.193042,13.734165],[99.182035,13.737406],[99.177179,13.73729],[99.173942,13.740994],[99.167575,13.736596],[99.167359,13.725832],[99.169518,13.708008],[99.167359,13.699675],[99.167252,13.693656],[99.171352,13.689606],[99.168762,13.683124],[99.165525,13.682893],[99.165957,13.673633],[99.170597,13.67074],[99.170597,13.664027],[99.166388,13.653842],[99.171028,13.646782],[99.168978,13.640416],[99.171676,13.630347],[99.167252,13.621435],[99.166388,13.609398],[99.172215,13.597361],[99.175561,13.594004],[99.17815,13.584398],[99.173834,13.583588],[99.162827,13.574213],[99.167575,13.571204],[99.170597,13.564143],[99.176532,13.562639],[99.17815,13.555926],[99.187107,13.546782],[99.191531,13.544699],[99.191207,13.534051],[99.188941,13.528264],[99.191531,13.516459],[99.190776,13.508588],[99.187646,13.505695],[99.190992,13.501181],[99.187646,13.49875],[99.191207,13.49007],[99.197142,13.482662],[99.203725,13.478843],[99.202538,13.471551],[99.205883,13.467153],[99.207178,13.458241],[99.19725,13.450487],[99.198977,13.443427],[99.204157,13.4322],[99.20038,13.426992],[99.209876,13.414839],[99.210199,13.411135],[99.205775,13.406853],[99.203725,13.401413],[99.205559,13.397131],[99.204804,13.379654],[99.201783,13.371436],[99.205883,13.366344],[99.206207,13.361714],[99.203185,13.354538],[99.205775,13.348983],[99.206315,13.337525],[99.202106,13.335441],[99.19725,13.325025],[99.191855,13.322478],[99.190668,13.302918],[99.189481,13.293775],[99.187107,13.291113],[99.194121,13.280233],[99.199193,13.276992],[99.200919,13.271784],[99.208473,13.266113],[99.211279,13.261715],[99.207178,13.260094],[99.202646,13.261715],[99.197682,13.257548],[99.197898,13.249099],[99.204696,13.23984],[99.204157,13.237641],[99.208365,13.231507],[99.208905,13.226067],[99.204696,13.218312],[99.209228,13.212294],[99.209984,13.208127],[99.215919,13.201299],[99.221854,13.204539],[99.227789,13.202803],[99.239227,13.187641],[99.245918,13.185442],[99.247105,13.179424],[99.260269,13.162989],[99.263291,13.160905],[99.265233,13.15535],[99.271924,13.148753],[99.282283,13.152572],[99.29588,13.161253],[99.301167,13.16322],[99.31239,13.171322],[99.323289,13.176762],[99.32631,13.183012],[99.325123,13.186715],[99.31962,13.189725],[99.31908,13.208127],[99.322317,13.21484],[99.325123,13.21565],[99.323397,13.222826],[99.333432,13.22028],[99.336454,13.222016],[99.33872,13.22815],[99.338504,13.232896],[99.351237,13.243775],[99.35782,13.233474],[99.368287,13.233706],[99.37174,13.22815],[99.371524,13.220743],[99.38307,13.215998],[99.394293,13.21322],[99.397315,13.217734],[99.401523,13.213451],[99.406703,13.21322],[99.41253,13.201299],[99.416415,13.197942],[99.428069,13.198405],[99.432385,13.195164],[99.433356,13.191576],[99.439183,13.184979],[99.442529,13.183475],[99.456125,13.186252],[99.464218,13.184169],[99.46929,13.192734],[99.478355,13.200488],[99.481376,13.198984],[99.486448,13.191345],[99.490333,13.191924],[99.494001,13.18741],[99.500584,13.183938],[99.501339,13.18035],[99.50749,13.181044],[99.509972,13.190766],[99.515044,13.19447],[99.514828,13.201993],[99.521734,13.209748],[99.529288,13.207086],[99.53846,13.20697],[99.544287,13.202572],[99.549683,13.20697],[99.553352,13.207317],[99.557128,13.203961],[99.564466,13.205002],[99.57925,13.197826],[99.584861,13.19991],[99.594789,13.198752],[99.597379,13.203382],[99.602558,13.205697],[99.613241,13.203382],[99.626838,13.205697],[99.636334,13.201646],[99.638384,13.210211],[99.650902,13.213567],[99.664283,13.214493],[99.662556,13.21947],[99.665038,13.22271],[99.663527,13.229192],[99.667628,13.238683],[99.66547,13.242733],[99.665685,13.249678],[99.668599,13.259863],[99.667952,13.269354],[99.659966,13.272131],[99.66547,13.28602],[99.671728,13.288682],[99.681548,13.290418],[99.685325,13.296668],[99.693094,13.304423],[99.698274,13.312525],[99.699353,13.316923],[99.70572,13.320974],[99.729568,13.328497],[99.744999,13.337177],[99.750394,13.33764],[99.757193,13.343427],[99.765933,13.339376],[99.771545,13.340997],[99.78212,13.332895],[99.794529,13.333011],[99.804997,13.329886],[99.803702,13.335904],[99.809205,13.339724],[99.815356,13.337177],[99.823233,13.339955],[99.828952,13.339724],[99.836182,13.333821],[99.85593,13.329191],[99.860138,13.339145],[99.858951,13.340649],[99.865858,13.365649],[99.869634,13.382779],[99.874706,13.393543],[99.878267,13.403844],[99.884957,13.419353],[99.890461,13.429769],[99.891864,13.435788],[99.890353,13.448519],[99.887547,13.456274],[99.891216,13.464491],[99.889166,13.470047],[99.895856,13.475371],[99.895964,13.483241],[99.903518,13.492269],[99.912151,13.496088],[99.919057,13.500718],[99.913446,13.51044],[99.920568,13.513565],[99.925963,13.513912],[99.932114,13.504537],[99.934056,13.497709],[99.940207,13.499213],[99.947005,13.497824],[99.95143,13.498982],[99.956394,13.496783],[99.96071,13.497477],[99.963731,13.489723],[99.973983,13.490996],[99.989198,13.501065],[99.994809,13.493889],[100.008514,13.516227],[100.011643,13.512408],[100.019089,13.50963],[100.026211,13.504653],[100.029556,13.507778],[100.026751,13.517384],[100.031175,13.520857],[100.032038,13.524676],[100.028909,13.528843],[100.031283,13.531389],[100.041966,13.536482],[100.044124,13.544468],[100.0438,13.554306],[100.046066,13.559282],[100.037218,13.582546],[100.040347,13.583125],[100.038728,13.593194],[100.043153,13.594814],[100.038405,13.604305],[100.033225,13.608703],[100.037865,13.612407],[100.04639,13.615763],[100.048764,13.618657],[100.053944,13.619004],[100.053944,13.625949],[100.058584,13.635092],[100.056857,13.647245],[100.06085,13.656735],[100.060202,13.660323]]]}},{"type":"Feature","id":"TH71","bbox":[98.181175,13.725832,99.87913,15.659963],"properties":{"ADM1_PCODE":"TH71","ADM1_TH":"กาญจนบุรี","ADM1_EN":"Kanchanaburi"},"geometry":{"type":"Polygon","coordinates":[[[98.983913,15.179989],[98.97118,15.191563],[98.970209,15.198623],[98.965677,15.203022],[98.963087,15.208114],[98.963518,15.216679],[98.961684,15.225244],[98.958231,15.231031],[98.955641,15.239017],[98.955533,15.247003],[98.944742,15.252327],[98.938376,15.250244],[98.921326,15.247581],[98.918196,15.254179],[98.915175,15.256146],[98.915283,15.264248],[98.909887,15.268415],[98.901902,15.268993],[98.898233,15.273044],[98.886255,15.275128],[98.891219,15.287512],[98.891435,15.290405],[98.881831,15.309734],[98.876867,15.315521],[98.870824,15.32478],[98.860789,15.331262],[98.854746,15.337627],[98.840178,15.348044],[98.833919,15.345382],[98.830682,15.346192],[98.829603,15.355567],[98.823128,15.361007],[98.81374,15.376284],[98.803273,15.384849],[98.801546,15.391562],[98.797877,15.393298],[98.790971,15.404062],[98.783417,15.408344],[98.780288,15.416215],[98.779964,15.421654],[98.762699,15.437627],[98.754606,15.441793],[98.759138,15.45221],[98.754821,15.45846],[98.758382,15.468413],[98.760756,15.470612],[98.754498,15.474895],[98.746728,15.482765],[98.741333,15.479177],[98.73734,15.479409],[98.732053,15.483344],[98.729679,15.488552],[98.719427,15.490867],[98.713384,15.495034],[98.705399,15.498274],[98.701083,15.50383],[98.704428,15.509964],[98.711981,15.504987],[98.719103,15.506608],[98.717916,15.511932],[98.723851,15.516677],[98.719643,15.522695],[98.713924,15.525705],[98.705938,15.536468],[98.702485,15.544686],[98.693853,15.557996],[98.675508,15.578251],[98.66817,15.594223],[98.661372,15.598389],[98.657811,15.608459],[98.654142,15.612857],[98.654142,15.620959],[98.648639,15.632533],[98.639898,15.637972],[98.632452,15.627787],[98.626517,15.626283],[98.622417,15.629523],[98.626949,15.637625],[98.612273,15.644685],[98.60828,15.641213],[98.600943,15.645033],[98.591878,15.644107],[98.588425,15.646074],[98.584864,15.659616],[98.574505,15.659963],[98.57321,15.655796],[98.557779,15.65244],[98.562743,15.639593],[98.552707,15.602325],[98.568678,15.540519],[98.578497,15.501515],[98.585188,15.471423],[98.584972,15.463552],[98.58044,15.377557],[98.578497,15.372812],[98.559182,15.336354],[98.555297,15.334965],[98.54947,15.338206],[98.551088,15.343761],[98.549686,15.348622],[98.546017,15.353252],[98.547204,15.359502],[98.542348,15.36309],[98.537168,15.371192],[98.531125,15.371886],[98.530693,15.379988],[98.526593,15.381608],[98.521197,15.392256],[98.515802,15.392835],[98.507169,15.398738],[98.501342,15.404178],[98.494544,15.400358],[98.490443,15.403252],[98.484077,15.397002],[98.480623,15.396423],[98.476307,15.391331],[98.475983,15.383576],[98.482134,15.380104],[98.47976,15.376516],[98.472962,15.375706],[98.470264,15.372233],[98.463898,15.378252],[98.463358,15.383692],[98.458502,15.386007],[98.449006,15.383692],[98.451596,15.375821],[98.449653,15.371423],[98.443718,15.370845],[98.441884,15.364595],[98.434978,15.36228],[98.429366,15.368067],[98.423324,15.364942],[98.41523,15.36309],[98.415554,15.356724],[98.402821,15.347812],[98.394404,15.344687],[98.391167,15.330914],[98.398396,15.324896],[98.400123,15.319456],[98.400231,15.311354],[98.398181,15.307535],[98.390843,15.305914],[98.385231,15.301285],[98.354369,15.293993],[98.343471,15.292836],[98.335917,15.294919],[98.326637,15.303021],[98.32232,15.303021],[98.305918,15.313322],[98.303544,15.310313],[98.297609,15.313553],[98.295775,15.308229],[98.300415,15.303368],[98.294372,15.297697],[98.297933,15.293415],[98.297933,15.289132],[98.303112,15.28022],[98.296314,15.27316],[98.282394,15.272234],[98.280559,15.264017],[98.273761,15.254873],[98.273329,15.251054],[98.267502,15.248044],[98.264805,15.240406],[98.259409,15.234156],[98.258006,15.224318],[98.253474,15.225591],[98.244518,15.221077],[98.234806,15.220151],[98.231784,15.223045],[98.22682,15.222929],[98.220022,15.225475],[98.217432,15.232651],[98.209231,15.238901],[98.197901,15.233577],[98.200275,15.225128],[98.197901,15.220267],[98.201893,15.214248],[98.199196,15.211008],[98.204159,15.204295],[98.209771,15.200012],[98.209986,15.194457],[98.207936,15.188786],[98.213116,15.18323],[98.212361,15.17779],[98.207181,15.174087],[98.20826,15.17073],[98.201354,15.164827],[98.199519,15.156031],[98.191642,15.152559],[98.188728,15.145152],[98.189052,15.140869],[98.192937,15.136703],[98.187326,15.124434],[98.183872,15.122004],[98.181175,15.115175],[98.181175,15.110082],[98.18452,15.10499],[98.184088,15.096657],[98.190887,15.092143],[98.19121,15.088902],[98.199303,15.085777],[98.20308,15.082073],[98.203728,15.077907],[98.21085,15.07536],[98.216029,15.067143],[98.215922,15.064365],[98.221425,15.059388],[98.220346,15.055222],[98.230381,15.046541],[98.230381,15.041449],[98.224231,15.02675],[98.214627,15.022467],[98.211389,15.01587],[98.212037,15.011472],[98.209339,14.994574],[98.208907,14.980106],[98.212145,14.979528],[98.217648,14.974435],[98.220238,14.975593],[98.227899,14.968417],[98.232324,14.967259],[98.232863,14.963093],[98.230597,14.953139],[98.228331,14.948394],[98.230489,14.943417],[98.242899,14.93925],[98.243978,14.936588],[98.243223,14.923278],[98.250129,14.915639],[98.242467,14.902213],[98.23869,14.898162],[98.233511,14.897352],[98.229734,14.890292],[98.232324,14.884274],[98.24182,14.876866],[98.243331,14.872815],[98.255416,14.864135],[98.25833,14.859737],[98.258546,14.843649],[98.254121,14.840292],[98.24592,14.830918],[98.251208,14.82432],[98.254229,14.813557],[98.260704,14.811242],[98.271063,14.799205],[98.276459,14.797121],[98.276782,14.791913],[98.285199,14.770501],[98.291027,14.77108],[98.293832,14.768071],[98.294803,14.757307],[98.297825,14.748858],[98.301062,14.747469],[98.302789,14.741798],[98.305918,14.738557],[98.305378,14.731728],[98.31358,14.727099],[98.317896,14.719691],[98.32232,14.715988],[98.323399,14.709738],[98.329874,14.704992],[98.334514,14.71159],[98.337536,14.710316],[98.340557,14.703372],[98.345845,14.699668],[98.348758,14.700363],[98.362139,14.68821],[98.362355,14.682192],[98.3657,14.673164],[98.366024,14.666914],[98.373361,14.663789],[98.378865,14.654761],[98.403576,14.637979],[98.407029,14.633581],[98.414151,14.63115],[98.419547,14.623743],[98.424187,14.622354],[98.43282,14.613789],[98.43692,14.613211],[98.436165,14.60835],[98.43951,14.601174],[98.452675,14.581729],[98.459042,14.578373],[98.457639,14.564947],[98.458286,14.560433],[98.455588,14.555804],[98.459365,14.547702],[98.461092,14.538674],[98.461092,14.53173],[98.46325,14.530109],[98.471667,14.536475],[98.4803,14.534392],[98.486882,14.535665],[98.491738,14.54041],[98.49627,14.526174],[98.496055,14.519808],[98.498429,14.5146],[98.503608,14.510781],[98.504364,14.496082],[98.509975,14.490179],[98.509004,14.486128],[98.510622,14.479415],[98.51386,14.474207],[98.520226,14.470387],[98.524543,14.454994],[98.531449,14.44886],[98.533499,14.442726],[98.5417,14.444462],[98.54893,14.434855],[98.546664,14.431267],[98.548067,14.422008],[98.554541,14.421892],[98.557455,14.419693],[98.558426,14.412286],[98.556484,14.403143],[98.562527,14.397124],[98.564038,14.391221],[98.562958,14.385087],[98.573318,14.380573],[98.576231,14.375481],[98.575908,14.369231],[98.583569,14.368884],[98.591015,14.370735],[98.595547,14.366569],[98.594036,14.359856],[98.594144,14.348745],[98.592849,14.344231],[98.596842,14.336013],[98.597166,14.327101],[98.601374,14.321893],[98.615079,14.312518],[98.6181,14.314023],[98.624251,14.311939],[98.62997,14.315875],[98.636553,14.306847],[98.643135,14.300944],[98.645617,14.301523],[98.656516,14.293768],[98.657595,14.290991],[98.66353,14.291106],[98.67594,14.28231],[98.681659,14.273282],[98.686083,14.271662],[98.692342,14.274555],[98.698493,14.274208],[98.70119,14.25812],[98.711334,14.251639],[98.719859,14.241685],[98.73011,14.236824],[98.732916,14.239602],[98.740254,14.231384],[98.742628,14.232079],[98.751476,14.221431],[98.755685,14.214602],[98.760325,14.215412],[98.764641,14.212982],[98.768094,14.208352],[98.776188,14.206732],[98.777051,14.199903],[98.785036,14.195158],[98.797985,14.193074],[98.814064,14.175019],[98.821294,14.172589],[98.828955,14.175366],[98.834243,14.171663],[98.839638,14.162866],[98.843199,14.163561],[98.849458,14.160204],[98.855069,14.152218],[98.862299,14.14701],[98.867263,14.147589],[98.869853,14.143769],[98.874061,14.132774],[98.874385,14.12745],[98.879673,14.123052],[98.884097,14.122473],[98.89068,14.116223],[98.896938,14.112635],[98.900283,14.108237],[98.903629,14.11032],[98.907837,14.108816],[98.919707,14.109973],[98.926182,14.107427],[98.930822,14.101871],[98.935246,14.101061],[98.938699,14.096316],[98.94539,14.092149],[98.953267,14.093885],[98.957583,14.097126],[98.959634,14.092496],[98.967295,14.082774],[98.968698,14.054997],[98.971072,14.049788],[98.970856,14.044696],[98.973338,14.039488],[98.972259,14.032659],[98.979489,14.029071],[98.990388,14.021085],[98.996539,14.019812],[98.996107,14.013678],[98.998157,14.008701],[99.006035,13.999673],[99.004632,13.996201],[99.00938,13.993423],[99.012078,13.981155],[99.014991,13.974557],[99.013696,13.967266],[99.015099,13.960206],[99.023516,13.944118],[99.029883,13.945159],[99.04758,13.938562],[99.049414,13.934396],[99.054918,13.930113],[99.059989,13.928956],[99.060637,13.9234],[99.065601,13.917498],[99.065817,13.907428],[99.072075,13.90465],[99.0765,13.899326],[99.076931,13.894465],[99.080492,13.891688],[99.091391,13.891225],[99.093981,13.889489],[99.10488,13.895044],[99.108765,13.890646],[99.110707,13.874674],[99.109736,13.868077],[99.100671,13.854535],[99.099592,13.837521],[99.108009,13.830577],[99.113944,13.830808],[99.115563,13.824443],[99.113944,13.820739],[99.116102,13.816457],[99.12139,13.812637],[99.12193,13.803494],[99.117613,13.796318],[99.118369,13.784397],[99.121606,13.779536],[99.121606,13.772823],[99.127001,13.76773],[99.133692,13.766688],[99.137792,13.760901],[99.143188,13.756966],[99.146209,13.757892],[99.153763,13.755693],[99.153547,13.744582],[99.154518,13.735439],[99.158295,13.733008],[99.160885,13.726179],[99.167359,13.725832],[99.167575,13.736596],[99.173942,13.740994],[99.177179,13.73729],[99.182035,13.737406],[99.193042,13.734165],[99.197142,13.736249],[99.203833,13.735323],[99.212358,13.737985],[99.210955,13.741573],[99.219156,13.744003],[99.222717,13.748401],[99.232213,13.74898],[99.235882,13.747476],[99.238364,13.751179],[99.243112,13.74817],[99.255521,13.74655],[99.25919,13.744119],[99.265449,13.743425],[99.273327,13.749906],[99.27419,13.755693],[99.280233,13.760901],[99.286168,13.760554],[99.293721,13.76854],[99.299225,13.769119],[99.303649,13.775948],[99.308613,13.776295],[99.312282,13.769582],[99.31703,13.76611],[99.323397,13.764374],[99.328576,13.760786],[99.341094,13.755577],[99.348647,13.75523],[99.356309,13.751758],[99.37228,13.756156],[99.379078,13.754999],[99.385229,13.758471],[99.389761,13.7631],[99.400228,13.764489],[99.400983,13.767846],[99.409724,13.768077],[99.413393,13.774327],[99.419976,13.775253],[99.435622,13.77942],[99.450946,13.780809],[99.453104,13.778841],[99.458283,13.783586],[99.465405,13.792846],[99.472204,13.804535],[99.475441,13.805577],[99.479542,13.802568],[99.48321,13.796897],[99.487203,13.782892],[99.496268,13.777221],[99.498642,13.772475],[99.502634,13.771434],[99.505548,13.765762],[99.511375,13.76773],[99.514396,13.763911],[99.518389,13.767499],[99.528856,13.765415],[99.528532,13.761364],[99.535331,13.762175],[99.544611,13.758818],[99.563063,13.764605],[99.568027,13.769582],[99.575473,13.772938],[99.581732,13.779767],[99.598889,13.78648],[99.612054,13.801179],[99.619932,13.801295],[99.625435,13.806387],[99.630183,13.80523],[99.641082,13.822591],[99.650146,13.827568],[99.655218,13.836827],[99.664067,13.844929],[99.667412,13.845623],[99.670326,13.841456],[99.675074,13.83972],[99.689749,13.83891],[99.700216,13.833702],[99.701296,13.831387],[99.709281,13.825369],[99.718237,13.82398],[99.727625,13.827799],[99.741762,13.8256],[99.747157,13.819813],[99.75838,13.82398],[99.767768,13.823632],[99.770897,13.821086],[99.775861,13.823401],[99.783954,13.822359],[99.795932,13.81854],[99.803162,13.807197],[99.811255,13.811248],[99.812119,13.817151],[99.80532,13.821549],[99.808881,13.825369],[99.815464,13.823054],[99.819133,13.826873],[99.814385,13.832544],[99.816003,13.836364],[99.815788,13.843193],[99.820859,13.850021],[99.816975,13.852915],[99.821291,13.857776],[99.820104,13.864604],[99.827765,13.869465],[99.837046,13.866341],[99.837477,13.872359],[99.844276,13.884164],[99.844599,13.893192],[99.848484,13.896201],[99.848808,13.904072],[99.85388,13.908817],[99.854203,13.915877],[99.856793,13.916572],[99.86467,13.929303],[99.867368,13.934974],[99.87913,13.951988],[99.874274,13.957544],[99.875893,13.961247],[99.868555,13.963215],[99.864239,13.96634],[99.85388,13.964604],[99.845786,13.975946],[99.843304,13.983469],[99.839528,13.983354],[99.829168,13.9984],[99.834132,14.007196],[99.835319,14.019927],[99.838448,14.026177],[99.83683,14.030923],[99.84201,14.033353],[99.849239,14.044001],[99.847621,14.052682],[99.840067,14.055575],[99.833593,14.060668],[99.821938,14.061247],[99.814061,14.064256],[99.808773,14.067497],[99.808665,14.072358],[99.811795,14.077682],[99.808665,14.082659],[99.799169,14.084395],[99.79345,14.092959],[99.791076,14.10083],[99.782551,14.094233],[99.777803,14.092728],[99.772192,14.093885],[99.772732,14.098631],[99.769386,14.100251],[99.769279,14.112288],[99.767876,14.116455],[99.773379,14.119232],[99.775645,14.123052],[99.781256,14.121894],[99.785357,14.125367],[99.782228,14.133468],[99.781904,14.142265],[99.795069,14.1712],[99.794098,14.176987],[99.798954,14.176755],[99.802623,14.190528],[99.798846,14.191107],[99.797551,14.195737],[99.80068,14.205574],[99.795608,14.217959],[99.799601,14.224093],[99.806184,14.229764],[99.810392,14.229185],[99.815248,14.235551],[99.816435,14.246662],[99.823017,14.253144],[99.821615,14.257079],[99.82442,14.264486],[99.833593,14.272125],[99.828413,14.275481],[99.829492,14.28069],[99.82496,14.284046],[99.823449,14.293074],[99.82032,14.299787],[99.81309,14.30974],[99.811471,14.314601],[99.807586,14.315527],[99.793666,14.325828],[99.806723,14.325944],[99.804349,14.3315],[99.807586,14.332773],[99.808881,14.341106],[99.812119,14.350597],[99.816003,14.352333],[99.821938,14.350018],[99.82183,14.361013],[99.825715,14.366453],[99.82442,14.372587],[99.817838,14.378027],[99.818162,14.385897],[99.826363,14.386476],[99.826147,14.393652],[99.823557,14.404647],[99.821291,14.406962],[99.824528,14.412402],[99.820751,14.41923],[99.821075,14.424091],[99.814816,14.437517],[99.818162,14.446314],[99.81719,14.449323],[99.821723,14.460087],[99.825176,14.477795],[99.822586,14.485549],[99.826363,14.487633],[99.830787,14.486244],[99.829276,14.50048],[99.819672,14.505109],[99.818162,14.51217],[99.810932,14.517146],[99.80532,14.52467],[99.806723,14.537517],[99.809637,14.539716],[99.794853,14.546313],[99.793127,14.552563],[99.795069,14.55754],[99.79345,14.562285],[99.798306,14.564137],[99.799925,14.571428],[99.798522,14.574669],[99.802838,14.588674],[99.803486,14.59585],[99.80068,14.601405],[99.797551,14.602215],[99.79809,14.616914],[99.800249,14.623511],[99.804565,14.627215],[99.809313,14.625711],[99.818054,14.628604],[99.818485,14.635433],[99.821399,14.640294],[99.811795,14.646312],[99.808126,14.647238],[99.813737,14.658349],[99.805428,14.668419],[99.802623,14.675826],[99.793774,14.683581],[99.792155,14.689252],[99.793774,14.698742],[99.789242,14.706266],[99.78417,14.721543],[99.788055,14.723742],[99.78935,14.736011],[99.776401,14.739136],[99.762804,14.745501],[99.74597,14.749321],[99.742193,14.746659],[99.733021,14.748626],[99.727841,14.751288],[99.717698,14.750941],[99.710576,14.757654],[99.703562,14.760432],[99.69331,14.768418],[99.689533,14.773858],[99.682303,14.77895],[99.674858,14.78601],[99.664714,14.788094],[99.662664,14.795733],[99.658887,14.802677],[99.650686,14.80152],[99.643348,14.801983],[99.64173,14.798047],[99.634392,14.801057],[99.626406,14.798395],[99.623493,14.791913],[99.611623,14.785663],[99.602558,14.785432],[99.594034,14.789251],[99.589393,14.784737],[99.585509,14.784274],[99.582379,14.788094],[99.5772,14.788788],[99.571265,14.77976],[99.573854,14.774205],[99.578063,14.769923],[99.576444,14.766682],[99.576768,14.750363],[99.57256,14.737978],[99.571373,14.725941],[99.568783,14.723164],[99.569862,14.714715],[99.567056,14.709506],[99.560905,14.710201],[99.555618,14.707539],[99.544935,14.708812],[99.542777,14.715293],[99.536734,14.714483],[99.531554,14.707423],[99.527885,14.707886],[99.522597,14.704529],[99.517202,14.703488],[99.502095,14.708002],[99.491843,14.704645],[99.485261,14.708696],[99.483534,14.714946],[99.476736,14.72027],[99.474578,14.716219],[99.466269,14.717029],[99.464111,14.718997],[99.458931,14.729414],[99.442097,14.732191],[99.444579,14.741219],[99.439399,14.742955],[99.434543,14.749784],[99.432709,14.754529],[99.434543,14.767839],[99.433464,14.776173],[99.415012,14.776173],[99.404652,14.772122],[99.400768,14.771774],[99.397746,14.767839],[99.392027,14.765409],[99.383178,14.766566],[99.377675,14.765756],[99.373359,14.770617],[99.366992,14.770154],[99.364726,14.774899],[99.358791,14.777677],[99.354151,14.77652],[99.348324,14.782422],[99.341633,14.784274],[99.338612,14.790177],[99.334727,14.793765],[99.335806,14.800015],[99.327173,14.810084],[99.314764,14.814482],[99.309584,14.812746],[99.304297,14.827445],[99.292103,14.833348],[99.291455,14.85013],[99.287247,14.855802],[99.287247,14.864598],[99.291779,14.865292],[99.295016,14.869459],[99.300628,14.871542],[99.305699,14.88219],[99.313469,14.883579],[99.317677,14.893764],[99.322317,14.895616],[99.324476,14.899436],[99.324368,14.922815],[99.325015,14.941681],[99.314872,14.955917],[99.313685,14.962977],[99.306023,14.970963],[99.304512,14.974551],[99.292642,14.981148],[99.283362,14.989134],[99.282823,14.997699],[99.274837,14.990986],[99.26901,14.989713],[99.260269,14.991449],[99.254982,14.988555],[99.252932,14.994458],[99.247212,15.001403],[99.242788,15.00337],[99.232213,15.012398],[99.228652,15.010315],[99.217645,15.012861],[99.203185,15.014713],[99.198006,15.018879],[99.189913,15.02756],[99.185488,15.027328],[99.180309,15.018879],[99.169733,15.014134],[99.16164,15.015523],[99.157863,15.017606],[99.156461,15.022351],[99.149231,15.023856],[99.144591,15.027676],[99.142864,15.034388],[99.13585,15.036935],[99.138979,15.044342],[99.146533,15.047004],[99.142648,15.051865],[99.130778,15.049203],[99.125491,15.050592],[99.119232,15.054874],[99.115131,15.048161],[99.106283,15.045962],[99.100671,15.042259],[99.092902,15.04249],[99.087075,15.039365],[99.078442,15.038555],[99.070025,15.0433],[99.065925,15.047699],[99.0574,15.044574],[99.042724,15.045731],[99.038839,15.048856],[99.028048,15.04955],[99.024056,15.054759],[99.019308,15.055222],[99.008301,15.070499],[99.000639,15.071194],[99.005064,15.076286],[99.00884,15.084504],[99.011754,15.08624],[99.010027,15.094573],[99.003121,15.102559],[98.997294,15.104643],[99.000855,15.120499],[98.999129,15.124087],[99.001718,15.133578],[98.999992,15.137744],[99.007545,15.144457],[99.003553,15.149318],[98.999129,15.164712],[98.99492,15.164943],[98.989201,15.176633],[98.983913,15.179989]]]}},{"type":"Feature","id":"TH72","bbox":[99.276024,14.064256,100.282496,15.080916],"properties":{"ADM1_PCODE":"TH72","ADM1_TH":"สุพรรณบุรี","ADM1_EN":"Suphan Buri"},"geometry":{"type":"Polygon","coordinates":[[[99.723741,14.962051],[99.719424,14.960199],[99.694821,14.968417],[99.692015,14.972931],[99.686188,14.975824],[99.676045,14.983926],[99.669786,14.985083],[99.663527,14.988324],[99.657053,14.986588],[99.650146,14.989018],[99.638384,14.988903],[99.627162,14.987514],[99.628996,14.985083],[99.62727,14.979065],[99.631046,14.973509],[99.629212,14.967722],[99.633636,14.954528],[99.630831,14.94631],[99.63137,14.943301],[99.618421,14.942259],[99.601587,14.946426],[99.59835,14.944458],[99.590473,14.947815],[99.583998,14.946658],[99.57666,14.955338],[99.568135,14.958],[99.562308,14.963093],[99.555726,14.964019],[99.547309,14.961588],[99.543316,14.96506],[99.532309,14.969806],[99.531122,14.975361],[99.527777,14.979875],[99.518281,14.978718],[99.50749,14.984389],[99.497886,14.983926],[99.488282,14.986472],[99.477923,14.991565],[99.469722,14.989481],[99.456233,14.988555],[99.444903,14.991217],[99.436054,14.999551],[99.435946,15.007537],[99.42645,15.014944],[99.416091,15.037282],[99.415875,15.047351],[99.40325,15.045268],[99.397746,15.052444],[99.393754,15.049782],[99.385444,15.047814],[99.381668,15.051171],[99.374546,15.049435],[99.370553,15.050939],[99.355122,15.061587],[99.348216,15.071078],[99.339475,15.080569],[99.319728,15.080916],[99.319404,15.076634],[99.313253,15.071888],[99.303217,15.062282],[99.300951,15.055453],[99.296203,15.050013],[99.288866,15.037513],[99.286168,15.028601],[99.281528,15.018185],[99.276024,15.01344],[99.276024,15.004528],[99.282823,14.997699],[99.283362,14.989134],[99.292642,14.981148],[99.304512,14.974551],[99.306023,14.970963],[99.313685,14.962977],[99.314872,14.955917],[99.325015,14.941681],[99.324368,14.922815],[99.324476,14.899436],[99.322317,14.895616],[99.317677,14.893764],[99.313469,14.883579],[99.305699,14.88219],[99.300628,14.871542],[99.295016,14.869459],[99.291779,14.865292],[99.287247,14.864598],[99.287247,14.855802],[99.291455,14.85013],[99.292103,14.833348],[99.304297,14.827445],[99.309584,14.812746],[99.314764,14.814482],[99.327173,14.810084],[99.335806,14.800015],[99.334727,14.793765],[99.338612,14.790177],[99.341633,14.784274],[99.348324,14.782422],[99.354151,14.77652],[99.358791,14.777677],[99.364726,14.774899],[99.366992,14.770154],[99.373359,14.770617],[99.377675,14.765756],[99.383178,14.766566],[99.392027,14.765409],[99.397746,14.767839],[99.400768,14.771774],[99.404652,14.772122],[99.415012,14.776173],[99.433464,14.776173],[99.434543,14.767839],[99.432709,14.754529],[99.434543,14.749784],[99.439399,14.742955],[99.444579,14.741219],[99.442097,14.732191],[99.458931,14.729414],[99.464111,14.718997],[99.466269,14.717029],[99.474578,14.716219],[99.476736,14.72027],[99.483534,14.714946],[99.485261,14.708696],[99.491843,14.704645],[99.502095,14.708002],[99.517202,14.703488],[99.522597,14.704529],[99.527885,14.707886],[99.531554,14.707423],[99.536734,14.714483],[99.542777,14.715293],[99.544935,14.708812],[99.555618,14.707539],[99.560905,14.710201],[99.567056,14.709506],[99.569862,14.714715],[99.568783,14.723164],[99.571373,14.725941],[99.57256,14.737978],[99.576768,14.750363],[99.576444,14.766682],[99.578063,14.769923],[99.573854,14.774205],[99.571265,14.77976],[99.5772,14.788788],[99.582379,14.788094],[99.585509,14.784274],[99.589393,14.784737],[99.594034,14.789251],[99.602558,14.785432],[99.611623,14.785663],[99.623493,14.791913],[99.626406,14.798395],[99.634392,14.801057],[99.64173,14.798047],[99.643348,14.801983],[99.650686,14.80152],[99.658887,14.802677],[99.662664,14.795733],[99.664714,14.788094],[99.674858,14.78601],[99.682303,14.77895],[99.689533,14.773858],[99.69331,14.768418],[99.703562,14.760432],[99.710576,14.757654],[99.717698,14.750941],[99.727841,14.751288],[99.733021,14.748626],[99.742193,14.746659],[99.74597,14.749321],[99.762804,14.745501],[99.776401,14.739136],[99.78935,14.736011],[99.788055,14.723742],[99.78417,14.721543],[99.789242,14.706266],[99.793774,14.698742],[99.792155,14.689252],[99.793774,14.683581],[99.802623,14.675826],[99.805428,14.668419],[99.813737,14.658349],[99.808126,14.647238],[99.811795,14.646312],[99.821399,14.640294],[99.818485,14.635433],[99.818054,14.628604],[99.809313,14.625711],[99.804565,14.627215],[99.800249,14.623511],[99.79809,14.616914],[99.797551,14.602215],[99.80068,14.601405],[99.803486,14.59585],[99.802838,14.588674],[99.798522,14.574669],[99.799925,14.571428],[99.798306,14.564137],[99.79345,14.562285],[99.795069,14.55754],[99.793127,14.552563],[99.794853,14.546313],[99.809637,14.539716],[99.806723,14.537517],[99.80532,14.52467],[99.810932,14.517146],[99.818162,14.51217],[99.819672,14.505109],[99.829276,14.50048],[99.830787,14.486244],[99.826363,14.487633],[99.822586,14.485549],[99.825176,14.477795],[99.821723,14.460087],[99.81719,14.449323],[99.818162,14.446314],[99.814816,14.437517],[99.821075,14.424091],[99.820751,14.41923],[99.824528,14.412402],[99.821291,14.406962],[99.823557,14.404647],[99.826147,14.393652],[99.826363,14.386476],[99.818162,14.385897],[99.817838,14.378027],[99.82442,14.372587],[99.825715,14.366453],[99.82183,14.361013],[99.821938,14.350018],[99.816003,14.352333],[99.812119,14.350597],[99.808881,14.341106],[99.807586,14.332773],[99.804349,14.3315],[99.806723,14.325944],[99.793666,14.325828],[99.807586,14.315527],[99.811471,14.314601],[99.81309,14.30974],[99.82032,14.299787],[99.823449,14.293074],[99.82496,14.284046],[99.829492,14.28069],[99.828413,14.275481],[99.833593,14.272125],[99.82442,14.264486],[99.821615,14.257079],[99.823017,14.253144],[99.816435,14.246662],[99.815248,14.235551],[99.810392,14.229185],[99.806184,14.229764],[99.799601,14.224093],[99.795608,14.217959],[99.80068,14.205574],[99.797551,14.195737],[99.798846,14.191107],[99.802623,14.190528],[99.798954,14.176755],[99.794098,14.176987],[99.795069,14.1712],[99.781904,14.142265],[99.782228,14.133468],[99.785357,14.125367],[99.781256,14.121894],[99.775645,14.123052],[99.773379,14.119232],[99.767876,14.116455],[99.769279,14.112288],[99.769386,14.100251],[99.772732,14.098631],[99.772192,14.093885],[99.777803,14.092728],[99.782551,14.094233],[99.791076,14.10083],[99.79345,14.092959],[99.799169,14.084395],[99.808665,14.082659],[99.811795,14.077682],[99.808665,14.072358],[99.808773,14.067497],[99.814061,14.064256],[99.817838,14.070969],[99.826686,14.076061],[99.83478,14.079071],[99.843844,14.075946],[99.854203,14.078608],[99.868339,14.073515],[99.88485,14.090529],[99.892295,14.090066],[99.92715,14.127681],[99.931466,14.123399],[99.939775,14.126755],[99.93956,14.131269],[99.945279,14.134973],[99.95553,14.13208],[99.964055,14.130806],[99.966429,14.139834],[99.972688,14.141454],[99.97722,14.139371],[99.987579,14.140297],[99.992112,14.139371],[99.997615,14.142496],[100.003982,14.141223],[100.019521,14.14701],[100.027614,14.147936],[100.031499,14.151177],[100.03916,14.153607],[100.04898,14.151871],[100.051246,14.146316],[100.067648,14.14539],[100.070454,14.147704],[100.086101,14.146431],[100.092144,14.147473],[100.105956,14.147936],[100.123869,14.14539],[100.131207,14.145853],[100.13466,14.142612],[100.140379,14.145505],[100.154947,14.145042],[100.16099,14.146778],[100.159803,14.150714],[100.168004,14.151755],[100.172644,14.15488],[100.174802,14.160089],[100.188399,14.163098],[100.188075,14.164718],[100.201888,14.169926],[100.201348,14.175713],[100.211599,14.177102],[100.212894,14.179186],[100.217319,14.187982],[100.228433,14.195274],[100.233829,14.194695],[100.236634,14.200019],[100.23534,14.210898],[100.231455,14.213098],[100.231779,14.227681],[100.234692,14.231963],[100.233613,14.24157],[100.243433,14.240991],[100.248289,14.252102],[100.250879,14.262981],[100.248181,14.274787],[100.250986,14.287171],[100.250986,14.291916],[100.255734,14.299092],[100.268576,14.31275],[100.269979,14.317842],[100.278503,14.321083],[100.282496,14.329532],[100.276345,14.330689],[100.278719,14.340064],[100.278503,14.345851],[100.274619,14.34805],[100.272892,14.358698],[100.267497,14.362055],[100.267173,14.374092],[100.272137,14.374208],[100.27559,14.382425],[100.275914,14.387633],[100.279475,14.400133],[100.273432,14.406152],[100.272676,14.41217],[100.261562,14.422124],[100.263504,14.427795],[100.258864,14.4293],[100.248612,14.43555],[100.252066,14.440064],[100.244404,14.458582],[100.246023,14.468651],[100.248828,14.468536],[100.253037,14.47629],[100.253145,14.482887],[100.249584,14.485086],[100.238577,14.479994],[100.231347,14.485318],[100.230484,14.488096],[100.233937,14.495735],[100.231779,14.502679],[100.22498,14.508582],[100.212031,14.516221],[100.206744,14.523281],[100.204801,14.530572],[100.208254,14.53879],[100.206528,14.543998],[100.201564,14.548628],[100.197032,14.555688],[100.196061,14.561359],[100.198219,14.567378],[100.209657,14.573396],[100.210089,14.579299],[100.206851,14.582887],[100.216348,14.59203],[100.218182,14.597817],[100.199837,14.602794],[100.197571,14.606382],[100.191744,14.609044],[100.191636,14.61703],[100.194442,14.620618],[100.201348,14.619808],[100.201888,14.623974],[100.207283,14.622817],[100.210952,14.629183],[100.208362,14.632423],[100.209333,14.637979],[100.213542,14.637285],[100.214621,14.642261],[100.229512,14.642724],[100.23426,14.646659],[100.243001,14.649437],[100.242677,14.653025],[100.233289,14.655687],[100.231994,14.660085],[100.226383,14.661474],[100.222283,14.665409],[100.221096,14.670965],[100.224657,14.677215],[100.222822,14.68196],[100.223577,14.688905],[100.215916,14.694807],[100.214297,14.708233],[100.209333,14.71321],[100.212247,14.718303],[100.211276,14.722932],[100.218722,14.725478],[100.218614,14.731613],[100.212571,14.729414],[100.212139,14.738557],[100.206528,14.737747],[100.20437,14.758812],[100.207283,14.758812],[100.205449,14.770733],[100.211492,14.773742],[100.216024,14.778719],[100.222498,14.779298],[100.224009,14.783001],[100.229728,14.783927],[100.226383,14.795038],[100.223685,14.797932],[100.219153,14.79689],[100.215808,14.800131],[100.214837,14.806496],[100.206312,14.808001],[100.204262,14.809737],[100.209225,14.822121],[100.209981,14.834505],[100.217966,14.842376],[100.216455,14.848973],[100.218398,14.852908],[100.21775,14.858695],[100.221096,14.862862],[100.217103,14.874204],[100.223362,14.879644],[100.224333,14.884158],[100.218722,14.88601],[100.213973,14.883811],[100.207607,14.887514],[100.206312,14.895269],[100.208038,14.897352],[100.216024,14.89851],[100.224225,14.903487],[100.222283,14.907537],[100.215808,14.910315],[100.212463,14.908695],[100.19455,14.903949],[100.186996,14.907653],[100.186241,14.919343],[100.182464,14.925014],[100.181924,14.933579],[100.189262,14.937746],[100.193579,14.937514],[100.198219,14.939945],[100.202751,14.953486],[100.199945,14.960199],[100.187751,14.958],[100.181816,14.954065],[100.172968,14.940755],[100.167141,14.939134],[100.167572,14.935662],[100.157753,14.928949],[100.15171,14.930338],[100.149444,14.92594],[100.14243,14.923741],[100.134013,14.924667],[100.126351,14.922931],[100.126567,14.929991],[100.133149,14.935662],[100.138221,14.937167],[100.130128,14.946542],[100.12484,14.944806],[100.119769,14.946542],[100.108762,14.946773],[100.105956,14.945732],[100.098834,14.953139],[100.090417,14.955454],[100.084158,14.95256],[100.076389,14.95094],[100.069267,14.957421],[100.062576,14.956148],[100.057505,14.961357],[100.053296,14.962398],[100.048764,14.958926],[100.040023,14.961125],[100.036354,14.953139],[100.038836,14.947352],[100.045419,14.941333],[100.043045,14.931611],[100.04175,14.914945],[100.036462,14.914482],[100.027614,14.911588],[100.012075,14.91425],[100.011427,14.910315],[100.005708,14.908],[100.000313,14.909736],[99.988874,14.907885],[99.970422,14.912861],[99.96276,14.911588],[99.959523,14.906727],[99.954775,14.906611],[99.949595,14.910662],[99.931898,14.906959],[99.920352,14.912861],[99.914309,14.912977],[99.910748,14.915292],[99.900604,14.917838],[99.895317,14.922005],[99.89154,14.922236],[99.888303,14.926287],[99.881828,14.923741],[99.873843,14.923278],[99.859275,14.929991],[99.849239,14.930338],[99.842765,14.933579],[99.84352,14.937398],[99.832082,14.934852],[99.821291,14.93763],[99.820104,14.942607],[99.807047,14.940176],[99.794206,14.94307],[99.781149,14.950245],[99.773919,14.951403],[99.765502,14.95557],[99.762049,14.955685],[99.749531,14.960431],[99.745754,14.958347],[99.742517,14.962398],[99.7341,14.963556],[99.723741,14.962051]]]}},{"type":"Feature","id":"TH73","bbox":[99.814061,13.649212,100.337422,14.179186],"properties":{"ADM1_PCODE":"TH73","ADM1_TH":"นครปฐม","ADM1_EN":"Nakhon Pathom"},"geometry":{"type":"Polygon","coordinates":[[[100.281849,14.126871],[100.281525,14.14076],[100.284115,14.169579],[100.268899,14.171663],[100.245159,14.17363],[100.212894,14.179186],[100.211599,14.177102],[100.201348,14.175713],[100.201888,14.169926],[100.188075,14.164718],[100.188399,14.163098],[100.174802,14.160089],[100.172644,14.15488],[100.168004,14.151755],[100.159803,14.150714],[100.16099,14.146778],[100.154947,14.145042],[100.140379,14.145505],[100.13466,14.142612],[100.131207,14.145853],[100.123869,14.14539],[100.105956,14.147936],[100.092144,14.147473],[100.086101,14.146431],[100.070454,14.147704],[100.067648,14.14539],[100.051246,14.146316],[100.04898,14.151871],[100.03916,14.153607],[100.031499,14.151177],[100.027614,14.147936],[100.019521,14.14701],[100.003982,14.141223],[99.997615,14.142496],[99.992112,14.139371],[99.987579,14.140297],[99.97722,14.139371],[99.972688,14.141454],[99.966429,14.139834],[99.964055,14.130806],[99.95553,14.13208],[99.945279,14.134973],[99.93956,14.131269],[99.939775,14.126755],[99.931466,14.123399],[99.92715,14.127681],[99.892295,14.090066],[99.88485,14.090529],[99.868339,14.073515],[99.854203,14.078608],[99.843844,14.075946],[99.83478,14.079071],[99.826686,14.076061],[99.817838,14.070969],[99.814061,14.064256],[99.821938,14.061247],[99.833593,14.060668],[99.840067,14.055575],[99.847621,14.052682],[99.849239,14.044001],[99.84201,14.033353],[99.83683,14.030923],[99.838448,14.026177],[99.835319,14.019927],[99.834132,14.007196],[99.829168,13.9984],[99.839528,13.983354],[99.843304,13.983469],[99.845786,13.975946],[99.85388,13.964604],[99.864239,13.96634],[99.868555,13.963215],[99.875893,13.961247],[99.877728,13.955692],[99.88226,13.949789],[99.885389,13.950368],[99.901576,13.940183],[99.909669,13.939488],[99.927042,13.934048],[99.924992,13.928724],[99.924452,13.920275],[99.916683,13.913562],[99.928121,13.91009],[99.92305,13.897475],[99.916143,13.898285],[99.907726,13.889489],[99.90546,13.88266],[99.91269,13.871433],[99.90082,13.841688],[99.907618,13.845044],[99.913877,13.843308],[99.920676,13.845739],[99.926503,13.84273],[99.933193,13.843077],[99.937078,13.841109],[99.938912,13.831271],[99.946898,13.83023],[99.954127,13.832544],[99.957473,13.836017],[99.962544,13.832197],[99.963516,13.812406],[99.966321,13.812869],[99.970638,13.808471],[99.969666,13.798401],[99.966753,13.796897],[99.954883,13.795276],[99.954991,13.783934],[99.952185,13.778262],[99.952401,13.774211],[99.945818,13.770392],[99.938912,13.769582],[99.940747,13.75523],[99.942905,13.751179],[99.94215,13.745161],[99.947977,13.739258],[99.949056,13.733702],[99.953804,13.731503],[99.954667,13.725138],[99.96017,13.721781],[99.976033,13.729767],[99.975817,13.731156],[99.990169,13.735091],[99.98963,13.737522],[99.996752,13.742614],[100.001068,13.738679],[100.010672,13.744814],[100.019521,13.746781],[100.022434,13.750485],[100.028801,13.75442],[100.030527,13.744351],[100.028801,13.7403],[100.024377,13.739142],[100.022974,13.729883],[100.024592,13.704305],[100.025779,13.697707],[100.033549,13.694582],[100.034736,13.691573],[100.041426,13.692268],[100.043261,13.69655],[100.048764,13.697244],[100.056426,13.694235],[100.060958,13.695161],[100.068404,13.692615],[100.067432,13.678957],[100.063548,13.673402],[100.063008,13.664953],[100.060202,13.660323],[100.067217,13.660671],[100.076928,13.657546],[100.08405,13.657198],[100.086532,13.650717],[100.093223,13.653147],[100.099697,13.652106],[100.105524,13.649212],[100.121711,13.653842],[100.117502,13.666342],[100.123437,13.667036],[100.12333,13.67317],[100.120956,13.679189],[100.132178,13.681735],[100.156134,13.684282],[100.156566,13.680578],[100.16358,13.676758],[100.175126,13.682314],[100.176961,13.688101],[100.182032,13.689027],[100.189154,13.673981],[100.20329,13.678379],[100.208254,13.682314],[100.224117,13.681388],[100.227138,13.672708],[100.240843,13.679768],[100.243649,13.674675],[100.255519,13.680694],[100.25854,13.679652],[100.262101,13.685439],[100.270734,13.683356],[100.277101,13.688448],[100.278288,13.692962],[100.283683,13.69736],[100.285086,13.714837],[100.29005,13.717846],[100.296956,13.717846],[100.298035,13.714142],[100.30397,13.715184],[100.305912,13.719582],[100.315516,13.723054],[100.324149,13.717267],[100.3303,13.719698],[100.335803,13.722939],[100.334724,13.728378],[100.337422,13.733934],[100.335156,13.746087],[100.335372,13.753263],[100.329976,13.766457],[100.330947,13.777568],[100.333645,13.783934],[100.330732,13.79817],[100.327926,13.804188],[100.276129,13.912984],[100.265446,13.920623],[100.27246,13.931965],[100.287028,13.947243],[100.298143,13.963446],[100.286381,13.971201],[100.274079,13.982775],[100.268036,13.993539],[100.262425,13.998053],[100.265554,14.001178],[100.263288,14.004303],[100.264151,14.010205],[100.269007,14.01877],[100.269655,14.0234],[100.276885,14.023863],[100.268684,14.037404],[100.264151,14.060089],[100.272353,14.068191],[100.272029,14.072126],[100.276021,14.079649],[100.277208,14.101177],[100.283683,14.100714],[100.281849,14.126871]]]}},{"type":"Feature","id":"TH74","bbox":[100.026751,13.425371,100.420081,13.723054],"properties":{"ADM1_PCODE":"TH74","ADM1_TH":"สมุทรสาคร","ADM1_EN":"Samut Sakhon"},"geometry":{"type":"Polygon","coordinates":[[[100.3303,13.719698],[100.324149,13.717267],[100.315516,13.723054],[100.305912,13.719582],[100.30397,13.715184],[100.298035,13.714142],[100.296956,13.717846],[100.29005,13.717846],[100.285086,13.714837],[100.283683,13.69736],[100.278288,13.692962],[100.277101,13.688448],[100.270734,13.683356],[100.262101,13.685439],[100.25854,13.679652],[100.255519,13.680694],[100.243649,13.674675],[100.240843,13.679768],[100.227138,13.672708],[100.224117,13.681388],[100.208254,13.682314],[100.20329,13.678379],[100.189154,13.673981],[100.182032,13.689027],[100.176961,13.688101],[100.175126,13.682314],[100.16358,13.676758],[100.156566,13.680578],[100.156134,13.684282],[100.132178,13.681735],[100.120956,13.679189],[100.12333,13.67317],[100.123437,13.667036],[100.117502,13.666342],[100.121711,13.653842],[100.105524,13.649212],[100.099697,13.652106],[100.093223,13.653147],[100.086532,13.650717],[100.08405,13.657198],[100.076928,13.657546],[100.067217,13.660671],[100.060202,13.660323],[100.06085,13.656735],[100.056857,13.647245],[100.058584,13.635092],[100.053944,13.625949],[100.053944,13.619004],[100.048764,13.618657],[100.04639,13.615763],[100.037865,13.612407],[100.033225,13.608703],[100.038405,13.604305],[100.043153,13.594814],[100.038728,13.593194],[100.040347,13.583125],[100.037218,13.582546],[100.046066,13.559282],[100.0438,13.554306],[100.044124,13.544468],[100.041966,13.536482],[100.031283,13.531389],[100.028909,13.528843],[100.032038,13.524676],[100.031175,13.520857],[100.026751,13.517384],[100.029556,13.507778],[100.036247,13.504653],[100.042505,13.503727],[100.043045,13.49875],[100.046606,13.496898],[100.048872,13.492037],[100.073367,13.456389],[100.078547,13.437061],[100.077684,13.428959],[100.078763,13.425371],[100.093007,13.429538],[100.115128,13.437061],[100.150415,13.448403],[100.185485,13.457431],[100.187751,13.45963],[100.226707,13.468658],[100.229512,13.472593],[100.246023,13.474445],[100.260159,13.480463],[100.266094,13.485324],[100.270194,13.490649],[100.273324,13.502801],[100.27505,13.505116],[100.281849,13.506621],[100.284762,13.504422],[100.303107,13.494931],[100.312711,13.491111],[100.3303,13.486829],[100.344976,13.486366],[100.364183,13.487871],[100.366989,13.489723],[100.390729,13.492963],[100.395909,13.490996],[100.400225,13.492848],[100.40875,13.493426],[100.406808,13.502223],[100.406268,13.535787],[100.414146,13.536019],[100.420081,13.545278],[100.4108,13.555116],[100.399254,13.552685],[100.395801,13.553495],[100.391377,13.563217],[100.390729,13.567616],[100.385226,13.578842],[100.385981,13.585092],[100.384363,13.58949],[100.379938,13.592268],[100.377133,13.606388],[100.376485,13.619699],[100.364939,13.633935],[100.359112,13.632777],[100.354256,13.640879],[100.348537,13.640995],[100.345515,13.644698],[100.346918,13.655347],[100.339364,13.654999],[100.341199,13.661365],[100.337638,13.677221],[100.333537,13.681272],[100.331271,13.697244],[100.334185,13.713101],[100.338825,13.712754],[100.333106,13.720855],[100.3303,13.719698]]]}},{"type":"Feature","id":"TH75","bbox":[99.852153,13.244238,100.078763,13.516227],"properties":{"ADM1_PCODE":"TH75","ADM1_TH":"สมุทรสงคราม","ADM1_EN":"Samut Songkhram"},"geometry":{"type":"Polygon","coordinates":[[[100.029556,13.507778],[100.026211,13.504653],[100.019089,13.50963],[100.011643,13.512408],[100.008514,13.516227],[99.994809,13.493889],[99.989198,13.501065],[99.973983,13.490996],[99.963731,13.489723],[99.96071,13.497477],[99.956394,13.496783],[99.95143,13.498982],[99.947005,13.497824],[99.940207,13.499213],[99.934056,13.497709],[99.932114,13.504537],[99.925963,13.513912],[99.920568,13.513565],[99.913446,13.51044],[99.919057,13.500718],[99.912151,13.496088],[99.903518,13.492269],[99.895964,13.483241],[99.895856,13.475371],[99.889166,13.470047],[99.891216,13.464491],[99.887547,13.456274],[99.890353,13.448519],[99.891864,13.435788],[99.890461,13.429769],[99.884957,13.419353],[99.878267,13.403844],[99.874706,13.393543],[99.869634,13.382779],[99.865858,13.365649],[99.858951,13.340649],[99.860138,13.339145],[99.85593,13.329191],[99.852153,13.308011],[99.860246,13.244585],[99.866397,13.24609],[99.873627,13.25072],[99.878375,13.249794],[99.888842,13.244238],[99.890461,13.249099],[99.88485,13.252687],[99.881504,13.258474],[99.888626,13.263451],[99.897691,13.267039],[99.908158,13.264261],[99.910748,13.267849],[99.907834,13.272594],[99.909129,13.280349],[99.918625,13.285094],[99.922942,13.280233],[99.929416,13.282085],[99.934164,13.285557],[99.935459,13.292617],[99.946034,13.296437],[99.952509,13.296668],[99.954127,13.304654],[99.9674,13.31183],[99.979918,13.317733],[99.984126,13.321668],[99.995673,13.329307],[99.999126,13.333242],[99.998586,13.338913],[99.996104,13.341923],[100.001823,13.355001],[99.996428,13.36264],[99.999989,13.368196],[100.013801,13.364955],[100.022218,13.361598],[100.034736,13.372825],[100.038513,13.381853],[100.040347,13.393658],[100.047577,13.406621],[100.047685,13.408705],[100.060958,13.418311],[100.078763,13.425371],[100.077684,13.428959],[100.078547,13.437061],[100.073367,13.456389],[100.048872,13.492037],[100.046606,13.496898],[100.043045,13.49875],[100.042505,13.503727],[100.036247,13.504653],[100.029556,13.507778]]]}},{"type":"Feature","id":"TH76","bbox":[99.099484,12.563224,100.101963,13.343427],"properties":{"ADM1_PCODE":"TH76","ADM1_TH":"เพชรบุรี","ADM1_EN":"Phetchaburi"},"geometry":{"type":"Polygon","coordinates":[[[99.85593,13.329191],[99.836182,13.333821],[99.828952,13.339724],[99.823233,13.339955],[99.815356,13.337177],[99.809205,13.339724],[99.803702,13.335904],[99.804997,13.329886],[99.794529,13.333011],[99.78212,13.332895],[99.771545,13.340997],[99.765933,13.339376],[99.757193,13.343427],[99.750394,13.33764],[99.744999,13.337177],[99.729568,13.328497],[99.70572,13.320974],[99.699353,13.316923],[99.698274,13.312525],[99.693094,13.304423],[99.685325,13.296668],[99.681548,13.290418],[99.671728,13.288682],[99.66547,13.28602],[99.659966,13.272131],[99.667952,13.269354],[99.668599,13.259863],[99.665685,13.249678],[99.66547,13.242733],[99.667628,13.238683],[99.663527,13.229192],[99.665038,13.22271],[99.662556,13.21947],[99.664283,13.214493],[99.650902,13.213567],[99.638384,13.210211],[99.636334,13.201646],[99.626838,13.205697],[99.613241,13.203382],[99.602558,13.205697],[99.597379,13.203382],[99.594789,13.198752],[99.584861,13.19991],[99.57925,13.197826],[99.564466,13.205002],[99.557128,13.203961],[99.553352,13.207317],[99.549683,13.20697],[99.544287,13.202572],[99.53846,13.20697],[99.529288,13.207086],[99.521734,13.209748],[99.514828,13.201993],[99.515044,13.19447],[99.509972,13.190766],[99.50749,13.181044],[99.501339,13.18035],[99.500584,13.183938],[99.494001,13.18741],[99.490333,13.191924],[99.486448,13.191345],[99.481376,13.198984],[99.478355,13.200488],[99.46929,13.192734],[99.464218,13.184169],[99.456125,13.186252],[99.442529,13.183475],[99.439183,13.184979],[99.433356,13.191576],[99.432385,13.195164],[99.428069,13.198405],[99.416415,13.197942],[99.41253,13.201299],[99.406703,13.21322],[99.401523,13.213451],[99.397315,13.217734],[99.394293,13.21322],[99.38307,13.215998],[99.371524,13.220743],[99.37174,13.22815],[99.368287,13.233706],[99.35782,13.233474],[99.351237,13.243775],[99.338504,13.232896],[99.33872,13.22815],[99.336454,13.222016],[99.333432,13.22028],[99.323397,13.222826],[99.325123,13.21565],[99.322317,13.21484],[99.31908,13.208127],[99.31962,13.189725],[99.325123,13.186715],[99.32631,13.183012],[99.323289,13.176762],[99.31239,13.171322],[99.301167,13.16322],[99.29588,13.161253],[99.282283,13.152572],[99.271924,13.148753],[99.265233,13.15535],[99.263291,13.160905],[99.260269,13.162989],[99.247105,13.179424],[99.245918,13.185442],[99.239227,13.187641],[99.227789,13.202803],[99.221854,13.204539],[99.215919,13.201299],[99.209984,13.208127],[99.204157,13.203498],[99.203401,13.198868],[99.19725,13.193544],[99.195308,13.197132],[99.190668,13.19285],[99.181388,13.193312],[99.174913,13.20234],[99.166496,13.205465],[99.164338,13.207896],[99.156245,13.208359],[99.147072,13.205465],[99.142432,13.20616],[99.129699,13.20153],[99.123224,13.194354],[99.125167,13.18822],[99.123764,13.182664],[99.117182,13.176762],[99.122145,13.170049],[99.125922,13.169933],[99.134447,13.163452],[99.137253,13.150952],[99.130239,13.142503],[99.13121,13.137526],[99.135526,13.135327],[99.135526,13.127688],[99.13326,13.121785],[99.129375,13.118776],[99.12808,13.101415],[99.128728,13.095859],[99.121066,13.096438],[99.10747,13.083244],[99.102506,13.08336],[99.099592,13.077804],[99.099484,13.072711],[99.103369,13.068545],[99.104232,13.063221],[99.109952,13.063336],[99.114484,13.05836],[99.113728,13.054077],[99.119879,13.044008],[99.125706,13.038105],[99.134555,13.033244],[99.145778,13.03336],[99.147936,13.026763],[99.154734,13.026647],[99.157863,13.019703],[99.163043,13.020165],[99.171352,13.014031],[99.168762,13.00998],[99.176855,12.999564],[99.180956,12.992851],[99.194984,12.990305],[99.190344,12.983939],[99.187431,12.975027],[99.189697,12.967967],[99.193042,12.965768],[99.1952,12.956624],[99.190452,12.953152],[99.184733,12.944819],[99.172,12.94262],[99.17092,12.935907],[99.167899,12.930004],[99.162396,12.927921],[99.165525,12.924449],[99.175776,12.920282],[99.182575,12.91137],[99.18333,12.893083],[99.180848,12.889032],[99.182035,12.88475],[99.18851,12.880352],[99.187215,12.868662],[99.184949,12.861254],[99.187215,12.854657],[99.18592,12.850838],[99.188726,12.847134],[99.198006,12.843431],[99.198329,12.840306],[99.205236,12.837412],[99.211386,12.825838],[99.217753,12.8285],[99.221746,12.822366],[99.223257,12.813917],[99.22617,12.806857],[99.225738,12.798871],[99.229192,12.796556],[99.228005,12.790306],[99.234479,12.778153],[99.232429,12.76982],[99.234155,12.754889],[99.231889,12.747829],[99.228005,12.742621],[99.234047,12.737991],[99.236529,12.729658],[99.240306,12.723292],[99.247752,12.719242],[99.252932,12.723408],[99.260701,12.725607],[99.265233,12.72526],[99.270305,12.728501],[99.278506,12.716464],[99.289297,12.715191],[99.289405,12.699103],[99.29534,12.695746],[99.300412,12.689844],[99.298901,12.684288],[99.293937,12.678038],[99.302678,12.674103],[99.308073,12.6682],[99.313685,12.667043],[99.317569,12.669358],[99.333972,12.664612],[99.338504,12.658941],[99.344655,12.648293],[99.343899,12.642043],[99.34746,12.639381],[99.35469,12.63996],[99.35728,12.635561],[99.364402,12.635446],[99.366884,12.633478],[99.365265,12.626302],[99.370121,12.622251],[99.377891,12.621557],[99.379617,12.615886],[99.386847,12.616927],[99.397207,12.612298],[99.399581,12.613918],[99.406811,12.612992],[99.412314,12.615423],[99.421055,12.607089],[99.425911,12.594705],[99.434004,12.589381],[99.438644,12.583016],[99.455154,12.579196],[99.461736,12.582437],[99.463571,12.585678],[99.468643,12.586256],[99.47911,12.590076],[99.483858,12.588687],[99.497455,12.591349],[99.497023,12.578154],[99.498642,12.573641],[99.505656,12.56878],[99.509972,12.568317],[99.51472,12.563687],[99.524,12.563224],[99.530691,12.566118],[99.536302,12.572483],[99.540079,12.573988],[99.54105,12.57827],[99.548496,12.579891],[99.560366,12.577229],[99.567919,12.57827],[99.572775,12.576881],[99.577631,12.577923],[99.580761,12.574335],[99.587559,12.570747],[99.597595,12.573062],[99.60968,12.579659],[99.615723,12.580701],[99.617774,12.584983],[99.628241,12.599682],[99.623277,12.605932],[99.618853,12.607205],[99.61432,12.613571],[99.613781,12.618895],[99.6195,12.622714],[99.619284,12.637298],[99.616155,12.640654],[99.622522,12.644705],[99.637521,12.641117],[99.64173,12.642506],[99.648636,12.641811],[99.654571,12.639612],[99.659319,12.633594],[99.664067,12.637645],[99.674858,12.634983],[99.684138,12.635446],[99.686728,12.631511],[99.688994,12.621788],[99.692663,12.614034],[99.703885,12.607552],[99.711115,12.605816],[99.718777,12.601187],[99.721475,12.607668],[99.725251,12.611719],[99.729568,12.612529],[99.738093,12.609636],[99.740035,12.615538],[99.756006,12.618085],[99.75784,12.615423],[99.766041,12.615076],[99.77284,12.612645],[99.787299,12.617969],[99.792911,12.615423],[99.800788,12.62283],[99.812982,12.624913],[99.817838,12.630353],[99.827765,12.633478],[99.830787,12.630353],[99.837801,12.62989],[99.840175,12.626302],[99.846218,12.630122],[99.855498,12.625145],[99.864131,12.623293],[99.871577,12.626534],[99.876109,12.626302],[99.883663,12.620052],[99.890461,12.624219],[99.893482,12.62908],[99.897043,12.628386],[99.904813,12.636024],[99.907618,12.632321],[99.91269,12.630122],[99.91582,12.625376],[99.924021,12.62364],[99.926934,12.630122],[99.934164,12.631163],[99.943444,12.630353],[99.946142,12.633941],[99.952401,12.634983],[99.95607,12.632552],[99.957796,12.654427],[99.96017,12.671094],[99.964379,12.693779],[99.96481,12.707668],[99.964163,12.716117],[99.964595,12.728153],[99.966429,12.738917],[99.970853,12.756047],[99.978947,12.780815],[99.986608,12.800954],[99.991033,12.810329],[99.996104,12.81519],[99.994054,12.823176],[100.000205,12.838106],[100.005708,12.847597],[100.014341,12.859403],[100.013262,12.860907],[100.019197,12.87549],[100.025132,12.892736],[100.026751,12.901995],[100.025995,12.905699],[100.028693,12.93174],[100.035167,12.949911],[100.040455,12.959981],[100.040887,12.965305],[100.045851,12.976184],[100.067648,13.008129],[100.079842,13.02086],[100.091712,13.036716],[100.093007,13.041462],[100.101963,13.055929],[100.094949,13.056624],[100.083079,13.061832],[100.075094,13.069702],[100.068404,13.077804],[100.064087,13.089841],[100.064411,13.098869],[100.062361,13.10917],[100.063332,13.121438],[100.063116,13.132433],[100.068835,13.151993],[100.066245,13.15778],[100.057397,13.165188],[100.046606,13.172016],[100.026211,13.182896],[100.018657,13.185674],[100.005277,13.19991],[99.999881,13.211021],[99.998047,13.21866],[99.993514,13.225951],[99.985961,13.234632],[99.974522,13.24528],[99.969666,13.242965],[99.958336,13.25477],[99.952401,13.262294],[99.941286,13.266344],[99.946898,13.273636],[99.950566,13.283242],[99.952509,13.296668],[99.946034,13.296437],[99.935459,13.292617],[99.934164,13.285557],[99.929416,13.282085],[99.922942,13.280233],[99.918625,13.285094],[99.909129,13.280349],[99.907834,13.272594],[99.910748,13.267849],[99.908158,13.264261],[99.897691,13.267039],[99.888626,13.263451],[99.881504,13.258474],[99.88485,13.252687],[99.890461,13.249099],[99.888842,13.244238],[99.878375,13.249794],[99.873627,13.25072],[99.866397,13.24609],[99.860246,13.244585],[99.852153,13.308011],[99.85593,13.329191]]]}},{"type":"Feature","id":"TH77","bbox":[99.147288,10.954785,100.019952,12.644705],"properties":{"ADM1_PCODE":"TH77","ADM1_TH":"ประจวบคีรีขันธ์","ADM1_EN":"Prachuap Khiri Khan"},"geometry":{"type":"MultiPolygon","coordinates":[[[[99.563279,11.085109],[99.548712,11.068789],[99.55961,11.069715],[99.563711,11.075849],[99.563279,11.085109]]],[[[99.95607,12.632552],[99.952401,12.634983],[99.946142,12.633941],[99.943444,12.630353],[99.934164,12.631163],[99.926934,12.630122],[99.924021,12.62364],[99.91582,12.625376],[99.91269,12.630122],[99.907618,12.632321],[99.904813,12.636024],[99.897043,12.628386],[99.893482,12.62908],[99.890461,12.624219],[99.883663,12.620052],[99.876109,12.626302],[99.871577,12.626534],[99.864131,12.623293],[99.855498,12.625145],[99.846218,12.630122],[99.840175,12.626302],[99.837801,12.62989],[99.830787,12.630353],[99.827765,12.633478],[99.817838,12.630353],[99.812982,12.624913],[99.800788,12.62283],[99.792911,12.615423],[99.787299,12.617969],[99.77284,12.612645],[99.766041,12.615076],[99.75784,12.615423],[99.756006,12.618085],[99.740035,12.615538],[99.738093,12.609636],[99.729568,12.612529],[99.725251,12.611719],[99.721475,12.607668],[99.718777,12.601187],[99.711115,12.605816],[99.703885,12.607552],[99.692663,12.614034],[99.688994,12.621788],[99.686728,12.631511],[99.684138,12.635446],[99.674858,12.634983],[99.664067,12.637645],[99.659319,12.633594],[99.654571,12.639612],[99.648636,12.641811],[99.64173,12.642506],[99.637521,12.641117],[99.622522,12.644705],[99.616155,12.640654],[99.619284,12.637298],[99.6195,12.622714],[99.613781,12.618895],[99.61432,12.613571],[99.618853,12.607205],[99.623277,12.605932],[99.628241,12.599682],[99.617774,12.584983],[99.615723,12.580701],[99.60968,12.579659],[99.597595,12.573062],[99.587559,12.570747],[99.580761,12.574335],[99.577631,12.577923],[99.572775,12.576881],[99.567919,12.57827],[99.560366,12.577229],[99.548496,12.579891],[99.54105,12.57827],[99.540079,12.573988],[99.536302,12.572483],[99.530691,12.566118],[99.524,12.563224],[99.51472,12.563687],[99.509972,12.568317],[99.505656,12.56878],[99.498642,12.573641],[99.497023,12.578154],[99.497455,12.591349],[99.483858,12.588687],[99.47911,12.590076],[99.468643,12.586256],[99.463571,12.585678],[99.461736,12.582437],[99.455154,12.579196],[99.438644,12.583016],[99.431953,12.5829],[99.428069,12.578849],[99.430551,12.5704],[99.435083,12.564497],[99.430551,12.555585],[99.423429,12.556511],[99.421594,12.551534],[99.423537,12.53834],[99.420515,12.52746],[99.417817,12.525609],[99.420083,12.516465],[99.420083,12.505585],[99.425695,12.496789],[99.425155,12.491234],[99.41663,12.48915],[99.406163,12.480817],[99.406487,12.47341],[99.403465,12.469822],[99.40271,12.459405],[99.408105,12.456396],[99.413177,12.450493],[99.425047,12.44841],[99.42386,12.437878],[99.424292,12.431049],[99.426774,12.424568],[99.437565,12.412415],[99.442744,12.41091],[99.445658,12.407554],[99.441989,12.401998],[99.443392,12.392623],[99.442529,12.383364],[99.437349,12.375378],[99.437133,12.369591],[99.432601,12.363804],[99.443824,12.355355],[99.44296,12.35061],[99.437565,12.349568],[99.433788,12.342971],[99.445442,12.332207],[99.44296,12.324684],[99.444579,12.317392],[99.448032,12.312415],[99.452456,12.3123],[99.452888,12.307786],[99.457852,12.299568],[99.462384,12.296791],[99.461521,12.286258],[99.466053,12.282439],[99.474901,12.282786],[99.48116,12.279545],[99.484182,12.273527],[99.480621,12.266698],[99.482023,12.259985],[99.481484,12.251768],[99.478247,12.248296],[99.47652,12.242509],[99.472204,12.240425],[99.471125,12.234638],[99.478139,12.229546],[99.47857,12.226305],[99.487203,12.218203],[99.486448,12.212532],[99.490333,12.210217],[99.49044,12.204546],[99.492707,12.199569],[99.496375,12.197023],[99.495081,12.189731],[99.488498,12.182208],[99.489685,12.171791],[99.486664,12.165889],[99.478031,12.163805],[99.472851,12.157671],[99.474686,12.154662],[99.47242,12.135796],[99.473607,12.131051],[99.479218,12.133829],[99.485261,12.129315],[99.492059,12.128273],[99.495836,12.130588],[99.5008,12.143667],[99.50803,12.142972],[99.516123,12.147602],[99.522921,12.147023],[99.526806,12.144824],[99.533173,12.147254],[99.539539,12.143898],[99.550006,12.150264],[99.563603,12.145055],[99.571049,12.143782],[99.569214,12.136491],[99.560474,12.128736],[99.559826,12.118898],[99.555186,12.113458],[99.554431,12.103736],[99.555618,12.093898],[99.550006,12.0895],[99.549683,12.082093],[99.544935,12.076885],[99.539431,12.073991],[99.533712,12.066352],[99.531878,12.053274],[99.534683,12.048876],[99.535007,12.041468],[99.539647,12.039385],[99.540618,12.030126],[99.537921,12.026538],[99.535978,12.018436],[99.537705,12.013922],[99.564035,12.010566],[99.56684,12.007325],[99.573962,12.007788],[99.581516,11.999917],[99.588854,11.997255],[99.592091,11.992742],[99.590149,11.981052],[99.592847,11.978969],[99.59371,11.971098],[99.591228,11.963922],[99.593062,11.955936],[99.591444,11.951422],[99.586156,11.949339],[99.579574,11.944015],[99.585832,11.930474],[99.584969,11.920983],[99.586264,11.918437],[99.58443,11.912534],[99.579789,11.906168],[99.580869,11.897835],[99.58443,11.889502],[99.588206,11.886955],[99.588206,11.872141],[99.595544,11.872719],[99.596731,11.87677],[99.600616,11.878159],[99.603206,11.870983],[99.60968,11.868668],[99.613241,11.85883],[99.619716,11.85559],[99.625543,11.848877],[99.623817,11.844479],[99.624788,11.831516],[99.635039,11.831863],[99.635363,11.828854],[99.641406,11.826886],[99.652736,11.82978],[99.6577,11.829317],[99.66493,11.823183],[99.661045,11.820868],[99.660398,11.815081],[99.657161,11.81184],[99.650578,11.810798],[99.64119,11.778275],[99.644319,11.773067],[99.643672,11.768206],[99.639571,11.764618],[99.637089,11.756053],[99.640111,11.751077],[99.637197,11.74529],[99.638168,11.732211],[99.63655,11.727581],[99.630291,11.723878],[99.617989,11.72272],[99.620148,11.718438],[99.615831,11.711146],[99.610759,11.711262],[99.606011,11.707211],[99.601479,11.706401],[99.597918,11.700382],[99.597271,11.694364],[99.587559,11.68742],[99.588638,11.683021],[99.583135,11.678971],[99.585077,11.673068],[99.586264,11.659873],[99.580869,11.652813],[99.573207,11.648068],[99.569538,11.642628],[99.568783,11.634411],[99.565761,11.626772],[99.555618,11.624457],[99.550114,11.628508],[99.545043,11.627698],[99.541266,11.623531],[99.531014,11.621216],[99.523569,11.625036],[99.519144,11.631286],[99.517742,11.636262],[99.50749,11.636378],[99.494325,11.630475],[99.49152,11.625383],[99.483642,11.626888],[99.47447,11.621679],[99.466916,11.612883],[99.468103,11.608369],[99.461844,11.598878],[99.460981,11.593554],[99.462816,11.588578],[99.458391,11.584064],[99.46001,11.578624],[99.463571,11.575962],[99.467564,11.567397],[99.467456,11.563462],[99.463571,11.557906],[99.462708,11.549226],[99.468211,11.549342],[99.469074,11.54286],[99.473067,11.539272],[99.473391,11.531749],[99.466592,11.526425],[99.460226,11.516472],[99.449866,11.507444],[99.458283,11.494712],[99.448464,11.493439],[99.444687,11.49124],[99.441557,11.485338],[99.441342,11.479435],[99.433248,11.48175],[99.4285,11.479666],[99.424292,11.482097],[99.41976,11.480708],[99.419544,11.475731],[99.411235,11.473185],[99.412098,11.466819],[99.408429,11.464389],[99.404868,11.466125],[99.392243,11.45918],[99.391056,11.453856],[99.400228,11.443903],[99.394077,11.43881],[99.397854,11.434991],[99.402818,11.424111],[99.401307,11.410454],[99.404221,11.406056],[99.40012,11.404088],[99.397746,11.399574],[99.401415,11.394829],[99.401631,11.389158],[99.396343,11.383371],[99.384042,11.381287],[99.378538,11.375385],[99.365373,11.371912],[99.35987,11.363],[99.352424,11.354088],[99.346273,11.352005],[99.342712,11.344598],[99.341957,11.333139],[99.334619,11.334413],[99.330842,11.33719],[99.326958,11.336727],[99.32631,11.32932],[99.319404,11.324459],[99.317677,11.320292],[99.31185,11.317283],[99.31649,11.30814],[99.323828,11.29807],[99.324152,11.291126],[99.325986,11.286959],[99.323612,11.282214],[99.313793,11.272376],[99.311311,11.264506],[99.306778,11.256404],[99.298901,11.253626],[99.296095,11.248071],[99.291347,11.248071],[99.282607,11.243094],[99.281204,11.238464],[99.2716,11.226774],[99.26901,11.221103],[99.263615,11.214159],[99.265449,11.206983],[99.261133,11.19564],[99.257356,11.192863],[99.25919,11.188233],[99.254442,11.177932],[99.251853,11.17527],[99.25304,11.169252],[99.24786,11.163812],[99.24268,11.155131],[99.239443,11.154321],[99.230918,11.143442],[99.224767,11.142284],[99.223796,11.135456],[99.228652,11.131173],[99.229084,11.120409],[99.227573,11.112076],[99.222285,11.106868],[99.217429,11.105942],[99.21635,11.101312],[99.210199,11.098187],[99.203185,11.101312],[99.199624,11.090433],[99.192826,11.087539],[99.190128,11.084183],[99.179769,11.083141],[99.177611,11.077933],[99.179553,11.07203],[99.176748,11.059414],[99.172863,11.057215],[99.170165,11.052007],[99.172539,11.046683],[99.170381,11.043211],[99.158187,11.03372],[99.153763,11.03372],[99.151928,11.0321],[99.151065,11.019137],[99.147288,11.016475],[99.154087,11.012192],[99.158942,11.012424],[99.172,11.002818],[99.178474,11.000734],[99.186136,10.995873],[99.195308,10.998304],[99.200164,10.997031],[99.198545,10.991475],[99.203077,10.989044],[99.206638,10.98997],[99.215271,10.982679],[99.222825,10.983605],[99.229407,10.980827],[99.232105,10.97747],[99.240522,10.977933],[99.241062,10.971915],[99.246241,10.972494],[99.249802,10.968674],[99.254982,10.969253],[99.259298,10.967633],[99.266312,10.968558],[99.275808,10.963697],[99.281204,10.958489],[99.289297,10.968906],[99.299764,10.96879],[99.304081,10.965781],[99.311419,10.968558],[99.318864,10.968674],[99.32113,10.970642],[99.330519,10.967748],[99.336777,10.964392],[99.33872,10.970989],[99.344655,10.975619],[99.349511,10.972262],[99.370121,10.968674],[99.374222,10.97041],[99.382099,10.962424],[99.39084,10.959184],[99.40066,10.95791],[99.406918,10.954785],[99.415659,10.959647],[99.420839,10.966012],[99.42645,10.968211],[99.427421,10.971221],[99.436054,10.972146],[99.448248,10.97747],[99.451701,10.981058],[99.456881,10.982795],[99.459794,10.988929],[99.464542,10.989739],[99.46929,10.993443],[99.475441,10.989507],[99.483426,10.990318],[99.493678,10.988582],[99.502526,10.991822],[99.499721,10.994253],[99.498857,11.000387],[99.501339,11.024808],[99.5008,11.04622],[99.497562,11.052354],[99.49562,11.060572],[99.492599,11.086498],[99.488066,11.104206],[99.486124,11.11821],[99.486232,11.128511],[99.488174,11.142747],[99.494001,11.158951],[99.501123,11.172377],[99.511914,11.187191],[99.524864,11.198765],[99.540726,11.207446],[99.546445,11.207793],[99.553675,11.206173],[99.563171,11.202006],[99.560366,11.188233],[99.566732,11.18314],[99.57202,11.190779],[99.5772,11.192631],[99.57666,11.197839],[99.579358,11.20814],[99.578171,11.215432],[99.569646,11.219251],[99.563819,11.226774],[99.56015,11.233603],[99.555941,11.245177],[99.553244,11.255015],[99.550438,11.270177],[99.55033,11.291705],[99.551949,11.306056],[99.555186,11.319714],[99.560689,11.336843],[99.567056,11.349922],[99.570941,11.35594],[99.57666,11.359644],[99.580761,11.357329],[99.581192,11.365084],[99.58443,11.375153],[99.594141,11.395639],[99.599429,11.405361],[99.599753,11.415083],[99.60504,11.417282],[99.605688,11.423417],[99.611191,11.44506],[99.616587,11.459065],[99.62004,11.464967],[99.627593,11.470639],[99.627378,11.476541],[99.632665,11.499574],[99.639032,11.518786],[99.649823,11.541587],[99.659319,11.560221],[99.671944,11.583717],[99.689533,11.614272],[99.700756,11.632443],[99.706044,11.639272],[99.715,11.654549],[99.720503,11.665197],[99.724712,11.678855],[99.73464,11.693091],[99.749315,11.709179],[99.763991,11.72272],[99.789242,11.744248],[99.796148,11.745405],[99.799062,11.739271],[99.810068,11.742628],[99.80532,11.74853],[99.80381,11.754317],[99.804565,11.760799],[99.80122,11.765313],[99.795716,11.767396],[99.799169,11.77816],[99.80586,11.783715],[99.818377,11.782558],[99.817622,11.78765],[99.811471,11.786956],[99.800896,11.799687],[99.799385,11.805011],[99.798846,11.81728],[99.804565,11.827465],[99.814277,11.837419],[99.820859,11.839733],[99.82701,11.839502],[99.828521,11.833599],[99.833161,11.83059],[99.835103,11.843553],[99.83165,11.848645],[99.82701,11.848877],[99.823989,11.85177],[99.82183,11.862418],[99.814385,11.868321],[99.812226,11.876191],[99.812658,11.886955],[99.817838,11.9064],[99.830679,11.937765],[99.842549,11.961839],[99.851182,11.975728],[99.866289,11.996908],[99.883231,12.015658],[99.907511,12.040426],[99.909777,12.04413],[99.924129,12.059524],[99.940963,12.079778],[99.945171,12.083482],[99.950027,12.082093],[99.955962,12.088111],[99.960602,12.084871],[99.962868,12.08707],[99.963839,12.093667],[99.967616,12.102116],[99.961142,12.110912],[99.962329,12.115426],[99.969127,12.130588],[99.969559,12.134292],[99.978083,12.148759],[99.980457,12.148296],[99.984774,12.153967],[99.988227,12.154546],[99.993191,12.160333],[99.995673,12.160333],[100.004953,12.169361],[100.004845,12.172486],[100.01283,12.182671],[100.016175,12.183597],[100.019952,12.189037],[100.015528,12.192393],[100.01596,12.201189],[100.002363,12.212648],[100.006248,12.21855],[100.000852,12.228504],[99.989414,12.2373],[99.980889,12.247833],[99.977112,12.254893],[99.974091,12.266351],[99.974738,12.277809],[99.97776,12.285564],[99.983479,12.307207],[99.986932,12.317161],[99.993191,12.329892],[100.000852,12.335448],[99.998047,12.341698],[99.997831,12.355124],[100.000205,12.369938],[99.999881,12.381049],[99.995349,12.39679],[99.994162,12.406512],[99.991788,12.412299],[99.984774,12.418318],[99.980997,12.426535],[99.980242,12.436257],[99.98391,12.438341],[99.982076,12.445516],[99.984018,12.451072],[99.97776,12.462414],[99.976357,12.470053],[99.974954,12.486951],[99.974954,12.501187],[99.976465,12.507553],[99.982076,12.518201],[99.976357,12.520979],[99.971393,12.530701],[99.964703,12.551766],[99.963192,12.563918],[99.963623,12.568664],[99.957257,12.57827],[99.955854,12.587761],[99.955314,12.621557],[99.95607,12.632552]]]]}},{"type":"Feature","id":"TH80","bbox":[99.235558,7.838139,100.336559,9.322852],"properties":{"ADM1_PCODE":"TH80","ADM1_TH":"นครศรีธรรมราช","ADM1_EN":"Nakhon Si Thammarat"},"geometry":{"type":"Polygon","coordinates":[[[100.336559,7.931773],[100.335803,7.933625],[100.329652,7.966842],[100.317351,8.040221],[100.304941,8.116031],[100.302243,8.130383],[100.293503,8.181655],[100.292424,8.182466],[100.284438,8.221817],[100.281956,8.229687],[100.280338,8.239525],[100.273,8.268576],[100.263612,8.303067],[100.256058,8.327488],[100.252066,8.337789],[100.246238,8.356886],[100.235879,8.385011],[100.231455,8.398784],[100.218506,8.433043],[100.210412,8.450635],[100.197248,8.472973],[100.18473,8.488598],[100.168004,8.503875],[100.150631,8.514524],[100.139732,8.518806],[100.129265,8.521121],[100.113402,8.518806],[100.118689,8.51626],[100.12484,8.516838],[100.131423,8.512903],[100.135631,8.513598],[100.149228,8.509315],[100.154407,8.50295],[100.1584,8.501908],[100.162824,8.492649],[100.161422,8.490565],[100.164443,8.48501],[100.158724,8.476792],[100.155055,8.468806],[100.150954,8.452487],[100.147285,8.443575],[100.150415,8.430381],[100.150091,8.423436],[100.152573,8.415219],[100.168867,8.395427],[100.172428,8.388714],[100.16509,8.387094],[100.157861,8.391492],[100.154192,8.39126],[100.152141,8.386862],[100.138545,8.388251],[100.127754,8.397858],[100.123653,8.399362],[100.119013,8.404108],[100.106496,8.408274],[100.098295,8.415103],[100.08718,8.414524],[100.077144,8.431654],[100.07326,8.440334],[100.071209,8.455728],[100.067972,8.464987],[100.062253,8.472278],[100.061821,8.476908],[100.053404,8.49994],[100.047793,8.510704],[100.04693,8.517186],[100.040347,8.527371],[100.033657,8.535241],[100.024053,8.548435],[100.022758,8.551908],[100.013478,8.564986],[100.005924,8.567417],[100.005384,8.570195],[100.011427,8.574477],[100.006464,8.582231],[99.994701,8.592069],[99.986392,8.594963],[99.980781,8.591259],[99.978083,8.586977],[99.971285,8.589176],[99.973659,8.59369],[99.961681,8.608041],[99.95812,8.615912],[99.952185,8.633041],[99.951646,8.643689],[99.949703,8.653527],[99.951753,8.663365],[99.94625,8.685009],[99.941178,8.71892],[99.936862,8.75723],[99.935135,8.779105],[99.935459,8.789869],[99.930819,8.808272],[99.926826,8.828295],[99.919273,8.877716],[99.916143,8.904799],[99.91323,8.945308],[99.914093,8.973664],[99.917007,8.997622],[99.923157,9.00746],[99.916683,9.016256],[99.914093,9.021812],[99.910856,9.051326],[99.909992,9.066372],[99.910208,9.07864],[99.913122,9.084196],[99.909453,9.089636],[99.909129,9.09901],[99.907187,9.100052],[99.903518,9.108733],[99.899417,9.110816],[99.897799,9.11776],[99.890461,9.125283],[99.882044,9.125052],[99.87967,9.128177],[99.877943,9.137089],[99.875569,9.140677],[99.874167,9.153987],[99.873951,9.169612],[99.87503,9.189866],[99.876648,9.205839],[99.881181,9.207459],[99.878807,9.218454],[99.873951,9.221811],[99.870713,9.228987],[99.870498,9.237667],[99.86467,9.237551],[99.863915,9.248199],[99.859599,9.252597],[99.850103,9.252134],[99.844815,9.263014],[99.845247,9.278176],[99.846218,9.281764],[99.842117,9.283963],[99.841686,9.289981],[99.838233,9.294611],[99.837154,9.302829],[99.830032,9.310236],[99.828089,9.308731],[99.82442,9.297736],[99.818593,9.296694],[99.804457,9.30144],[99.799493,9.30468],[99.801436,9.31093],[99.805644,9.314403],[99.799925,9.316602],[99.788378,9.309657],[99.783738,9.311509],[99.778775,9.309426],[99.775106,9.312667],[99.775106,9.317643],[99.769063,9.322852],[99.764423,9.312088],[99.764099,9.30225],[99.765825,9.297968],[99.763236,9.291486],[99.767228,9.282227],[99.771221,9.280838],[99.773163,9.272273],[99.771545,9.260931],[99.767336,9.261857],[99.762804,9.267875],[99.757732,9.267296],[99.748128,9.263014],[99.749747,9.254797],[99.750934,9.241718],[99.750934,9.226672],[99.753632,9.220306],[99.747157,9.213593],[99.747157,9.204102],[99.739064,9.199589],[99.741546,9.192297],[99.742085,9.180723],[99.738956,9.170769],[99.733237,9.163478],[99.727302,9.16151],[99.720503,9.155492],[99.722122,9.150862],[99.719964,9.145075],[99.724388,9.141024],[99.72428,9.13732],[99.728489,9.135932],[99.733345,9.129103],[99.73356,9.122158],[99.724928,9.112552],[99.737229,9.113015],[99.74079,9.114172],[99.744351,9.109659],[99.753416,9.109311],[99.758811,9.106881],[99.771976,9.098779],[99.769279,9.090793],[99.764315,9.087784],[99.766905,9.081881],[99.764207,9.07239],[99.756869,9.068571],[99.752768,9.069265],[99.747373,9.067298],[99.741114,9.056071],[99.744891,9.048548],[99.743812,9.041719],[99.740035,9.037553],[99.742841,9.032229],[99.744244,9.025168],[99.74079,9.023317],[99.737014,9.014405],[99.733776,9.013594],[99.731079,9.006187],[99.730971,8.994266],[99.72482,8.985933],[99.725144,8.981071],[99.722446,8.977368],[99.717806,8.977252],[99.713381,8.971118],[99.705288,8.971928],[99.696763,8.975053],[99.693202,8.972159],[99.692015,8.962553],[99.688562,8.959544],[99.694929,8.952368],[99.698058,8.943224],[99.69644,8.935817],[99.692123,8.932461],[99.68662,8.930956],[99.676584,8.930377],[99.670649,8.928873],[99.664175,8.924243],[99.653168,8.924822],[99.641622,8.927484],[99.636766,8.921928],[99.631154,8.912785],[99.625111,8.911975],[99.620687,8.913827],[99.61691,8.918109],[99.618421,8.924243],[99.614213,8.927831],[99.603206,8.927715],[99.60094,8.92459],[99.595868,8.925401],[99.593386,8.919961],[99.587559,8.920076],[99.579789,8.911165],[99.576228,8.911049],[99.575797,8.898549],[99.57407,8.892067],[99.560042,8.878757],[99.55346,8.876095],[99.554647,8.870077],[99.559502,8.860818],[99.559502,8.850864],[99.552704,8.848665],[99.543856,8.848202],[99.540834,8.851674],[99.534144,8.850632],[99.521626,8.845193],[99.517526,8.836165],[99.5199,8.832461],[99.520547,8.824591],[99.527238,8.816026],[99.527561,8.811049],[99.525619,8.806188],[99.522058,8.790795],[99.523569,8.776906],[99.521303,8.767763],[99.523569,8.762207],[99.529719,8.760124],[99.530475,8.751328],[99.524324,8.732115],[99.521842,8.719268],[99.513965,8.717069],[99.507058,8.712207],[99.507274,8.706999],[99.50231,8.702833],[99.492059,8.69693],[99.49616,8.693921],[99.498534,8.68524],[99.492922,8.680263],[99.496375,8.67193],[99.489361,8.671236],[99.484397,8.662092],[99.47911,8.657925],[99.481592,8.651444],[99.479865,8.64693],[99.470909,8.645888],[99.465405,8.650634],[99.461736,8.649824],[99.454722,8.642763],[99.454399,8.639291],[99.448679,8.631768],[99.449759,8.62737],[99.448679,8.619384],[99.453643,8.61406],[99.456665,8.607347],[99.452456,8.598551],[99.442421,8.59913],[99.433572,8.58281],[99.429256,8.583505],[99.428285,8.579338],[99.423752,8.577139],[99.421918,8.572162],[99.414796,8.56707],[99.415551,8.557232],[99.412961,8.552718],[99.405516,8.549014],[99.400876,8.544153],[99.400983,8.536861],[99.397422,8.53119],[99.393754,8.529686],[99.395156,8.522973],[99.394833,8.513019],[99.389545,8.512325],[99.389653,8.516375],[99.383718,8.515102],[99.377459,8.515912],[99.374654,8.510357],[99.364186,8.505496],[99.364618,8.501792],[99.35005,8.498899],[99.350482,8.493459],[99.345302,8.494848],[99.336238,8.494964],[99.329547,8.49288],[99.328792,8.487788],[99.320159,8.480612],[99.318541,8.475288],[99.3098,8.473667],[99.303649,8.474478],[99.286276,8.469385],[99.28606,8.466144],[99.277751,8.46163],[99.278075,8.456422],[99.270197,8.457811],[99.26437,8.449593],[99.259622,8.44832],[99.25919,8.44508],[99.261888,8.436631],[99.257032,8.433853],[99.253579,8.42714],[99.253795,8.423436],[99.249802,8.421237],[99.249155,8.411399],[99.244838,8.404339],[99.239767,8.39971],[99.235558,8.399941],[99.237501,8.391839],[99.23599,8.385705],[99.239659,8.380265],[99.238796,8.37471],[99.241277,8.373089],[99.240846,8.367071],[99.249694,8.364525],[99.25196,8.358969],[99.257895,8.357349],[99.261456,8.35052],[99.267176,8.35133],[99.275701,8.349247],[99.274729,8.343113],[99.282283,8.336978],[99.280988,8.333159],[99.283038,8.32309],[99.282823,8.316145],[99.287031,8.31765],[99.290376,8.312557],[99.299656,8.315219],[99.298577,8.307233],[99.310232,8.300057],[99.313253,8.300057],[99.321454,8.293113],[99.324907,8.296122],[99.331706,8.288715],[99.333432,8.275173],[99.335914,8.269271],[99.332245,8.256192],[99.32426,8.252373],[99.320483,8.245775],[99.314008,8.239178],[99.313793,8.229572],[99.315951,8.223785],[99.319943,8.218345],[99.319728,8.213947],[99.322533,8.208044],[99.316275,8.192998],[99.311742,8.19485],[99.308181,8.192072],[99.305915,8.186864],[99.308937,8.178993],[99.307426,8.174248],[99.303433,8.169966],[99.289405,8.16441],[99.290484,8.152605],[99.298469,8.141494],[99.29534,8.134086],[99.30257,8.131308],[99.304512,8.134318],[99.318541,8.135012],[99.338612,8.134549],[99.348,8.13617],[99.350374,8.133739],[99.355985,8.134433],[99.363431,8.13316],[99.363863,8.136054],[99.379294,8.140799],[99.384797,8.143693],[99.387495,8.141262],[99.38879,8.135012],[99.385337,8.131656],[99.386416,8.122628],[99.388574,8.114873],[99.392567,8.10816],[99.391272,8.100522],[99.393538,8.089874],[99.392782,8.085128],[99.385121,8.083508],[99.382855,8.072513],[99.386631,8.071934],[99.387387,8.063138],[99.393969,8.054689],[99.396451,8.041031],[99.400228,8.036517],[99.402278,8.026795],[99.406163,8.018462],[99.405839,8.013254],[99.412098,8.006657],[99.415012,7.999712],[99.401415,7.989643],[99.400768,7.986055],[99.395588,7.981657],[99.397207,7.976564],[99.39289,7.965916],[99.393969,7.959087],[99.398609,7.957814],[99.396775,7.953416],[99.39289,7.951796],[99.387603,7.943694],[99.383394,7.941032],[99.37638,7.943],[99.369798,7.946587],[99.365265,7.944967],[99.37638,7.940916],[99.383718,7.933509],[99.389221,7.932004],[99.397962,7.924597],[99.41663,7.924134],[99.420731,7.925639],[99.418896,7.913949],[99.416846,7.91094],[99.416522,7.903532],[99.414256,7.899481],[99.419112,7.89381],[99.41976,7.883972],[99.423429,7.883046],[99.427098,7.875407],[99.434543,7.876796],[99.443284,7.880268],[99.443068,7.886171],[99.455801,7.889065],[99.45947,7.892074],[99.462168,7.898324],[99.470046,7.903995],[99.47393,7.898903],[99.475441,7.888486],[99.479002,7.882468],[99.484721,7.882236],[99.488606,7.886981],[99.496375,7.882699],[99.503066,7.886518],[99.509756,7.884319],[99.517202,7.876102],[99.524324,7.875176],[99.527022,7.878764],[99.535654,7.880384],[99.533604,7.891264],[99.535762,7.898671],[99.54051,7.90087],[99.542777,7.910014],[99.547632,7.918347],[99.556157,7.917537],[99.56274,7.924365],[99.560689,7.932814],[99.56533,7.934551],[99.570186,7.945662],[99.580113,7.94462],[99.583458,7.949597],[99.585509,7.956425],[99.594357,7.956888],[99.596947,7.959666],[99.594573,7.963717],[99.602558,7.978647],[99.606011,7.980731],[99.602666,7.985592],[99.609896,7.985592],[99.615831,7.988254],[99.62004,7.993346],[99.623709,8.002258],[99.626838,8.003647],[99.631478,8.009666],[99.639032,8.008508],[99.645183,8.011749],[99.650902,8.01036],[99.661477,8.011518],[99.666549,8.006888],[99.673671,8.007582],[99.678742,8.000407],[99.685325,7.99867],[99.689425,7.995314],[99.692663,7.997166],[99.698922,7.990916],[99.70831,7.991958],[99.712086,7.990916],[99.727625,7.997976],[99.731186,8.002027],[99.736582,8.002953],[99.73874,8.00793],[99.745754,8.006078],[99.753092,8.007814],[99.755034,8.00087],[99.753092,7.993578],[99.74651,7.990569],[99.744351,7.987675],[99.74802,7.982583],[99.752768,7.986171],[99.756977,7.983161],[99.752768,7.978184],[99.753524,7.971587],[99.748452,7.969157],[99.743057,7.959666],[99.741546,7.952606],[99.737445,7.949018],[99.730539,7.952953],[99.726546,7.939875],[99.732481,7.932351],[99.740359,7.92668],[99.738956,7.91719],[99.733992,7.91175],[99.731618,7.900639],[99.733237,7.895546],[99.731618,7.888949],[99.735395,7.878648],[99.738956,7.874597],[99.73464,7.868116],[99.738201,7.858972],[99.747157,7.856195],[99.756221,7.857468],[99.761401,7.860361],[99.766149,7.865685],[99.768523,7.865222],[99.782336,7.87888],[99.792695,7.882236],[99.800249,7.882699],[99.802083,7.887676],[99.808989,7.892653],[99.81978,7.883972],[99.826039,7.886171],[99.837154,7.885592],[99.841794,7.891148],[99.850211,7.887792],[99.858951,7.889065],[99.862081,7.886518],[99.867368,7.886981],[99.883123,7.893463],[99.884957,7.890106],[99.902115,7.880268],[99.923157,7.864991],[99.929848,7.874713],[99.936862,7.879227],[99.939991,7.879458],[99.947761,7.886981],[99.952401,7.90006],[99.958012,7.904805],[99.962436,7.905731],[99.964271,7.901796],[99.963731,7.891611],[99.966321,7.885824],[99.965998,7.876565],[99.976357,7.871819],[99.981321,7.865801],[99.995565,7.8555],[100.010348,7.848324],[100.018981,7.845083],[100.029772,7.847167],[100.033765,7.846704],[100.0397,7.842653],[100.051138,7.842884],[100.055994,7.838139],[100.064411,7.843579],[100.07272,7.840801],[100.072073,7.846588],[100.076605,7.850176],[100.08459,7.859898],[100.087072,7.861056],[100.092144,7.870662],[100.097755,7.872745],[100.098187,7.87587],[100.110057,7.879227],[100.123869,7.878532],[100.131207,7.876796],[100.139732,7.868463],[100.145451,7.871009],[100.160774,7.872861],[100.171349,7.873324],[100.1775,7.876449],[100.223254,7.88212],[100.235447,7.883046],[100.24203,7.886634],[100.243325,7.893347],[100.250663,7.894273],[100.256598,7.898208],[100.256058,7.902143],[100.266418,7.904805],[100.265878,7.914643],[100.279906,7.91337],[100.294582,7.916032],[100.308178,7.913717],[100.306884,7.922514],[100.309905,7.928416],[100.311847,7.935939],[100.321667,7.936634],[100.326307,7.938949],[100.3344,7.935592],[100.336559,7.931773]]]}},{"type":"Feature","id":"TH81","bbox":[98.619827,7.469392,99.415012,8.681768],"properties":{"ADM1_PCODE":"TH81","ADM1_TH":"กระบี่","ADM1_EN":"Krabi"},"geometry":{"type":"MultiPolygon","coordinates":[[[[99.120203,7.543349],[99.117182,7.541498],[99.124196,7.535595],[99.125491,7.532354],[99.133692,7.528998],[99.136497,7.533511],[99.126462,7.541729],[99.120203,7.543349]]],[[[99.143511,7.593233],[99.142001,7.587562],[99.146857,7.582007],[99.148907,7.583974],[99.147612,7.591034],[99.143511,7.593233]]],[[[99.14049,7.640687],[99.144914,7.622631],[99.148044,7.622863],[99.149986,7.628187],[99.146209,7.638603],[99.14049,7.640687]]],[[[99.069917,7.687561],[99.05945,7.687677],[99.049738,7.684899],[99.046825,7.68652],[99.040134,7.684784],[99.038731,7.681427],[99.040997,7.672399],[99.041105,7.66233],[99.036034,7.651335],[99.026969,7.642539],[99.032149,7.630154],[99.031178,7.625293],[99.027725,7.620664],[99.033444,7.604807],[99.034091,7.600988],[99.031501,7.594275],[99.030962,7.580733],[99.03517,7.564067],[99.041861,7.550988],[99.044666,7.547632],[99.052544,7.526104],[99.056536,7.521012],[99.061608,7.509669],[99.069701,7.49659],[99.073586,7.497053],[99.076931,7.48872],[99.081787,7.486984],[99.088262,7.482007],[99.089449,7.474137],[99.099053,7.469392],[99.104232,7.472285],[99.105851,7.479114],[99.109628,7.482354],[99.110923,7.492077],[99.109952,7.498095],[99.102937,7.510363],[99.100779,7.521243],[99.09506,7.526451],[99.095923,7.529924],[99.090744,7.534669],[99.086751,7.542771],[99.080708,7.548673],[99.076715,7.561636],[99.075636,7.572169],[99.0765,7.581196],[99.080708,7.591613],[99.080169,7.597863],[99.089341,7.595548],[99.091499,7.599483],[99.095492,7.593812],[99.100995,7.594275],[99.100456,7.600293],[99.105527,7.602724],[99.112002,7.601914],[99.11621,7.599483],[99.117721,7.594275],[99.116426,7.586405],[99.120419,7.587678],[99.123548,7.592307],[99.120635,7.60203],[99.124519,7.611057],[99.120419,7.612793],[99.119879,7.620201],[99.117505,7.624367],[99.123117,7.632469],[99.127325,7.634437],[99.130454,7.649136],[99.129375,7.654113],[99.122793,7.664413],[99.122901,7.667423],[99.115887,7.679691],[99.109088,7.686057],[99.102074,7.679691],[99.093334,7.679112],[99.082543,7.684089],[99.069917,7.687561]]],[[[98.771116,7.681427],[98.76572,7.689066],[98.761296,7.682353],[98.761404,7.676103],[98.764641,7.671705],[98.769389,7.674483],[98.771116,7.681427]]],[[[99.119232,7.696473],[99.121498,7.70064],[99.117074,7.711288],[99.11211,7.713256],[99.117289,7.697052],[99.119232,7.696473]]],[[[99.130778,7.733047],[99.129699,7.737677],[99.124196,7.742538],[99.122145,7.737214],[99.125059,7.733742],[99.130778,7.733047]]],[[[99.132181,7.744158],[99.134447,7.747283],[99.132181,7.755732],[99.128512,7.751566],[99.132181,7.744158]]],[[[98.788705,7.744274],[98.780288,7.759204],[98.776835,7.762098],[98.766476,7.776102],[98.76162,7.784899],[98.755361,7.784436],[98.760001,7.77726],[98.762483,7.767538],[98.75849,7.765107],[98.760649,7.758394],[98.766368,7.753533],[98.769173,7.747978],[98.762591,7.744274],[98.756332,7.742885],[98.756224,7.731658],[98.762483,7.721705],[98.767447,7.71777],[98.769497,7.723325],[98.769497,7.730038],[98.767123,7.736635],[98.770253,7.737908],[98.776511,7.729806],[98.784281,7.72726],[98.786763,7.72483],[98.791295,7.72645],[98.79205,7.732237],[98.790216,7.735246],[98.788705,7.744274]]],[[[98.997294,7.792075],[98.998481,7.796357],[98.997078,7.803764],[98.993409,7.800061],[98.997294,7.792075]]],[[[98.793129,7.822167],[98.788597,7.819158],[98.791619,7.810709],[98.795395,7.80851],[98.798741,7.811403],[98.798849,7.818],[98.793129,7.822167]]],[[[99.022113,7.834898],[99.01607,7.834667],[99.015855,7.829343],[99.02125,7.830616],[99.022113,7.834898]]],[[[98.994165,7.820431],[98.993194,7.82807],[98.995028,7.833162],[98.991791,7.834898],[98.991575,7.842769],[98.985208,7.839181],[98.982295,7.832236],[98.98251,7.828185],[98.987151,7.818348],[98.994165,7.820431]]],[[[98.956612,7.857699],[98.950246,7.857005],[98.946145,7.853301],[98.939023,7.853417],[98.937728,7.846009],[98.935246,7.844505],[98.935894,7.83675],[98.939994,7.837445],[98.954454,7.827491],[98.959742,7.821935],[98.968914,7.809551],[98.970209,7.804343],[98.979705,7.793232],[98.985424,7.782931],[98.991575,7.786519],[98.99233,7.796125],[98.984561,7.801334],[98.982295,7.809551],[98.984884,7.816033],[98.981971,7.826449],[98.980029,7.827838],[98.975281,7.841148],[98.974741,7.850176],[98.972259,7.853301],[98.961144,7.854806],[98.956612,7.857699]]],[[[99.022437,7.884088],[99.008625,7.884319],[99.006035,7.88293],[99.002582,7.873903],[99.004632,7.862907],[99.014991,7.836634],[99.030962,7.84057],[99.033012,7.844736],[99.033012,7.851912],[99.036789,7.852375],[99.039703,7.861982],[99.036681,7.868116],[99.026753,7.872745],[99.022437,7.884088]]],[[[99.054594,7.883741],[99.057292,7.893231],[99.055565,7.894273],[99.050278,7.887097],[99.044666,7.883509],[99.051573,7.880963],[99.054594,7.883741]]],[[[99.012078,7.902838],[99.012293,7.910129],[99.008085,7.918694],[98.996647,7.924944],[99.00269,7.90631],[99.006574,7.902953],[99.012078,7.902838]]],[[[98.987798,7.92668],[98.983158,7.927375],[98.97118,7.92587],[98.967403,7.923092],[98.969022,7.918926],[98.97064,7.905847],[98.976468,7.884782],[98.984669,7.870662],[98.985748,7.862907],[98.988661,7.855153],[98.993301,7.851449],[98.994381,7.862329],[98.992222,7.872745],[98.991899,7.881542],[98.994704,7.891611],[99.000963,7.897514],[98.995352,7.909551],[98.994165,7.917305],[98.990064,7.926101],[98.987798,7.92668]]],[[[98.810503,7.957351],[98.804784,7.957004],[98.802949,7.953185],[98.809208,7.949365],[98.810503,7.957351]]],[[[98.812769,7.974597],[98.804568,7.971587],[98.807265,7.967652],[98.812661,7.970546],[98.812769,7.974597]]],[[[98.63774,8.245081],[98.640653,8.238831],[98.643783,8.243808],[98.63774,8.245081]]],[[[98.620582,8.289178],[98.619827,8.285127],[98.624143,8.273321],[98.625114,8.263947],[98.633639,8.254109],[98.633423,8.262905],[98.628567,8.265567],[98.625438,8.273669],[98.622848,8.286979],[98.620582,8.289178]]],[[[99.290376,8.312557],[99.287463,8.310127],[99.282391,8.310937],[99.280988,8.30434],[99.274298,8.302256],[99.269981,8.302835],[99.263938,8.300752],[99.256816,8.302719],[99.231673,8.317881],[99.215271,8.330034],[99.20966,8.335937],[99.209876,8.342302],[99.205559,8.355844],[99.200596,8.366029],[99.186028,8.362904],[99.183546,8.370775],[99.179985,8.371932],[99.170597,8.367534],[99.164014,8.369038],[99.156568,8.363136],[99.148691,8.359779],[99.141245,8.360705],[99.129267,8.36383],[99.124519,8.367997],[99.118908,8.366376],[99.105635,8.364872],[99.098189,8.365682],[99.084053,8.363367],[99.065061,8.361168],[99.061824,8.359548],[99.047472,8.360937],[99.041645,8.362788],[99.036141,8.362325],[99.035386,8.366376],[99.028264,8.366376],[99.022869,8.375404],[99.014668,8.381886],[99.008732,8.382927],[98.998481,8.392418],[98.993625,8.394501],[98.992438,8.400751],[98.974201,8.410821],[98.972151,8.418691],[98.965892,8.418228],[98.955965,8.422047],[98.948087,8.42251],[98.942152,8.436862],[98.939239,8.438598],[98.938807,8.443459],[98.9428,8.452718],[98.941073,8.457117],[98.944526,8.460126],[98.945713,8.467417],[98.948519,8.472047],[98.947116,8.478876],[98.950785,8.49207],[98.945929,8.4967],[98.943447,8.506306],[98.943124,8.522625],[98.941721,8.532926],[98.934922,8.539523],[98.931901,8.550866],[98.938376,8.564639],[98.938915,8.571352],[98.937728,8.577949],[98.926398,8.594384],[98.919707,8.595079],[98.916686,8.601676],[98.919707,8.61487],[98.909132,8.620889],[98.908053,8.625171],[98.902442,8.632463],[98.903629,8.634893],[98.899852,8.642301],[98.901902,8.649708],[98.897694,8.657694],[98.892838,8.661976],[98.891111,8.670078],[98.893054,8.673203],[98.887982,8.681305],[98.883881,8.681768],[98.870932,8.680263],[98.85917,8.680726],[98.853559,8.678759],[98.841041,8.677948],[98.81428,8.66568],[98.801438,8.659083],[98.798525,8.651328],[98.786763,8.650865],[98.784173,8.653527],[98.782015,8.660935],[98.777375,8.662324],[98.773598,8.666027],[98.771224,8.672972],[98.768202,8.673898],[98.756116,8.673666],[98.747699,8.675171],[98.741225,8.663828],[98.736801,8.658967],[98.732592,8.646351],[98.729355,8.642416],[98.723204,8.630842],[98.716945,8.63362],[98.713168,8.633157],[98.706694,8.628527],[98.703457,8.632],[98.701514,8.622625],[98.703457,8.617995],[98.702162,8.612903],[98.706478,8.603412],[98.707449,8.596352],[98.70378,8.592764],[98.702593,8.58825],[98.696766,8.580843],[98.691047,8.575982],[98.691802,8.571352],[98.68727,8.565796],[98.682414,8.553181],[98.680472,8.544269],[98.681119,8.53744],[98.677558,8.528065],[98.677558,8.520542],[98.674321,8.521352],[98.668926,8.509547],[98.666875,8.501213],[98.662343,8.497857],[98.662127,8.490334],[98.657055,8.48744],[98.654034,8.482464],[98.65371,8.475056],[98.659214,8.471816],[98.663314,8.465566],[98.666336,8.45457],[98.663746,8.445774],[98.663638,8.440103],[98.665688,8.436052],[98.665257,8.428645],[98.662451,8.424941],[98.655976,8.424478],[98.649178,8.420658],[98.645185,8.415566],[98.645078,8.407927],[98.654574,8.40052],[98.661804,8.389293],[98.662451,8.384779],[98.655976,8.380034],[98.643998,8.37795],[98.635366,8.375288],[98.636984,8.370775],[98.634826,8.366029],[98.640006,8.350404],[98.6331,8.344733],[98.637416,8.338483],[98.635797,8.335127],[98.636984,8.329571],[98.630618,8.324131],[98.633207,8.320312],[98.629754,8.314756],[98.625654,8.31302],[98.625654,8.306192],[98.630186,8.299826],[98.625114,8.294965],[98.627488,8.283159],[98.636337,8.278993],[98.636445,8.285706],[98.643027,8.282233],[98.650149,8.273206],[98.659969,8.2864],[98.669681,8.293344],[98.679932,8.297511],[98.682954,8.302835],[98.698601,8.308622],[98.707665,8.316145],[98.710902,8.313367],[98.706478,8.299826],[98.706046,8.288599],[98.711226,8.285474],[98.712197,8.278183],[98.714463,8.274132],[98.712629,8.265798],[98.719103,8.264178],[98.719427,8.25272],[98.716622,8.238368],[98.708744,8.222859],[98.716406,8.220544],[98.721801,8.228877],[98.723096,8.233391],[98.721909,8.242072],[98.724607,8.246586],[98.727952,8.247164],[98.730758,8.238599],[98.737772,8.237095],[98.736693,8.229456],[98.738203,8.226678],[98.742412,8.211401],[98.748023,8.205498],[98.748239,8.197049],[98.751476,8.182466],[98.748023,8.177952],[98.746297,8.167767],[98.743383,8.160012],[98.738311,8.15654],[98.741009,8.141841],[98.738311,8.134433],[98.743167,8.134549],[98.746944,8.141957],[98.756008,8.136633],[98.757088,8.12992],[98.752771,8.122859],[98.748239,8.121355],[98.748023,8.114989],[98.745541,8.113253],[98.746944,8.107929],[98.745865,8.087675],[98.742736,8.08536],[98.73993,8.077952],[98.744894,8.071934],[98.743707,8.065221],[98.747807,8.059665],[98.748886,8.05492],[98.755037,8.051448],[98.760864,8.045777],[98.765289,8.036402],[98.764425,8.023439],[98.768742,8.021124],[98.773921,8.025059],[98.771871,8.029805],[98.771979,8.040337],[98.785791,8.045198],[98.794424,8.044966],[98.795503,8.047744],[98.807805,8.043693],[98.815143,8.039295],[98.814495,8.037212],[98.82561,8.027374],[98.837588,8.009897],[98.836833,8.006078],[98.841041,8.00249],[98.844494,8.005268],[98.841365,8.010244],[98.849458,8.014527],[98.856796,8.02205],[98.859062,8.027605],[98.864889,8.029457],[98.876867,8.02205],[98.885068,8.02205],[98.885284,8.025059],[98.89532,8.030499],[98.898557,8.037906],[98.903413,8.041147],[98.912801,8.045198],[98.91852,8.03536],[98.930174,8.026795],[98.945821,8.011749],[98.950785,8.004805],[98.957799,8.000059],[98.953483,7.996471],[98.949814,7.996934],[98.943879,7.993578],[98.942044,7.988833],[98.946253,7.978069],[98.958986,7.959435],[98.968806,7.940453],[98.971072,7.934898],[98.978194,7.939875],[98.984777,7.938949],[98.993517,7.940453],[98.998157,7.933046],[99.0042,7.932467],[99.007653,7.928879],[99.012509,7.928185],[99.018444,7.919967],[99.021034,7.912097],[99.020171,7.904805],[99.02125,7.898092],[99.02643,7.889875],[99.036249,7.89381],[99.03981,7.896704],[99.046501,7.899134],[99.055673,7.905963],[99.063766,7.905268],[99.059018,7.877143],[99.066248,7.876796],[99.069701,7.874018],[99.065601,7.86881],[99.064414,7.861866],[99.065385,7.855153],[99.060205,7.851796],[99.047904,7.852838],[99.044774,7.846009],[99.045853,7.842884],[99.043479,7.834088],[99.036034,7.830269],[99.02384,7.828417],[99.021682,7.823672],[99.017257,7.821935],[99.019631,7.814181],[99.025027,7.809436],[99.026645,7.801797],[99.029667,7.799829],[99.028804,7.793926],[99.024595,7.789297],[99.022221,7.783278],[99.026538,7.774019],[99.020387,7.765686],[99.024811,7.746242],[99.03053,7.730501],[99.037976,7.712677],[99.041429,7.702955],[99.051788,7.697168],[99.064738,7.697746],[99.067004,7.695084],[99.078226,7.693001],[99.084161,7.690571],[99.096031,7.691497],[99.101966,7.69601],[99.107578,7.706774],[99.109304,7.719621],[99.10693,7.724945],[99.111031,7.726103],[99.112541,7.735825],[99.111786,7.74057],[99.115779,7.752029],[99.115779,7.76013],[99.130239,7.760015],[99.13531,7.751103],[99.147828,7.740455],[99.152576,7.742422],[99.158942,7.739066],[99.166496,7.730038],[99.169518,7.728649],[99.171892,7.721357],[99.175668,7.716728],[99.17664,7.707237],[99.178582,7.703418],[99.18333,7.704344],[99.190128,7.69983],[99.190776,7.695663],[99.196927,7.692191],[99.200596,7.697631],[99.206423,7.689182],[99.203941,7.681427],[99.197574,7.677492],[99.19574,7.672284],[99.200164,7.669043],[99.206207,7.671358],[99.206315,7.67483],[99.213221,7.679228],[99.222933,7.676913],[99.227357,7.671705],[99.229407,7.674483],[99.236098,7.677839],[99.243544,7.675293],[99.246457,7.671589],[99.247428,7.666381],[99.259514,7.657353],[99.270845,7.674136],[99.275701,7.679344],[99.279585,7.680964],[99.28552,7.679344],[99.285304,7.684784],[99.296203,7.689992],[99.304297,7.697515],[99.309692,7.705733],[99.310771,7.710709],[99.307318,7.719158],[99.312713,7.729228],[99.311311,7.737445],[99.308181,7.73814],[99.306778,7.752839],[99.305484,7.755964],[99.291887,7.760362],[99.289081,7.762445],[99.288218,7.774945],[99.301599,7.791264],[99.299764,7.794505],[99.302678,7.801218],[99.303217,7.808162],[99.292642,7.810709],[99.287139,7.810014],[99.287139,7.817653],[99.293614,7.819736],[99.294153,7.825176],[99.289945,7.82888],[99.288002,7.833394],[99.284225,7.835709],[99.278398,7.844505],[99.279909,7.850523],[99.285089,7.85388],[99.287463,7.859088],[99.29739,7.863949],[99.314872,7.865801],[99.322425,7.870894],[99.326202,7.876912],[99.332029,7.883046],[99.330087,7.891148],[99.338396,7.909782],[99.335159,7.919852],[99.333756,7.928764],[99.355661,7.932467],[99.364942,7.937675],[99.365265,7.944967],[99.369798,7.946587],[99.37638,7.943],[99.383394,7.941032],[99.387603,7.943694],[99.39289,7.951796],[99.396775,7.953416],[99.398609,7.957814],[99.393969,7.959087],[99.39289,7.965916],[99.397207,7.976564],[99.395588,7.981657],[99.400768,7.986055],[99.401415,7.989643],[99.415012,7.999712],[99.412098,8.006657],[99.405839,8.013254],[99.406163,8.018462],[99.402278,8.026795],[99.400228,8.036517],[99.396451,8.041031],[99.393969,8.054689],[99.387387,8.063138],[99.386631,8.071934],[99.382855,8.072513],[99.385121,8.083508],[99.392782,8.085128],[99.393538,8.089874],[99.391272,8.100522],[99.392567,8.10816],[99.388574,8.114873],[99.386416,8.122628],[99.385337,8.131656],[99.38879,8.135012],[99.387495,8.141262],[99.384797,8.143693],[99.379294,8.140799],[99.363863,8.136054],[99.363431,8.13316],[99.355985,8.134433],[99.350374,8.133739],[99.348,8.13617],[99.338612,8.134549],[99.318541,8.135012],[99.304512,8.134318],[99.30257,8.131308],[99.29534,8.134086],[99.298469,8.141494],[99.290484,8.152605],[99.289405,8.16441],[99.303433,8.169966],[99.307426,8.174248],[99.308937,8.178993],[99.305915,8.186864],[99.308181,8.192072],[99.311742,8.19485],[99.316275,8.192998],[99.322533,8.208044],[99.319728,8.213947],[99.319943,8.218345],[99.315951,8.223785],[99.313793,8.229572],[99.314008,8.239178],[99.320483,8.245775],[99.32426,8.252373],[99.332245,8.256192],[99.335914,8.269271],[99.333432,8.275173],[99.331706,8.288715],[99.324907,8.296122],[99.321454,8.293113],[99.313253,8.300057],[99.310232,8.300057],[99.298577,8.307233],[99.299656,8.315219],[99.290376,8.312557]]]]}},{"type":"Feature","id":"TH82","bbox":[97.632239,7.889875,98.707449,9.462318],"properties":{"ADM1_PCODE":"TH82","ADM1_TH":"พังงา","ADM1_EN":"Phangnga"},"geometry":{"type":"MultiPolygon","coordinates":[[[[98.530046,8.114642],[98.529291,8.11279],[98.533823,8.103184],[98.530586,8.100753],[98.533175,8.095082],[98.530801,8.089526],[98.526377,8.087443],[98.530693,8.081193],[98.532096,8.073091],[98.530801,8.071008],[98.541484,8.066726],[98.538355,8.063022],[98.545153,8.054689],[98.546017,8.047976],[98.553247,8.032582],[98.554218,8.026911],[98.56544,8.032119],[98.583893,8.008971],[98.584864,8.000754],[98.580332,7.990916],[98.573318,7.98918],[98.568354,7.992652],[98.565117,7.987444],[98.570836,7.97668],[98.570512,7.972282],[98.564685,7.960013],[98.568893,7.947745],[98.570944,7.938023],[98.57731,7.923555],[98.574505,7.915453],[98.576771,7.901449],[98.580116,7.895778],[98.58303,7.896819],[98.580763,7.908625],[98.581087,7.913139],[98.588641,7.914527],[98.592418,7.905731],[98.595331,7.889875],[98.597921,7.896588],[98.600511,7.908278],[98.600403,7.913717],[98.604072,7.921935],[98.605583,7.930384],[98.611518,7.945199],[98.611194,7.949944],[98.613676,7.960013],[98.612813,7.979689],[98.610331,7.985592],[98.60364,7.991495],[98.603317,8.00955],[98.600943,8.011865],[98.600079,8.019041],[98.601914,8.034203],[98.610115,8.044619],[98.603317,8.049249],[98.594684,8.058508],[98.59231,8.065684],[98.593389,8.072976],[98.596087,8.077837],[98.592849,8.07992],[98.586806,8.075869],[98.575476,8.076448],[98.566843,8.081077],[98.562635,8.08536],[98.5567,8.087675],[98.55152,8.093809],[98.545693,8.097512],[98.541269,8.102721],[98.533391,8.108623],[98.530046,8.114642]]],[[[98.445013,8.129225],[98.441884,8.125869],[98.447064,8.121239],[98.448251,8.127489],[98.445013,8.129225]]],[[[98.535334,8.156077],[98.535334,8.145197],[98.538787,8.138484],[98.546988,8.131077],[98.557023,8.126679],[98.557995,8.129341],[98.555621,8.137674],[98.551088,8.144387],[98.54483,8.150174],[98.539326,8.152257],[98.535334,8.156077]]],[[[98.53911,8.167304],[98.541053,8.174827],[98.539434,8.183044],[98.534794,8.17529],[98.534794,8.171355],[98.53911,8.167304]]],[[[98.635689,8.186401],[98.627488,8.186053],[98.628567,8.180382],[98.626085,8.176216],[98.62123,8.182234],[98.620366,8.174479],[98.614755,8.167188],[98.600943,8.154688],[98.597921,8.148785],[98.597382,8.142304],[98.592741,8.138484],[98.592418,8.12691],[98.591231,8.122859],[98.586914,8.118577],[98.58195,8.11985],[98.578605,8.114526],[98.574181,8.11441],[98.563606,8.120313],[98.565656,8.113832],[98.575476,8.106077],[98.578497,8.102258],[98.585943,8.097512],[98.592741,8.095661],[98.596842,8.1011],[98.601266,8.102026],[98.609252,8.095892],[98.610439,8.089295],[98.608496,8.08235],[98.616374,8.080267],[98.618856,8.08536],[98.6181,8.097281],[98.621985,8.101795],[98.625762,8.122975],[98.622524,8.127836],[98.623172,8.131771],[98.632776,8.138484],[98.634502,8.142072],[98.633963,8.155845],[98.636661,8.167651],[98.634502,8.175405],[98.637308,8.180382],[98.635689,8.186401]]],[[[98.638063,8.199942],[98.634179,8.194387],[98.640222,8.193808],[98.638063,8.199942]]],[[[98.49163,8.200984],[98.48699,8.197743],[98.488393,8.19103],[98.486019,8.183507],[98.487422,8.178299],[98.490875,8.174942],[98.495191,8.178878],[98.492386,8.187327],[98.493357,8.195428],[98.49163,8.200984]]],[[[98.507493,8.225405],[98.504148,8.224248],[98.504471,8.214526],[98.507277,8.20978],[98.510191,8.210706],[98.507493,8.225405]]],[[[98.5949,8.291145],[98.587562,8.293113],[98.57785,8.288831],[98.574073,8.280845],[98.576123,8.279919],[98.592202,8.285358],[98.597705,8.28559],[98.5949,8.291145]]],[[[98.497457,8.276909],[98.497565,8.282812],[98.501126,8.285011],[98.4994,8.295428],[98.494868,8.298553],[98.489688,8.306076],[98.487638,8.300173],[98.485264,8.286632],[98.491954,8.278761],[98.497457,8.276909]]],[[[97.643354,8.48582],[97.639145,8.485473],[97.645836,8.47714],[97.649073,8.475288],[97.653929,8.478297],[97.646159,8.481885],[97.643354,8.48582]]],[[[97.646052,8.494385],[97.648318,8.497278],[97.639253,8.505612],[97.638282,8.502718],[97.643246,8.495542],[97.646052,8.494385]]],[[[97.632239,8.573551],[97.636016,8.56325],[97.639901,8.570889],[97.632239,8.573551]]],[[[97.646915,8.668226],[97.64562,8.664754],[97.639793,8.664291],[97.637095,8.660009],[97.639469,8.656537],[97.638822,8.651675],[97.644865,8.644731],[97.644325,8.638365],[97.646267,8.631652],[97.653389,8.630379],[97.649289,8.638713],[97.650368,8.642069],[97.64821,8.648319],[97.650368,8.652949],[97.651771,8.663134],[97.646915,8.668226]]],[[[97.648533,8.681652],[97.640872,8.678643],[97.648102,8.674823],[97.65231,8.67899],[97.648533,8.681652]]],[[[97.803707,8.816952],[97.807592,8.81811],[97.808347,8.822855],[97.801873,8.828295],[97.798096,8.821813],[97.799715,8.817994],[97.803707,8.816952]]],[[[98.264697,9.015099],[98.256927,9.013479],[98.247539,9.007113],[98.253258,8.999358],[98.257682,8.988247],[98.260704,8.977136],[98.262646,8.959544],[98.262323,8.945771],[98.26092,8.938479],[98.248186,8.913942],[98.262215,8.892067],[98.265992,8.880262],[98.266963,8.868688],[98.2702,8.868572],[98.283581,8.897507],[98.287034,8.920424],[98.295559,8.926789],[98.295775,8.937206],[98.299012,8.942877],[98.305055,8.94253],[98.310126,8.949243],[98.313256,8.960933],[98.323615,8.98165],[98.321781,8.990446],[98.314227,8.99415],[98.308724,8.998432],[98.288653,9.005608],[98.282286,9.008849],[98.27484,9.010932],[98.273869,9.013826],[98.264697,9.015099]]],[[[97.813851,9.060238],[97.818923,9.066372],[97.815685,9.075052],[97.809211,9.084543],[97.806405,9.082112],[97.807592,9.077483],[97.80565,9.071001],[97.807916,9.064289],[97.813851,9.060238]]],[[[98.2893,9.167413],[98.261783,9.166024],[98.260812,9.162667],[98.261783,9.14114],[98.256388,9.128293],[98.249805,9.125168],[98.251208,9.110816],[98.252071,9.08489],[98.25164,9.071233],[98.246676,9.033502],[98.250129,9.030261],[98.256927,9.029567],[98.278941,9.029567],[98.287466,9.033154],[98.301062,9.036742],[98.303868,9.038363],[98.304407,9.043918],[98.309695,9.04739],[98.314875,9.054566],[98.317464,9.061164],[98.327176,9.066256],[98.329011,9.073316],[98.334298,9.080145],[98.333651,9.086163],[98.326852,9.105723],[98.325018,9.114751],[98.319083,9.120422],[98.314659,9.126557],[98.309695,9.129566],[98.307537,9.139172],[98.303004,9.137089],[98.297609,9.139172],[98.298796,9.153177],[98.295019,9.159774],[98.290271,9.163478],[98.2893,9.167413]]],[[[98.338615,9.143107],[98.33883,9.147043],[98.312069,9.179681],[98.309479,9.169496],[98.310019,9.158848],[98.313148,9.151093],[98.316385,9.147621],[98.324478,9.13489],[98.331385,9.126441],[98.337212,9.129913],[98.338615,9.143107]]],[[[98.353938,9.225051],[98.353074,9.219496],[98.357499,9.213362],[98.360736,9.214519],[98.359009,9.219959],[98.353938,9.225051]]],[[[98.317033,9.251787],[98.31509,9.256417],[98.308184,9.260699],[98.306134,9.264519],[98.298472,9.249125],[98.297609,9.242528],[98.292861,9.237898],[98.287681,9.229334],[98.282286,9.228524],[98.281638,9.221463],[98.276675,9.208963],[98.273437,9.205376],[98.263833,9.205954],[98.262646,9.197274],[98.265128,9.171579],[98.2702,9.171579],[98.279264,9.178177],[98.283581,9.179103],[98.285847,9.18894],[98.295667,9.196232],[98.294588,9.201325],[98.289732,9.203292],[98.2893,9.208038],[98.29599,9.2232],[98.30322,9.226209],[98.307321,9.235931],[98.317033,9.251787]]],[[[98.50609,9.308847],[98.50091,9.307111],[98.486019,9.30769],[98.473178,9.317643],[98.47048,9.321578],[98.466919,9.314981],[98.455265,9.316486],[98.451164,9.322041],[98.447172,9.324009],[98.447279,9.330375],[98.439942,9.330375],[98.436057,9.328639],[98.421489,9.335004],[98.417281,9.335352],[98.409619,9.343338],[98.408756,9.346578],[98.402497,9.34762],[98.401094,9.337319],[98.401094,9.329449],[98.390519,9.332227],[98.384908,9.328754],[98.380915,9.319842],[98.380807,9.311162],[98.378002,9.293454],[98.375412,9.28894],[98.364945,9.287667],[98.36106,9.284194],[98.360844,9.280259],[98.364081,9.27725],[98.368506,9.277366],[98.366779,9.267759],[98.360304,9.25607],[98.348003,9.245885],[98.345413,9.239635],[98.34919,9.233963],[98.356096,9.232111],[98.366779,9.227482],[98.366132,9.21232],[98.368937,9.207112],[98.364729,9.204913],[98.358686,9.207227],[98.353506,9.212436],[98.34919,9.219033],[98.343363,9.215792],[98.333759,9.215792],[98.333111,9.220306],[98.328795,9.222968],[98.326852,9.217644],[98.320162,9.211047],[98.316817,9.19982],[98.316277,9.193339],[98.320162,9.179681],[98.325989,9.171927],[98.327392,9.167529],[98.33732,9.155492],[98.340989,9.147274],[98.33937,9.136626],[98.341528,9.129682],[98.346816,9.127367],[98.342607,9.119612],[98.347679,9.114867],[98.348111,9.109659],[98.35178,9.095538],[98.358038,9.094149],[98.3657,9.100052],[98.369693,9.097274],[98.364297,9.093802],[98.369261,9.078987],[98.374548,9.081534],[98.376383,9.070538],[98.380268,9.06915],[98.386526,9.062552],[98.385124,9.058386],[98.372282,9.05989],[98.366779,9.069497],[98.353074,9.070191],[98.346384,9.068455],[98.338291,9.063363],[98.330737,9.056997],[98.327068,9.051557],[98.325989,9.04577],[98.320378,9.041256],[98.318436,9.033386],[98.325234,9.025863],[98.326313,9.01834],[98.333759,9.013247],[98.335917,9.008039],[98.345952,9.002831],[98.350269,9.002831],[98.354909,9.011164],[98.363758,9.017414],[98.370232,9.018687],[98.371419,9.021349],[98.378973,9.025747],[98.384368,9.031418],[98.38998,9.034543],[98.399152,9.032923],[98.394188,9.027946],[98.384368,9.026904],[98.383829,9.022275],[98.38016,9.016256],[98.373793,9.010817],[98.361599,9.002483],[98.360304,8.998895],[98.36052,8.989289],[98.358686,8.983502],[98.352859,8.980956],[98.341744,8.97378],[98.332895,8.978872],[98.328795,8.978178],[98.322104,8.970771],[98.321025,8.966141],[98.31563,8.958039],[98.309155,8.943456],[98.301925,8.940562],[98.298472,8.936512],[98.298472,8.92841],[98.29653,8.924243],[98.291458,8.921465],[98.288113,8.914637],[98.288437,8.908155],[98.287142,8.896697],[98.282394,8.886049],[98.279156,8.873896],[98.275488,8.867068],[98.267826,8.860239],[98.263618,8.858156],[98.265452,8.845424],[98.265992,8.82841],[98.264373,8.821119],[98.259517,8.813596],[98.253366,8.80885],[98.259625,8.799475],[98.262646,8.783735],[98.262323,8.767068],[98.258438,8.759198],[98.256711,8.751328],[98.251208,8.743689],[98.246676,8.742647],[98.235777,8.734314],[98.229842,8.733388],[98.224231,8.734661],[98.222072,8.729106],[98.228223,8.726443],[98.234374,8.721235],[98.236856,8.713018],[98.240525,8.685587],[98.241604,8.672393],[98.245597,8.661282],[98.246892,8.653759],[98.245381,8.647625],[98.246676,8.639638],[98.243223,8.629801],[98.232216,8.625055],[98.230273,8.622046],[98.231676,8.617532],[98.23718,8.61649],[98.23718,8.605611],[98.24182,8.598088],[98.238043,8.586051],[98.234698,8.583042],[98.223367,8.579222],[98.217756,8.587903],[98.214627,8.584893],[98.212253,8.577139],[98.207181,8.565912],[98.20567,8.552139],[98.209231,8.539755],[98.210958,8.538713],[98.21959,8.507463],[98.223151,8.49207],[98.225094,8.47876],[98.232432,8.453066],[98.233727,8.441839],[98.241388,8.417649],[98.247647,8.396006],[98.262538,8.335127],[98.264912,8.321006],[98.269553,8.305729],[98.27279,8.289178],[98.277862,8.268113],[98.281854,8.246586],[98.282394,8.240799],[98.280343,8.237211],[98.282825,8.218113],[98.282178,8.204919],[98.286171,8.20735],[98.294048,8.207465],[98.298472,8.20353],[98.306458,8.203646],[98.3084,8.200752],[98.31768,8.199711],[98.324155,8.196354],[98.324694,8.190915],[98.328039,8.185822],[98.33419,8.180614],[98.336888,8.180382],[98.345413,8.187905],[98.353398,8.190799],[98.356204,8.187674],[98.36052,8.187674],[98.362678,8.175637],[98.367211,8.171239],[98.367858,8.160822],[98.372174,8.153531],[98.373577,8.139642],[98.384368,8.128531],[98.388361,8.126795],[98.393109,8.134665],[98.397425,8.138137],[98.404224,8.137095],[98.401526,8.14566],[98.407461,8.152836],[98.40649,8.162558],[98.412425,8.162558],[98.420842,8.15816],[98.423216,8.149248],[98.425805,8.146239],[98.424403,8.140683],[98.427316,8.135244],[98.433359,8.137674],[98.438215,8.145197],[98.441237,8.145892],[98.443395,8.1511],[98.440913,8.15654],[98.43692,8.158392],[98.437244,8.168924],[98.44156,8.181077],[98.444042,8.191493],[98.447172,8.195776],[98.459689,8.196239],[98.468969,8.203414],[98.466595,8.210359],[98.462171,8.213947],[98.462711,8.218113],[98.467566,8.226678],[98.464005,8.240104],[98.454833,8.241377],[98.461524,8.250521],[98.460768,8.259085],[98.45656,8.266493],[98.456775,8.28015],[98.459149,8.285127],[98.466272,8.282002],[98.467782,8.293344],[98.465408,8.297395],[98.473501,8.316608],[98.483105,8.317418],[98.489796,8.316492],[98.496055,8.31846],[98.498536,8.325636],[98.49217,8.33883],[98.498429,8.34265],[98.507169,8.342881],[98.507169,8.338946],[98.511162,8.328761],[98.517097,8.325752],[98.524003,8.332812],[98.528859,8.332117],[98.536197,8.336053],[98.539758,8.342534],[98.547743,8.339988],[98.552167,8.347974],[98.562743,8.35596],[98.567275,8.355381],[98.57008,8.359779],[98.583245,8.35839],[98.593389,8.362094],[98.598676,8.367881],[98.603424,8.370427],[98.608496,8.368344],[98.609252,8.382001],[98.621553,8.382001],[98.623064,8.380612],[98.634071,8.379339],[98.635366,8.375288],[98.643998,8.37795],[98.655976,8.380034],[98.662451,8.384779],[98.661804,8.389293],[98.654574,8.40052],[98.645078,8.407927],[98.645185,8.415566],[98.649178,8.420658],[98.655976,8.424478],[98.662451,8.424941],[98.665257,8.428645],[98.665688,8.436052],[98.663638,8.440103],[98.663746,8.445774],[98.666336,8.45457],[98.663314,8.465566],[98.659214,8.471816],[98.65371,8.475056],[98.654034,8.482464],[98.657055,8.48744],[98.662127,8.490334],[98.662343,8.497857],[98.666875,8.501213],[98.668926,8.509547],[98.674321,8.521352],[98.677558,8.520542],[98.677558,8.528065],[98.681119,8.53744],[98.680472,8.544269],[98.682414,8.553181],[98.68727,8.565796],[98.691802,8.571352],[98.691047,8.575982],[98.696766,8.580843],[98.702593,8.58825],[98.70378,8.592764],[98.707449,8.596352],[98.706478,8.603412],[98.702162,8.612903],[98.703457,8.617995],[98.701514,8.622625],[98.703457,8.632],[98.698924,8.633041],[98.698601,8.641838],[98.693961,8.646236],[98.687918,8.647856],[98.684464,8.656305],[98.677666,8.658851],[98.6754,8.661513],[98.670005,8.661282],[98.661911,8.656421],[98.657595,8.658388],[98.648423,8.65943],[98.643351,8.650055],[98.638603,8.644152],[98.63461,8.642532],[98.629862,8.643921],[98.622524,8.639523],[98.620798,8.636861],[98.61141,8.637439],[98.608712,8.630379],[98.603209,8.628875],[98.593389,8.631074],[98.586806,8.628064],[98.577742,8.633736],[98.574181,8.633967],[98.56393,8.638481],[98.564253,8.641722],[98.553462,8.649129],[98.550117,8.654916],[98.542564,8.657115],[98.539974,8.660009],[98.53911,8.666722],[98.546232,8.674013],[98.550549,8.673319],[98.561556,8.676097],[98.563822,8.680842],[98.569757,8.681421],[98.57267,8.68443],[98.573426,8.691374],[98.581087,8.696583],[98.582166,8.702717],[98.588425,8.705147],[98.594792,8.712555],[98.595979,8.723203],[98.593713,8.73061],[98.59641,8.745656],[98.59695,8.755494],[98.595979,8.759661],[98.598569,8.771119],[98.597597,8.775054],[98.601482,8.782462],[98.599756,8.78605],[98.598676,8.796813],[98.595115,8.800749],[98.587562,8.802485],[98.584324,8.805957],[98.579576,8.803642],[98.570512,8.806651],[98.564469,8.807346],[98.554326,8.815679],[98.555836,8.820772],[98.553031,8.829336],[98.548714,8.830841],[98.54688,8.835586],[98.541484,8.841026],[98.536197,8.842183],[98.532636,8.845193],[98.536305,8.856188],[98.526593,8.860239],[98.523032,8.859082],[98.514831,8.860355],[98.510946,8.865563],[98.507277,8.878294],[98.505335,8.881072],[98.499939,8.880841],[98.474581,8.890216],[98.472854,8.889058],[98.460013,8.889521],[98.452351,8.894498],[98.445985,8.895308],[98.447603,8.902947],[98.454509,8.914289],[98.454509,8.92459],[98.457099,8.932345],[98.455157,8.936627],[98.447927,8.939752],[98.443071,8.945192],[98.449869,8.950748],[98.449006,8.955956],[98.451272,8.965678],[98.463466,8.969497],[98.47976,8.977831],[98.48494,8.978525],[98.494544,8.985122],[98.505443,8.98246],[98.511054,8.996233],[98.504579,9.000747],[98.493573,9.015793],[98.489256,9.015678],[98.489256,9.021696],[98.485156,9.027946],[98.484292,9.035238],[98.479652,9.036858],[98.475336,9.044034],[98.474041,9.048895],[98.474688,9.055377],[98.472962,9.06371],[98.482026,9.06996],[98.485695,9.070191],[98.490335,9.074474],[98.494436,9.082112],[98.491738,9.085469],[98.491738,9.091719],[98.48958,9.10746],[98.485156,9.112899],[98.480623,9.124358],[98.485156,9.131186],[98.483645,9.140098],[98.496162,9.152598],[98.502529,9.153408],[98.503284,9.157806],[98.497349,9.164404],[98.494652,9.172505],[98.49627,9.177251],[98.493141,9.186973],[98.494328,9.19114],[98.498752,9.19438],[98.497349,9.201325],[98.498968,9.203292],[98.500371,9.213362],[98.506522,9.216602],[98.512673,9.226209],[98.517421,9.227482],[98.517636,9.23188],[98.524974,9.235352],[98.524758,9.241834],[98.52724,9.244959],[98.530801,9.257111],[98.526701,9.264634],[98.527672,9.270074],[98.524866,9.288361],[98.527456,9.296926],[98.518284,9.299472],[98.516773,9.303292],[98.50609,9.308847]]],[[[97.867158,9.37505],[97.862734,9.371231],[97.863489,9.365791],[97.870503,9.368106],[97.867158,9.37505]]],[[[97.865,9.423661],[97.856691,9.421578],[97.853022,9.41718],[97.85313,9.412087],[97.846224,9.415559],[97.840612,9.413592],[97.845576,9.403638],[97.851943,9.400629],[97.857015,9.401555],[97.860252,9.396115],[97.869964,9.390444],[97.872554,9.37887],[97.883021,9.381069],[97.881942,9.389055],[97.878596,9.397388],[97.873201,9.398198],[97.874388,9.403291],[97.863489,9.404333],[97.863058,9.407458],[97.870503,9.411856],[97.869424,9.416948],[97.865,9.423661]]],[[[97.833382,9.425513],[97.829066,9.421231],[97.833922,9.419032],[97.833382,9.425513]]],[[[97.886258,9.462318],[97.878596,9.462318],[97.878057,9.458036],[97.870827,9.457573],[97.868993,9.455258],[97.861763,9.454101],[97.855072,9.455837],[97.851727,9.446578],[97.858525,9.443916],[97.860252,9.434656],[97.851619,9.438476],[97.846871,9.437087],[97.850972,9.430953],[97.861223,9.429911],[97.865755,9.431184],[97.868777,9.422157],[97.873417,9.420536],[97.878057,9.424356],[97.871474,9.435235],[97.871367,9.441832],[97.877841,9.442758],[97.879676,9.439749],[97.889495,9.430953],[97.897265,9.428638],[97.901473,9.421346],[97.904387,9.426439],[97.901581,9.434193],[97.894675,9.437087],[97.893272,9.443453],[97.901042,9.445189],[97.899207,9.450629],[97.892409,9.456184],[97.891114,9.461508],[97.886258,9.462318]]]]}},{"type":"Feature","id":"TH83","bbox":[98.258006,7.504345,98.483105,8.199942],"properties":{"ADM1_PCODE":"TH83","ADM1_TH":"ภูเก็ต","ADM1_EN":"Phuket"},"geometry":{"type":"MultiPolygon","coordinates":[[[[98.333327,7.523674],[98.329011,7.520549],[98.328471,7.51534],[98.324586,7.51291],[98.321349,7.504345],[98.326852,7.505965],[98.332032,7.511637],[98.333651,7.516266],[98.333327,7.523674]]],[[[98.378325,7.610594],[98.377462,7.615571],[98.372174,7.613025],[98.36775,7.615108],[98.363434,7.612446],[98.36829,7.607469],[98.359225,7.608395],[98.353182,7.599136],[98.356204,7.589414],[98.362678,7.588488],[98.370016,7.5974],[98.376167,7.601682],[98.375628,7.60608],[98.378325,7.610594]]],[[[98.372714,7.745894],[98.367858,7.749135],[98.364837,7.747399],[98.357175,7.738371],[98.365916,7.739992],[98.37293,7.743001],[98.375196,7.73895],[98.380591,7.738718],[98.383613,7.743117],[98.378973,7.747515],[98.372714,7.745894]]],[[[98.329119,7.752029],[98.334298,7.754691],[98.335593,7.762792],[98.33009,7.759783],[98.329119,7.752029]]],[[[98.392677,7.756079],[98.401094,7.765454],[98.397857,7.767306],[98.389872,7.761635],[98.392677,7.756079]]],[[[98.481055,7.761751],[98.483105,7.767885],[98.481595,7.770778],[98.475336,7.764181],[98.475768,7.759552],[98.481055,7.761751]]],[[[98.37088,7.795431],[98.364837,7.795084],[98.362678,7.791612],[98.357607,7.789991],[98.355341,7.786403],[98.362355,7.780501],[98.37293,7.780501],[98.378002,7.778764],[98.3889,7.781427],[98.383289,7.793348],[98.377246,7.793348],[98.37088,7.795431]]],[[[98.437783,7.94462],[98.435517,7.946125],[98.425482,7.940916],[98.416633,7.943],[98.415338,7.934435],[98.417389,7.928879],[98.422244,7.930615],[98.430769,7.928185],[98.436489,7.930037],[98.439294,7.935361],[98.437783,7.94462]]],[[[98.449438,7.961402],[98.445877,7.960129],[98.445229,7.955268],[98.451056,7.956194],[98.449438,7.961402]]],[[[98.462711,8.06279],[98.458394,8.063253],[98.456452,8.059318],[98.459149,8.049943],[98.464545,8.046008],[98.465732,8.038485],[98.470588,8.039064],[98.471667,8.048323],[98.468106,8.061517],[98.462711,8.06279]]],[[[98.450517,8.057814],[98.449869,8.064411],[98.443826,8.061633],[98.444042,8.057466],[98.450517,8.057814]]],[[[98.297609,8.199016],[98.286063,8.199942],[98.283904,8.196702],[98.288545,8.18478],[98.295451,8.155961],[98.297825,8.139179],[98.301062,8.122512],[98.301602,8.108508],[98.300091,8.102836],[98.29653,8.098438],[98.298256,8.093924],[98.296314,8.087906],[98.290703,8.083276],[98.283257,8.082698],[98.272466,8.0783],[98.27074,8.074596],[98.270847,8.068114],[98.276567,8.062559],[98.277646,8.048207],[98.276027,8.041147],[98.271927,8.039874],[98.275811,8.03374],[98.283473,8.035476],[98.288437,8.028763],[98.291134,8.01742],[98.292537,8.002258],[98.289192,7.989643],[98.28412,7.984782],[98.278185,7.985592],[98.277862,7.978763],[98.279912,7.963717],[98.283473,7.959666],[98.281854,7.95249],[98.277322,7.949365],[98.273761,7.950291],[98.268689,7.946819],[98.262107,7.948324],[98.262323,7.944388],[98.258006,7.935476],[98.261351,7.934782],[98.26092,7.928301],[98.266099,7.925639],[98.275919,7.924134],[98.28153,7.917537],[98.285415,7.915685],[98.290379,7.916611],[98.296962,7.906889],[98.294156,7.893463],[98.289408,7.886403],[98.280775,7.888486],[98.275703,7.886287],[98.271603,7.886981],[98.270416,7.890685],[98.262538,7.890338],[98.26092,7.885824],[98.265884,7.880037],[98.271063,7.882699],[98.275595,7.876218],[98.272898,7.868579],[98.276782,7.864181],[98.281315,7.865569],[98.282502,7.859551],[98.289192,7.858394],[98.292214,7.84925],[98.294372,7.829922],[98.290595,7.82726],[98.298149,7.818926],[98.298796,7.803533],[98.292429,7.792885],[98.286171,7.792422],[98.284768,7.787792],[98.290595,7.784667],[98.286818,7.779459],[98.288437,7.775524],[98.303652,7.777954],[98.306242,7.774019],[98.306026,7.768116],[98.303544,7.763371],[98.311206,7.758626],[98.318759,7.762098],[98.317356,7.767075],[98.320486,7.771126],[98.327716,7.775061],[98.335054,7.775177],[98.338615,7.780964],[98.333327,7.786288],[98.333759,7.791264],[98.337212,7.798788],[98.339586,7.807815],[98.343578,7.816264],[98.345521,7.823324],[98.348758,7.827491],[98.356096,7.832352],[98.361923,7.833972],[98.367211,7.839296],[98.375196,7.839181],[98.380052,7.8305],[98.380699,7.824945],[98.385555,7.81557],[98.390087,7.811403],[98.39462,7.814412],[98.402497,7.806195],[98.411022,7.803186],[98.41059,7.808394],[98.406382,7.80851],[98.402281,7.811982],[98.40649,7.81719],[98.40185,7.832005],[98.402821,7.835246],[98.407892,7.835014],[98.407677,7.839065],[98.398181,7.839181],[98.395807,7.842537],[98.39408,7.85388],[98.395807,7.860245],[98.400447,7.861171],[98.399044,7.871009],[98.409295,7.877838],[98.413935,7.876565],[98.41372,7.871356],[98.433899,7.877838],[98.439618,7.882583],[98.440589,7.887792],[98.438107,7.895778],[98.441344,7.906773],[98.441129,7.915222],[98.432604,7.911634],[98.428611,7.896704],[98.422892,7.897282],[98.422352,7.903995],[98.416309,7.908856],[98.412856,7.916958],[98.414367,7.921703],[98.412209,7.928532],[98.407461,7.935939],[98.398612,7.943115],[98.396454,7.955615],[98.393541,7.95712],[98.393109,7.963485],[98.397641,7.967652],[98.39462,7.970314],[98.395699,7.974597],[98.392785,7.978416],[98.39872,7.981309],[98.399691,7.986055],[98.406813,7.990221],[98.412317,7.991147],[98.418036,7.98918],[98.42095,7.983856],[98.424834,7.985013],[98.415015,7.996008],[98.410482,8.002606],[98.410159,8.028763],[98.417281,8.036633],[98.420734,8.046124],[98.427748,8.042883],[98.431848,8.046008],[98.429366,8.053415],[98.434438,8.065221],[98.442747,8.066031],[98.444042,8.069851],[98.436596,8.075522],[98.436165,8.086517],[98.439078,8.088022],[98.438647,8.093346],[98.433035,8.095661],[98.432388,8.098786],[98.424618,8.094619],[98.416202,8.084897],[98.412209,8.085128],[98.405087,8.079688],[98.386526,8.085012],[98.382426,8.091957],[98.375628,8.100869],[98.373361,8.111633],[98.373577,8.118577],[98.366995,8.120197],[98.360304,8.113716],[98.351456,8.112906],[98.353722,8.121123],[98.350808,8.125406],[98.346168,8.122165],[98.345629,8.134433],[98.347787,8.137558],[98.346924,8.144156],[98.342391,8.145082],[98.340665,8.151331],[98.341312,8.157581],[98.336996,8.172975],[98.332572,8.17228],[98.320378,8.180382],[98.316169,8.185706],[98.309479,8.186979],[98.302033,8.196933],[98.297609,8.199016]]]]}},{"type":"Feature","id":"TH84","bbox":[98.443071,8.300752,100.090417,10.125508],"properties":{"ADM1_PCODE":"TH84","ADM1_TH":"สุราษฎร์ธานี","ADM1_EN":"Surat Thani"},"geometry":{"type":"MultiPolygon","coordinates":[[[[99.963947,9.309889],[99.957365,9.310004],[99.960062,9.303407],[99.963947,9.309889]]],[[[99.915712,9.3085],[99.91528,9.314518],[99.909237,9.313708],[99.915712,9.3085]]],[[[99.982616,9.37806],[99.976681,9.37806],[99.976788,9.373314],[99.971933,9.369148],[99.977652,9.36718],[99.982616,9.37806]]],[[[99.953156,9.396115],[99.9483,9.395652],[99.938481,9.386856],[99.934272,9.380722],[99.932977,9.368685],[99.927366,9.356185],[99.935999,9.356648],[99.944092,9.354912],[99.957257,9.360351],[99.96017,9.366717],[99.959307,9.371231],[99.951538,9.378638],[99.950998,9.381185],[99.954127,9.389171],[99.953156,9.396115]]],[[[99.667196,9.378638],[99.670865,9.385698],[99.676153,9.390328],[99.676908,9.394263],[99.674426,9.402596],[99.668167,9.403522],[99.66439,9.398546],[99.663743,9.388129],[99.662232,9.385235],[99.667196,9.378638]]],[[[99.672052,9.42505],[99.675829,9.428406],[99.673887,9.43292],[99.67011,9.43292],[99.666441,9.428985],[99.672052,9.42505]]],[[[99.678311,9.46174],[99.681548,9.463128],[99.682088,9.468337],[99.675074,9.473545],[99.669786,9.473314],[99.666872,9.467411],[99.669462,9.464517],[99.678311,9.46174]]],[[[99.689965,9.553521],[99.682627,9.550512],[99.682196,9.542873],[99.668167,9.538128],[99.661693,9.529448],[99.66234,9.517179],[99.661153,9.514401],[99.667628,9.512202],[99.672484,9.507457],[99.681548,9.505721],[99.693634,9.507225],[99.699785,9.510119],[99.701511,9.513475],[99.701403,9.521461],[99.707662,9.530721],[99.705072,9.536045],[99.704533,9.542295],[99.708094,9.546693],[99.704749,9.548892],[99.693418,9.549702],[99.689965,9.553521]]],[[[99.664175,9.543105],[99.666872,9.549586],[99.666333,9.557688],[99.662232,9.555373],[99.658671,9.544609],[99.664175,9.543105]]],[[[100.069159,9.593567],[100.068943,9.583614],[100.062684,9.570535],[100.061066,9.563012],[100.056426,9.558845],[100.050599,9.557341],[100.039808,9.561507],[100.033873,9.559771],[100.026966,9.561507],[100.018657,9.566484],[100.019521,9.570535],[100.014665,9.572156],[100.009593,9.569956],[99.999773,9.570419],[99.995133,9.572619],[99.986932,9.580142],[99.9824,9.587317],[99.967508,9.583498],[99.962652,9.580952],[99.951861,9.578984],[99.940099,9.578521],[99.923373,9.574355],[99.917978,9.576554],[99.915172,9.570767],[99.927474,9.558035],[99.92974,9.552827],[99.934704,9.533961],[99.935135,9.524239],[99.932438,9.516716],[99.935243,9.505374],[99.932653,9.49623],[99.927366,9.491485],[99.922618,9.490906],[99.932761,9.467758],[99.935459,9.44623],[99.934056,9.437434],[99.937078,9.428522],[99.935243,9.425629],[99.9292,9.427944],[99.9292,9.417295],[99.935675,9.417758],[99.941502,9.422041],[99.947977,9.42042],[99.949703,9.422041],[99.958012,9.41961],[99.962329,9.411508],[99.965782,9.408846],[99.975709,9.416601],[99.984234,9.421462],[100.000421,9.424356],[100.009377,9.41961],[100.016175,9.423893],[100.021139,9.433615],[100.0247,9.444263],[100.029556,9.450976],[100.033549,9.450513],[100.040563,9.454101],[100.049088,9.467758],[100.055994,9.471346],[100.064627,9.47123],[100.068943,9.466832],[100.074015,9.470767],[100.070454,9.472966],[100.07067,9.47748],[100.066353,9.478406],[100.066785,9.486392],[100.061929,9.490096],[100.060095,9.499239],[100.056857,9.500975],[100.055994,9.505952],[100.058044,9.518684],[100.062576,9.528869],[100.069375,9.533151],[100.071641,9.538822],[100.077144,9.540559],[100.075418,9.547156],[100.078008,9.55248],[100.084698,9.559308],[100.088367,9.560003],[100.090417,9.570072],[100.080382,9.574586],[100.080705,9.587202],[100.073691,9.587086],[100.069159,9.593567]]],[[[99.669354,9.641252],[99.66439,9.641137],[99.661153,9.63697],[99.665038,9.633382],[99.667628,9.624817],[99.667088,9.616947],[99.672484,9.607456],[99.679929,9.607688],[99.684677,9.615558],[99.683383,9.618336],[99.681224,9.631762],[99.674858,9.632919],[99.669354,9.641252]]],[[[99.668167,9.651669],[99.668707,9.656646],[99.664175,9.661391],[99.659103,9.653868],[99.66493,9.649123],[99.668167,9.651669]]],[[[99.689102,9.6644],[99.680145,9.665673],[99.678527,9.662896],[99.678203,9.653868],[99.68198,9.653405],[99.689102,9.6644]]],[[[99.668491,9.665326],[99.665038,9.67065],[99.66234,9.666136],[99.668491,9.665326]]],[[[99.677232,9.704794],[99.670326,9.694956],[99.675074,9.692178],[99.678958,9.693451],[99.676153,9.701206],[99.677232,9.704794]]],[[[99.950135,9.706761],[99.94366,9.706182],[99.946034,9.702132],[99.950135,9.706761]]],[[[99.159266,9.702132],[99.156245,9.702132],[99.156029,9.695766],[99.146317,9.698659],[99.141137,9.704678],[99.134555,9.707571],[99.121606,9.70352],[99.113728,9.703636],[99.110275,9.705604],[99.091823,9.70572],[99.079197,9.69646],[99.072183,9.697965],[99.067435,9.7019],[99.063551,9.698428],[99.058479,9.688706],[99.051357,9.689284],[99.039487,9.684539],[99.039379,9.688359],[99.034307,9.69403],[99.027832,9.694956],[99.025243,9.698196],[99.019416,9.694724],[99.010675,9.699007],[99.002582,9.691715],[98.997942,9.690558],[98.993841,9.680372],[98.987258,9.674701],[98.979813,9.672965],[98.978194,9.681414],[98.968806,9.677363],[98.963195,9.680951],[98.955965,9.681067],[98.950461,9.678636],[98.948303,9.681993],[98.939239,9.68153],[98.935138,9.688127],[98.93244,9.689284],[98.93298,9.695997],[98.926721,9.700858],[98.920786,9.70734],[98.918628,9.712548],[98.915499,9.714631],[98.91388,9.719956],[98.910427,9.723196],[98.903413,9.724354],[98.899312,9.71984],[98.895751,9.720071],[98.881939,9.726437],[98.875141,9.731414],[98.870716,9.730604],[98.862623,9.726205],[98.862191,9.719608],[98.858091,9.712895],[98.849674,9.70653],[98.834459,9.701321],[98.832948,9.705257],[98.819136,9.704331],[98.815359,9.69727],[98.810826,9.692641],[98.80241,9.687433],[98.796798,9.687548],[98.789676,9.684308],[98.787302,9.693567],[98.778993,9.691021],[98.777806,9.687896],[98.76885,9.686738],[98.767123,9.679678],[98.768526,9.66903],[98.766907,9.654447],[98.764318,9.641831],[98.767447,9.640558],[98.768526,9.633961],[98.763778,9.625512],[98.755685,9.614516],[98.750397,9.611507],[98.747484,9.602942],[98.739606,9.600859],[98.738851,9.593683],[98.74047,9.590905],[98.737556,9.585813],[98.743491,9.578868],[98.750721,9.575281],[98.75698,9.576322],[98.760217,9.568336],[98.757843,9.559656],[98.768418,9.544609],[98.763562,9.536739],[98.755469,9.537897],[98.747484,9.535119],[98.745649,9.530952],[98.740685,9.525628],[98.73529,9.522966],[98.734319,9.516716],[98.728599,9.514286],[98.724499,9.510119],[98.723851,9.503175],[98.717161,9.499355],[98.715758,9.486739],[98.706046,9.486855],[98.702593,9.480489],[98.69709,9.475513],[98.694932,9.470304],[98.688457,9.468568],[98.683817,9.469378],[98.677558,9.46498],[98.670868,9.465559],[98.665688,9.459656],[98.666983,9.451786],[98.672918,9.447272],[98.676371,9.440559],[98.681443,9.437434],[98.67799,9.4313],[98.673889,9.429101],[98.671407,9.424587],[98.666767,9.421694],[98.660185,9.420768],[98.650905,9.428522],[98.647452,9.424934],[98.647883,9.413708],[98.653602,9.404911],[98.654358,9.400166],[98.648854,9.38755],[98.654897,9.387782],[98.658242,9.385814],[98.664717,9.386161],[98.669465,9.389171],[98.673566,9.388708],[98.674968,9.380606],[98.670868,9.372504],[98.671947,9.366833],[98.667199,9.356416],[98.663422,9.354564],[98.659861,9.348083],[98.656084,9.347736],[98.643243,9.352828],[98.637524,9.356648],[98.634179,9.356416],[98.618856,9.346694],[98.616158,9.343453],[98.61141,9.342296],[98.604935,9.344495],[98.596842,9.349588],[98.590044,9.356648],[98.590044,9.36475],[98.574936,9.36556],[98.571807,9.361625],[98.566519,9.359078],[98.562419,9.360467],[98.547851,9.361162],[98.540621,9.354564],[98.539434,9.350282],[98.530693,9.345305],[98.526161,9.338361],[98.515262,9.330375],[98.511917,9.326092],[98.512349,9.322041],[98.506306,9.315676],[98.50609,9.308847],[98.516773,9.303292],[98.518284,9.299472],[98.527456,9.296926],[98.524866,9.288361],[98.527672,9.270074],[98.526701,9.264634],[98.530801,9.257111],[98.52724,9.244959],[98.524758,9.241834],[98.524974,9.235352],[98.517636,9.23188],[98.517421,9.227482],[98.512673,9.226209],[98.506522,9.216602],[98.500371,9.213362],[98.498968,9.203292],[98.497349,9.201325],[98.498752,9.19438],[98.494328,9.19114],[98.493141,9.186973],[98.49627,9.177251],[98.494652,9.172505],[98.497349,9.164404],[98.503284,9.157806],[98.502529,9.153408],[98.496162,9.152598],[98.483645,9.140098],[98.485156,9.131186],[98.480623,9.124358],[98.485156,9.112899],[98.48958,9.10746],[98.491738,9.091719],[98.491738,9.085469],[98.494436,9.082112],[98.490335,9.074474],[98.485695,9.070191],[98.482026,9.06996],[98.472962,9.06371],[98.474688,9.055377],[98.474041,9.048895],[98.475336,9.044034],[98.479652,9.036858],[98.484292,9.035238],[98.485156,9.027946],[98.489256,9.021696],[98.489256,9.015678],[98.493573,9.015793],[98.504579,9.000747],[98.511054,8.996233],[98.505443,8.98246],[98.494544,8.985122],[98.48494,8.978525],[98.47976,8.977831],[98.463466,8.969497],[98.451272,8.965678],[98.449006,8.955956],[98.449869,8.950748],[98.443071,8.945192],[98.447927,8.939752],[98.455157,8.936627],[98.457099,8.932345],[98.454509,8.92459],[98.454509,8.914289],[98.447603,8.902947],[98.445985,8.895308],[98.452351,8.894498],[98.460013,8.889521],[98.472854,8.889058],[98.474581,8.890216],[98.499939,8.880841],[98.505335,8.881072],[98.507277,8.878294],[98.510946,8.865563],[98.514831,8.860355],[98.523032,8.859082],[98.526593,8.860239],[98.536305,8.856188],[98.532636,8.845193],[98.536197,8.842183],[98.541484,8.841026],[98.54688,8.835586],[98.548714,8.830841],[98.553031,8.829336],[98.555836,8.820772],[98.554326,8.815679],[98.564469,8.807346],[98.570512,8.806651],[98.579576,8.803642],[98.584324,8.805957],[98.587562,8.802485],[98.595115,8.800749],[98.598676,8.796813],[98.599756,8.78605],[98.601482,8.782462],[98.597597,8.775054],[98.598569,8.771119],[98.595979,8.759661],[98.59695,8.755494],[98.59641,8.745656],[98.593713,8.73061],[98.595979,8.723203],[98.594792,8.712555],[98.588425,8.705147],[98.582166,8.702717],[98.581087,8.696583],[98.573426,8.691374],[98.57267,8.68443],[98.569757,8.681421],[98.563822,8.680842],[98.561556,8.676097],[98.550549,8.673319],[98.546232,8.674013],[98.53911,8.666722],[98.539974,8.660009],[98.542564,8.657115],[98.550117,8.654916],[98.553462,8.649129],[98.564253,8.641722],[98.56393,8.638481],[98.574181,8.633967],[98.577742,8.633736],[98.586806,8.628064],[98.593389,8.631074],[98.603209,8.628875],[98.608712,8.630379],[98.61141,8.637439],[98.620798,8.636861],[98.622524,8.639523],[98.629862,8.643921],[98.63461,8.642532],[98.638603,8.644152],[98.643351,8.650055],[98.648423,8.65943],[98.657595,8.658388],[98.661911,8.656421],[98.670005,8.661282],[98.6754,8.661513],[98.677666,8.658851],[98.684464,8.656305],[98.687918,8.647856],[98.693961,8.646236],[98.698601,8.641838],[98.698924,8.633041],[98.703457,8.632],[98.706694,8.628527],[98.713168,8.633157],[98.716945,8.63362],[98.723204,8.630842],[98.729355,8.642416],[98.732592,8.646351],[98.736801,8.658967],[98.741225,8.663828],[98.747699,8.675171],[98.756116,8.673666],[98.768202,8.673898],[98.771224,8.672972],[98.773598,8.666027],[98.777375,8.662324],[98.782015,8.660935],[98.784173,8.653527],[98.786763,8.650865],[98.798525,8.651328],[98.801438,8.659083],[98.81428,8.66568],[98.841041,8.677948],[98.853559,8.678759],[98.85917,8.680726],[98.870932,8.680263],[98.883881,8.681768],[98.887982,8.681305],[98.893054,8.673203],[98.891111,8.670078],[98.892838,8.661976],[98.897694,8.657694],[98.901902,8.649708],[98.899852,8.642301],[98.903629,8.634893],[98.902442,8.632463],[98.908053,8.625171],[98.909132,8.620889],[98.919707,8.61487],[98.916686,8.601676],[98.919707,8.595079],[98.926398,8.594384],[98.937728,8.577949],[98.938915,8.571352],[98.938376,8.564639],[98.931901,8.550866],[98.934922,8.539523],[98.941721,8.532926],[98.943124,8.522625],[98.943447,8.506306],[98.945929,8.4967],[98.950785,8.49207],[98.947116,8.478876],[98.948519,8.472047],[98.945713,8.467417],[98.944526,8.460126],[98.941073,8.457117],[98.9428,8.452718],[98.938807,8.443459],[98.939239,8.438598],[98.942152,8.436862],[98.948087,8.42251],[98.955965,8.422047],[98.965892,8.418228],[98.972151,8.418691],[98.974201,8.410821],[98.992438,8.400751],[98.993625,8.394501],[98.998481,8.392418],[99.008732,8.382927],[99.014668,8.381886],[99.022869,8.375404],[99.028264,8.366376],[99.035386,8.366376],[99.036141,8.362325],[99.041645,8.362788],[99.047472,8.360937],[99.061824,8.359548],[99.065061,8.361168],[99.084053,8.363367],[99.098189,8.365682],[99.105635,8.364872],[99.118908,8.366376],[99.124519,8.367997],[99.129267,8.36383],[99.141245,8.360705],[99.148691,8.359779],[99.156568,8.363136],[99.164014,8.369038],[99.170597,8.367534],[99.179985,8.371932],[99.183546,8.370775],[99.186028,8.362904],[99.200596,8.366029],[99.205559,8.355844],[99.209876,8.342302],[99.20966,8.335937],[99.215271,8.330034],[99.231673,8.317881],[99.256816,8.302719],[99.263938,8.300752],[99.269981,8.302835],[99.274298,8.302256],[99.280988,8.30434],[99.282391,8.310937],[99.287463,8.310127],[99.290376,8.312557],[99.287031,8.31765],[99.282823,8.316145],[99.283038,8.32309],[99.280988,8.333159],[99.282283,8.336978],[99.274729,8.343113],[99.275701,8.349247],[99.267176,8.35133],[99.261456,8.35052],[99.257895,8.357349],[99.25196,8.358969],[99.249694,8.364525],[99.240846,8.367071],[99.241277,8.373089],[99.238796,8.37471],[99.239659,8.380265],[99.23599,8.385705],[99.237501,8.391839],[99.235558,8.399941],[99.239767,8.39971],[99.244838,8.404339],[99.249155,8.411399],[99.249802,8.421237],[99.253795,8.423436],[99.253579,8.42714],[99.257032,8.433853],[99.261888,8.436631],[99.25919,8.44508],[99.259622,8.44832],[99.26437,8.449593],[99.270197,8.457811],[99.278075,8.456422],[99.277751,8.46163],[99.28606,8.466144],[99.286276,8.469385],[99.303649,8.474478],[99.3098,8.473667],[99.318541,8.475288],[99.320159,8.480612],[99.328792,8.487788],[99.329547,8.49288],[99.336238,8.494964],[99.345302,8.494848],[99.350482,8.493459],[99.35005,8.498899],[99.364618,8.501792],[99.364186,8.505496],[99.374654,8.510357],[99.377459,8.515912],[99.383718,8.515102],[99.389653,8.516375],[99.389545,8.512325],[99.394833,8.513019],[99.395156,8.522973],[99.393754,8.529686],[99.397422,8.53119],[99.400983,8.536861],[99.400876,8.544153],[99.405516,8.549014],[99.412961,8.552718],[99.415551,8.557232],[99.414796,8.56707],[99.421918,8.572162],[99.423752,8.577139],[99.428285,8.579338],[99.429256,8.583505],[99.433572,8.58281],[99.442421,8.59913],[99.452456,8.598551],[99.456665,8.607347],[99.453643,8.61406],[99.448679,8.619384],[99.449759,8.62737],[99.448679,8.631768],[99.454399,8.639291],[99.454722,8.642763],[99.461736,8.649824],[99.465405,8.650634],[99.470909,8.645888],[99.479865,8.64693],[99.481592,8.651444],[99.47911,8.657925],[99.484397,8.662092],[99.489361,8.671236],[99.496375,8.67193],[99.492922,8.680263],[99.498534,8.68524],[99.49616,8.693921],[99.492059,8.69693],[99.50231,8.702833],[99.507274,8.706999],[99.507058,8.712207],[99.513965,8.717069],[99.521842,8.719268],[99.524324,8.732115],[99.530475,8.751328],[99.529719,8.760124],[99.523569,8.762207],[99.521303,8.767763],[99.523569,8.776906],[99.522058,8.790795],[99.525619,8.806188],[99.527561,8.811049],[99.527238,8.816026],[99.520547,8.824591],[99.5199,8.832461],[99.517526,8.836165],[99.521626,8.845193],[99.534144,8.850632],[99.540834,8.851674],[99.543856,8.848202],[99.552704,8.848665],[99.559502,8.850864],[99.559502,8.860818],[99.554647,8.870077],[99.55346,8.876095],[99.560042,8.878757],[99.57407,8.892067],[99.575797,8.898549],[99.576228,8.911049],[99.579789,8.911165],[99.587559,8.920076],[99.593386,8.919961],[99.595868,8.925401],[99.60094,8.92459],[99.603206,8.927715],[99.614213,8.927831],[99.618421,8.924243],[99.61691,8.918109],[99.620687,8.913827],[99.625111,8.911975],[99.631154,8.912785],[99.636766,8.921928],[99.641622,8.927484],[99.653168,8.924822],[99.664175,8.924243],[99.670649,8.928873],[99.676584,8.930377],[99.68662,8.930956],[99.692123,8.932461],[99.69644,8.935817],[99.698058,8.943224],[99.694929,8.952368],[99.688562,8.959544],[99.692015,8.962553],[99.693202,8.972159],[99.696763,8.975053],[99.705288,8.971928],[99.713381,8.971118],[99.717806,8.977252],[99.722446,8.977368],[99.725144,8.981071],[99.72482,8.985933],[99.730971,8.994266],[99.731079,9.006187],[99.733776,9.013594],[99.737014,9.014405],[99.74079,9.023317],[99.744244,9.025168],[99.742841,9.032229],[99.740035,9.037553],[99.743812,9.041719],[99.744891,9.048548],[99.741114,9.056071],[99.747373,9.067298],[99.752768,9.069265],[99.756869,9.068571],[99.764207,9.07239],[99.766905,9.081881],[99.764315,9.087784],[99.769279,9.090793],[99.771976,9.098779],[99.758811,9.106881],[99.753416,9.109311],[99.744351,9.109659],[99.74079,9.114172],[99.737229,9.113015],[99.724928,9.112552],[99.73356,9.122158],[99.733345,9.129103],[99.728489,9.135932],[99.72428,9.13732],[99.724388,9.141024],[99.719964,9.145075],[99.722122,9.150862],[99.720503,9.155492],[99.727302,9.16151],[99.733237,9.163478],[99.738956,9.170769],[99.742085,9.180723],[99.741546,9.192297],[99.739064,9.199589],[99.747157,9.204102],[99.747157,9.213593],[99.753632,9.220306],[99.750934,9.226672],[99.750934,9.241718],[99.749747,9.254797],[99.748128,9.263014],[99.757732,9.267296],[99.762804,9.267875],[99.767336,9.261857],[99.771545,9.260931],[99.773163,9.272273],[99.771221,9.280838],[99.767228,9.282227],[99.763236,9.291486],[99.765825,9.297968],[99.764099,9.30225],[99.764423,9.312088],[99.769063,9.322852],[99.759027,9.315097],[99.750394,9.318338],[99.744999,9.323893],[99.740359,9.325051],[99.734963,9.320653],[99.730755,9.312319],[99.72482,9.311972],[99.713381,9.316833],[99.707015,9.320768],[99.698274,9.32262],[99.688778,9.328291],[99.688346,9.334657],[99.681116,9.321],[99.68349,9.318338],[99.681656,9.311856],[99.667088,9.303176],[99.660937,9.304565],[99.654139,9.302713],[99.648959,9.30468],[99.64065,9.299935],[99.6345,9.291949],[99.628133,9.288824],[99.623385,9.283153],[99.62263,9.27887],[99.614752,9.269958],[99.610328,9.267875],[99.599861,9.267181],[99.582271,9.268917],[99.572883,9.271579],[99.565222,9.275514],[99.559287,9.27644],[99.548388,9.28269],[99.536949,9.286162],[99.529504,9.284194],[99.519684,9.275745],[99.513749,9.26556],[99.508245,9.258732],[99.505116,9.249125],[99.49616,9.227713],[99.499073,9.222274],[99.493678,9.216602],[99.485477,9.210468],[99.481052,9.211626],[99.471772,9.206996],[99.466592,9.198663],[99.462923,9.1982],[99.448787,9.200052],[99.440694,9.202019],[99.416199,9.205723],[99.411882,9.203639],[99.402926,9.202945],[99.387711,9.194727],[99.382855,9.193107],[99.378754,9.195885],[99.373035,9.192991],[99.368934,9.197968],[99.362999,9.197505],[99.358899,9.206649],[99.362783,9.215908],[99.347784,9.209542],[99.339259,9.210815],[99.342604,9.218801],[99.335267,9.226556],[99.330519,9.222621],[99.320267,9.219149],[99.314224,9.222158],[99.316382,9.228061],[99.322641,9.232806],[99.31703,9.234889],[99.318109,9.238593],[99.322641,9.242065],[99.31962,9.246116],[99.308613,9.243223],[99.302246,9.236047],[99.293721,9.236625],[99.291779,9.231649],[99.285736,9.23188],[99.276348,9.221695],[99.272895,9.222158],[99.266744,9.21857],[99.261996,9.220769],[99.259946,9.226903],[99.253471,9.231301],[99.248723,9.231649],[99.243112,9.236394],[99.239659,9.235121],[99.226602,9.253639],[99.224012,9.255954],[99.224551,9.27019],[99.226494,9.276787],[99.218293,9.291949],[99.215379,9.306417],[99.216566,9.330722],[99.22153,9.340328],[99.229731,9.343106],[99.238688,9.348662],[99.239767,9.353754],[99.262536,9.361046],[99.262428,9.368569],[99.26491,9.372041],[99.272571,9.375398],[99.279585,9.391485],[99.294153,9.404217],[99.313253,9.392759],[99.309692,9.399124],[99.301599,9.409541],[99.279801,9.42968],[99.269981,9.440675],[99.261456,9.45167],[99.244838,9.479332],[99.240846,9.488591],[99.233292,9.509887],[99.231781,9.515674],[99.220019,9.540096],[99.209876,9.569378],[99.208257,9.580373],[99.20912,9.602016],[99.19984,9.613128],[99.18387,9.634655],[99.177827,9.643567],[99.16941,9.658961],[99.163151,9.675627],[99.15959,9.696345],[99.159266,9.702132]]],[[[100.027074,9.803983],[100.016283,9.801899],[100.011859,9.793219],[100.007327,9.787663],[100.002687,9.787663],[99.995888,9.79183],[99.996536,9.794492],[99.992327,9.802941],[99.988119,9.79808],[99.982616,9.799469],[99.979162,9.794376],[99.973227,9.791251],[99.972364,9.786275],[99.9674,9.785696],[99.96535,9.774469],[99.961465,9.771923],[99.961897,9.760465],[99.965458,9.749353],[99.971717,9.751321],[99.975386,9.746923],[99.97981,9.73153],[99.975817,9.72933],[99.976573,9.722849],[99.981536,9.718682],[99.981321,9.713127],[99.985637,9.708613],[99.991356,9.705372],[99.997831,9.70653],[100.004629,9.703868],[100.015204,9.7019],[100.024161,9.697155],[100.039592,9.69322],[100.04229,9.689169],[100.04898,9.684539],[100.059123,9.679794],[100.064519,9.672039],[100.068188,9.67065],[100.07013,9.666368],[100.075634,9.665789],[100.068404,9.674701],[100.068727,9.678868],[100.075526,9.680951],[100.078331,9.683613],[100.073691,9.689979],[100.077144,9.693451],[100.07995,9.70028],[100.07531,9.713937],[100.076928,9.719261],[100.077576,9.72933],[100.081029,9.733613],[100.079302,9.745071],[100.074554,9.749932],[100.076173,9.754099],[100.071857,9.761853],[100.07272,9.766483],[100.068512,9.768682],[100.057073,9.771691],[100.056318,9.781992],[100.062576,9.786043],[100.05416,9.791714],[100.038405,9.794261],[100.033765,9.793566],[100.030851,9.802941],[100.027074,9.803983]]],[[[99.827981,10.124467],[99.823233,10.125045],[99.820643,10.118911],[99.819996,10.11162],[99.822586,10.106643],[99.82701,10.104791],[99.827981,10.0953],[99.823989,10.084305],[99.815788,10.078981],[99.815032,10.069143],[99.821615,10.064745],[99.824852,10.067407],[99.838341,10.064398],[99.83942,10.072731],[99.846326,10.07412],[99.848808,10.081411],[99.847837,10.083611],[99.856146,10.089629],[99.849887,10.100046],[99.84611,10.103286],[99.850426,10.110578],[99.83888,10.125508],[99.835643,10.120879],[99.827981,10.124467]]]]}},{"type":"Feature","id":"TH85","bbox":[98.32955,9.307111,98.964921,10.788351],"properties":{"ADM1_PCODE":"TH85","ADM1_TH":"ระนอง","ADM1_EN":"Ranong"},"geometry":{"type":"MultiPolygon","coordinates":[[[[98.352967,9.440675],[98.348974,9.440443],[98.347787,9.435351],[98.354477,9.43674],[98.352967,9.440675]]],[[[98.381886,9.478406],[98.384692,9.483962],[98.380052,9.48917],[98.376167,9.490212],[98.370556,9.495073],[98.368613,9.491716],[98.371311,9.480258],[98.377894,9.47667],[98.381886,9.478406]]],[[[98.331169,9.467642],[98.342391,9.47424],[98.345737,9.484425],[98.351564,9.489054],[98.351995,9.498661],[98.354585,9.505258],[98.347895,9.502827],[98.339478,9.494494],[98.337536,9.487665],[98.331169,9.478869],[98.32955,9.471346],[98.331169,9.467642]]],[[[98.354477,9.51035],[98.36052,9.512434],[98.358794,9.517642],[98.354261,9.515674],[98.354477,9.51035]]],[[[98.385447,9.57204],[98.380699,9.567294],[98.384044,9.564517],[98.385447,9.57204]]],[[[98.515478,9.57748],[98.512781,9.572156],[98.520442,9.572271],[98.521521,9.576091],[98.515478,9.57748]]],[[[98.477926,9.581993],[98.472854,9.581993],[98.472099,9.577827],[98.47976,9.575512],[98.481379,9.572271],[98.48699,9.573197],[98.486882,9.579563],[98.477926,9.581993]]],[[[98.46789,9.574007],[98.47048,9.576438],[98.474149,9.585697],[98.470588,9.588128],[98.462818,9.584771],[98.460984,9.579216],[98.464869,9.573544],[98.46789,9.574007]]],[[[98.503608,9.709192],[98.497242,9.70572],[98.502745,9.702363],[98.50814,9.696229],[98.513536,9.698196],[98.514939,9.70271],[98.508356,9.704794],[98.503608,9.709192]]],[[[98.415015,9.770418],[98.408864,9.771344],[98.406058,9.764631],[98.408864,9.759076],[98.406598,9.748196],[98.400015,9.744029],[98.389008,9.747386],[98.37962,9.73153],[98.386203,9.731067],[98.391922,9.724354],[98.396778,9.7144],[98.396562,9.711159],[98.391059,9.707571],[98.390519,9.704215],[98.401202,9.70572],[98.403576,9.711044],[98.417173,9.718104],[98.420734,9.722039],[98.422784,9.729099],[98.426345,9.733381],[98.422568,9.736969],[98.421489,9.744955],[98.419115,9.748196],[98.415015,9.758844],[98.415015,9.770418]]],[[[98.45807,9.86301],[98.450948,9.874584],[98.446956,9.866714],[98.436596,9.856876],[98.441344,9.844376],[98.441344,9.833612],[98.43228,9.830719],[98.433035,9.825163],[98.430446,9.821228],[98.433683,9.811853],[98.433143,9.804214],[98.438215,9.797501],[98.445661,9.7997],[98.44879,9.796691],[98.451164,9.79021],[98.454294,9.790557],[98.45602,9.795649],[98.453107,9.797386],[98.452675,9.803636],[98.454725,9.816135],[98.458286,9.817409],[98.464221,9.81521],[98.468861,9.824122],[98.46789,9.831645],[98.465085,9.834307],[98.464869,9.840094],[98.471127,9.854445],[98.471991,9.859885],[98.474581,9.862084],[98.475228,9.867755],[98.471991,9.871922],[98.468969,9.865441],[98.464329,9.861506],[98.45807,9.86301]]],[[[98.485264,9.913704],[98.481487,9.914514],[98.474904,9.910695],[98.475768,9.906991],[98.473286,9.901204],[98.466272,9.895417],[98.480516,9.895996],[98.486666,9.8997],[98.490443,9.905371],[98.491846,9.911042],[98.485264,9.913704]]],[[[98.521737,9.920649],[98.513644,9.920417],[98.50814,9.910695],[98.518284,9.91382],[98.521737,9.920649]]],[[[98.487098,9.932801],[98.4803,9.933149],[98.480839,9.92713],[98.486343,9.930024],[98.487098,9.932801]]],[[[98.885392,10.784185],[98.880212,10.788351],[98.87622,10.788351],[98.875033,10.784069],[98.869853,10.78268],[98.867479,10.776777],[98.859709,10.776777],[98.852372,10.765088],[98.844818,10.758027],[98.843955,10.753629],[98.838343,10.752125],[98.837264,10.747032],[98.831006,10.739625],[98.827984,10.733028],[98.823344,10.732102],[98.823452,10.725852],[98.819243,10.724694],[98.818812,10.719718],[98.809639,10.71613],[98.812553,10.713005],[98.803381,10.703977],[98.802517,10.699926],[98.796367,10.69738],[98.791079,10.68407],[98.779856,10.678861],[98.780936,10.674926],[98.784173,10.65363],[98.782986,10.647033],[98.776619,10.641246],[98.776727,10.633838],[98.774569,10.630366],[98.775001,10.625621],[98.7709,10.620644],[98.774569,10.61613],[98.780612,10.615783],[98.781151,10.608954],[98.791187,10.60363],[98.798741,10.604903],[98.801007,10.600274],[98.797662,10.594371],[98.807697,10.588816],[98.809747,10.582103],[98.80705,10.579441],[98.806942,10.572265],[98.803597,10.559302],[98.808345,10.553862],[98.812661,10.554094],[98.815251,10.5387],[98.812877,10.531756],[98.818704,10.530598],[98.818272,10.518793],[98.816654,10.515089],[98.818488,10.509418],[98.817301,10.499927],[98.814927,10.494025],[98.809855,10.488932],[98.805755,10.489048],[98.800575,10.48465],[98.802086,10.478284],[98.808668,10.473307],[98.808021,10.46833],[98.796906,10.456178],[98.796906,10.445298],[98.785144,10.444256],[98.781691,10.441942],[98.771332,10.42215],[98.76831,10.408493],[98.762699,10.40097],[98.756872,10.395646],[98.754066,10.39009],[98.750721,10.372845],[98.745649,10.353516],[98.744031,10.339627],[98.743167,10.32516],[98.732376,10.310461],[98.729139,10.295183],[98.723636,10.280021],[98.721262,10.270878],[98.714787,10.253633],[98.708744,10.23523],[98.698709,10.210346],[98.695255,10.204675],[98.682738,10.192985],[98.677342,10.185925],[98.671839,10.174003],[98.66407,10.169027],[98.657271,10.167522],[98.653387,10.164976],[98.649394,10.151897],[98.644538,10.140207],[98.63925,10.132337],[98.641301,10.12111],[98.640114,10.112546],[98.635581,10.107569],[98.632344,10.086736],[98.623172,10.069375],[98.619395,10.05618],[98.602777,10.031643],[98.594576,10.017292],[98.588209,10.002361],[98.57785,9.984884],[98.573965,9.972384],[98.567059,9.956297],[98.587562,9.930834],[98.582598,9.929908],[98.569973,9.922616],[98.569433,9.918681],[98.560692,9.919491],[98.557779,9.913936],[98.557347,9.899468],[98.571915,9.911737],[98.578821,9.910811],[98.578713,9.907917],[98.57267,9.906181],[98.569109,9.90132],[98.566412,9.890903],[98.560153,9.884769],[98.553031,9.884538],[98.550225,9.8872],[98.540729,9.886274],[98.535441,9.882454],[98.533175,9.876783],[98.528751,9.871806],[98.527456,9.866251],[98.529938,9.856413],[98.52055,9.85676],[98.515802,9.852015],[98.521197,9.843219],[98.521953,9.835348],[98.526917,9.827825],[98.529183,9.819029],[98.532636,9.811622],[98.538031,9.804098],[98.536089,9.802478],[98.533931,9.790441],[98.524219,9.786275],[98.520118,9.789631],[98.51386,9.787432],[98.511809,9.783613],[98.506414,9.782224],[98.506845,9.770997],[98.512673,9.759307],[98.512349,9.753289],[98.507493,9.75109],[98.507169,9.745881],[98.502637,9.744724],[98.500047,9.740326],[98.5035,9.736622],[98.50868,9.738242],[98.511809,9.74183],[98.517636,9.743566],[98.52314,9.750742],[98.529291,9.750511],[98.534362,9.745303],[98.539434,9.743335],[98.549362,9.74484],[98.554218,9.749006],[98.553894,9.740789],[98.556268,9.737085],[98.557887,9.728983],[98.553894,9.727363],[98.549901,9.722849],[98.546232,9.714516],[98.541053,9.707571],[98.540945,9.695187],[98.534578,9.692294],[98.531017,9.684655],[98.52573,9.679562],[98.519255,9.681646],[98.515262,9.675627],[98.508032,9.672502],[98.502205,9.673891],[98.497349,9.677363],[98.491199,9.685118],[98.489148,9.679794],[98.491522,9.668798],[98.491846,9.661738],[98.494868,9.66197],[98.497457,9.656877],[98.503069,9.658266],[98.510083,9.65734],[98.509759,9.650049],[98.506306,9.640905],[98.500695,9.635234],[98.503177,9.625164],[98.497349,9.617989],[98.490875,9.61741],[98.486666,9.623313],[98.485587,9.629563],[98.482026,9.629563],[98.478573,9.634771],[98.473501,9.627248],[98.46789,9.624586],[98.464653,9.620419],[98.465085,9.601901],[98.467459,9.597155],[98.473394,9.598429],[98.477494,9.59403],[98.490983,9.591831],[98.497781,9.592526],[98.505982,9.595998],[98.513968,9.591253],[98.523032,9.581068],[98.53037,9.57748],[98.535334,9.57748],[98.533391,9.568683],[98.527132,9.5666],[98.514291,9.560466],[98.515586,9.557688],[98.510622,9.553984],[98.498213,9.55248],[98.499184,9.548892],[98.485479,9.54785],[98.481163,9.553058],[98.479005,9.546809],[98.46843,9.543336],[98.46066,9.557457],[98.46789,9.55954],[98.470048,9.564864],[98.466703,9.567063],[98.461524,9.562202],[98.455804,9.563359],[98.449438,9.539401],[98.447819,9.538707],[98.445121,9.528869],[98.438755,9.511971],[98.432388,9.484077],[98.433683,9.467642],[98.431309,9.449355],[98.428935,9.438592],[98.426777,9.436161],[98.423971,9.42667],[98.416633,9.407226],[98.407353,9.398198],[98.401526,9.403754],[98.397965,9.403522],[98.396238,9.389981],[98.395483,9.366486],[98.392354,9.341139],[98.390519,9.332227],[98.401094,9.329449],[98.401094,9.337319],[98.402497,9.34762],[98.408756,9.346578],[98.409619,9.343338],[98.417281,9.335352],[98.421489,9.335004],[98.436057,9.328639],[98.439942,9.330375],[98.447279,9.330375],[98.447172,9.324009],[98.451164,9.322041],[98.455265,9.316486],[98.466919,9.314981],[98.47048,9.321578],[98.473178,9.317643],[98.486019,9.30769],[98.50091,9.307111],[98.50609,9.308847],[98.506306,9.315676],[98.512349,9.322041],[98.511917,9.326092],[98.515262,9.330375],[98.526161,9.338361],[98.530693,9.345305],[98.539434,9.350282],[98.540621,9.354564],[98.547851,9.361162],[98.562419,9.360467],[98.566519,9.359078],[98.571807,9.361625],[98.574936,9.36556],[98.590044,9.36475],[98.590044,9.356648],[98.596842,9.349588],[98.604935,9.344495],[98.61141,9.342296],[98.616158,9.343453],[98.618856,9.346694],[98.634179,9.356416],[98.637524,9.356648],[98.643243,9.352828],[98.656084,9.347736],[98.659861,9.348083],[98.663422,9.354564],[98.667199,9.356416],[98.671947,9.366833],[98.670868,9.372504],[98.674968,9.380606],[98.673566,9.388708],[98.669465,9.389171],[98.664717,9.386161],[98.658242,9.385814],[98.654897,9.387782],[98.648854,9.38755],[98.654358,9.400166],[98.653602,9.404911],[98.647883,9.413708],[98.647452,9.424934],[98.650905,9.428522],[98.660185,9.420768],[98.666767,9.421694],[98.671407,9.424587],[98.673889,9.429101],[98.67799,9.4313],[98.681443,9.437434],[98.676371,9.440559],[98.672918,9.447272],[98.666983,9.451786],[98.665688,9.459656],[98.670868,9.465559],[98.677558,9.46498],[98.683817,9.469378],[98.688457,9.468568],[98.694932,9.470304],[98.69709,9.475513],[98.702593,9.480489],[98.706046,9.486855],[98.715758,9.486739],[98.717161,9.499355],[98.723851,9.503175],[98.724499,9.510119],[98.728599,9.514286],[98.734319,9.516716],[98.73529,9.522966],[98.740685,9.525628],[98.745649,9.530952],[98.747484,9.535119],[98.755469,9.537897],[98.763562,9.536739],[98.768418,9.544609],[98.757843,9.559656],[98.760217,9.568336],[98.75698,9.576322],[98.750721,9.575281],[98.743491,9.578868],[98.737556,9.585813],[98.74047,9.590905],[98.738851,9.593683],[98.739606,9.600859],[98.736801,9.603521],[98.736909,9.610003],[98.734103,9.613475],[98.729139,9.614401],[98.720506,9.628984],[98.714571,9.628752],[98.703888,9.632225],[98.697198,9.635697],[98.695687,9.639516],[98.688241,9.641252],[98.685759,9.647502],[98.679716,9.648891],[98.678745,9.651669],[98.672379,9.654794],[98.667307,9.653868],[98.660509,9.655257],[98.654681,9.653058],[98.653171,9.658961],[98.647775,9.662201],[98.653063,9.666368],[98.653818,9.671692],[98.660185,9.678636],[98.657379,9.687433],[98.64702,9.690905],[98.649718,9.701784],[98.643783,9.70734],[98.639358,9.71359],[98.640114,9.717178],[98.637848,9.723543],[98.638279,9.730141],[98.642056,9.73477],[98.641517,9.739168],[98.634287,9.743104],[98.631805,9.751668],[98.632452,9.757571],[98.628352,9.764515],[98.633207,9.767409],[98.630402,9.778404],[98.635258,9.788358],[98.641948,9.793335],[98.645293,9.791367],[98.657487,9.806298],[98.663098,9.808381],[98.663314,9.813705],[98.670976,9.822501],[98.679393,9.828635],[98.681443,9.833612],[98.692666,9.833265],[98.701514,9.84808],[98.718564,9.864168],[98.721154,9.867524],[98.719751,9.872269],[98.721585,9.877015],[98.719319,9.882107],[98.720722,9.893913],[98.727412,9.898311],[98.73065,9.903635],[98.736693,9.905371],[98.742951,9.911737],[98.744786,9.915903],[98.751368,9.917524],[98.754066,9.931528],[98.761836,9.937547],[98.767339,9.939861],[98.772087,9.945996],[98.780612,9.950394],[98.789784,9.945301],[98.79464,9.940556],[98.80187,9.943334],[98.809532,9.937315],[98.813956,9.936158],[98.823128,9.9475],[98.821833,9.958959],[98.829495,9.97088],[98.829603,9.975625],[98.835861,9.984537],[98.839207,9.985116],[98.841689,9.990903],[98.84525,9.992523],[98.854098,9.993218],[98.857551,9.9975],[98.861868,9.995185],[98.867047,9.995417],[98.871364,10.000046],[98.875248,10.000046],[98.878378,10.003634],[98.883881,10.005833],[98.887334,10.014167],[98.895212,10.021342],[98.904168,10.026435],[98.906326,10.033958],[98.900607,10.045764],[98.902981,10.054676],[98.892082,10.064513],[98.888629,10.061388],[98.881291,10.064629],[98.867047,10.062893],[98.861976,10.064398],[98.859278,10.061388],[98.854638,10.06324],[98.845142,10.062314],[98.838991,10.06324],[98.835538,10.066597],[98.846221,10.078055],[98.850537,10.085578],[98.856148,10.084074],[98.862731,10.093217],[98.863055,10.098888],[98.866184,10.104559],[98.863055,10.115555],[98.85863,10.119143],[98.860573,10.125971],[98.85917,10.130022],[98.862515,10.133032],[98.868666,10.133726],[98.868019,10.141133],[98.869853,10.144953],[98.869529,10.153865],[98.873414,10.156064],[98.884097,10.156411],[98.888845,10.160462],[98.888953,10.169258],[98.883018,10.176087],[98.87827,10.17817],[98.87773,10.18199],[98.871148,10.185693],[98.875356,10.194027],[98.875141,10.204327],[98.880968,10.213471],[98.884529,10.214975],[98.891111,10.222499],[98.891435,10.227244],[98.889277,10.232105],[98.890464,10.23604],[98.898017,10.239512],[98.900176,10.245068],[98.895428,10.247267],[98.89532,10.251202],[98.903952,10.254327],[98.90924,10.267869],[98.901794,10.273771],[98.899852,10.277707],[98.901363,10.284767],[98.900607,10.289049],[98.90406,10.292405],[98.904276,10.297035],[98.910751,10.300507],[98.91442,10.30479],[98.918089,10.315785],[98.923592,10.319257],[98.925534,10.323192],[98.930714,10.326433],[98.931793,10.33141],[98.94021,10.341364],[98.940857,10.348192],[98.943447,10.351433],[98.942044,10.359072],[98.930714,10.364859],[98.93244,10.370993],[98.937404,10.37759],[98.937188,10.38384],[98.929203,10.386155],[98.92834,10.395298],[98.919707,10.396687],[98.915499,10.395298],[98.90147,10.400159],[98.904708,10.406409],[98.904276,10.411039],[98.898881,10.412428],[98.893701,10.416942],[98.894996,10.421687],[98.893701,10.429442],[98.896399,10.434303],[98.895751,10.440668],[98.884421,10.456525],[98.890464,10.466826],[98.890464,10.469719],[98.89478,10.47539],[98.894456,10.482914],[98.900068,10.486733],[98.911938,10.491594],[98.914096,10.500275],[98.917981,10.50745],[98.925426,10.513585],[98.935894,10.513237],[98.945066,10.517636],[98.946685,10.52701],[98.953591,10.536038],[98.962547,10.539626],[98.962763,10.541709],[98.954346,10.547612],[98.951756,10.551895],[98.947548,10.553631],[98.943771,10.558955],[98.944742,10.561964],[98.941073,10.569834],[98.956612,10.579325],[98.960065,10.584765],[98.9619,10.596917],[98.964921,10.604788],[98.961252,10.60826],[98.957368,10.615783],[98.953591,10.612774],[98.947116,10.610806],[98.944958,10.61451],[98.946253,10.622149],[98.948843,10.627357],[98.950893,10.637079],[98.947764,10.639741],[98.947224,10.644602],[98.938483,10.650042],[98.927261,10.650042],[98.925318,10.655829],[98.926182,10.661153],[98.929203,10.667172],[98.929743,10.672727],[98.924995,10.677935],[98.920678,10.68025],[98.912585,10.679671],[98.908161,10.68106],[98.910751,10.685806],[98.90924,10.691824],[98.904384,10.691477],[98.902442,10.686732],[98.895643,10.681986],[98.891651,10.688815],[98.890032,10.696107],[98.895751,10.700968],[98.899852,10.708722],[98.901902,10.719139],[98.906434,10.725967],[98.905571,10.729787],[98.909456,10.733375],[98.91442,10.747727],[98.909995,10.752588],[98.899528,10.751662],[98.893485,10.757796],[98.894241,10.76231],[98.891974,10.768907],[98.888845,10.772148],[98.889169,10.777819],[98.885176,10.780018],[98.885392,10.784185]]]]}},{"type":"Feature","id":"TH86","bbox":[98.628352,9.600859,99.51936,11.03372],"properties":{"ADM1_PCODE":"TH86","ADM1_TH":"ชุมพร","ADM1_EN":"Chumphon"},"geometry":{"type":"MultiPolygon","coordinates":[[[[99.190668,10.048773],[99.190992,10.05375],[99.185812,10.056759],[99.186136,10.047615],[99.190668,10.048773]]],[[[99.256816,10.24854],[99.260809,10.253285],[99.260701,10.259072],[99.255953,10.259535],[99.252932,10.253054],[99.256816,10.24854]]],[[[99.356741,10.405831],[99.342173,10.394372],[99.343576,10.392058],[99.351669,10.395993],[99.35264,10.400275],[99.356741,10.405831]]],[[[99.301815,10.443099],[99.299441,10.447381],[99.294801,10.449696],[99.293182,10.445529],[99.289297,10.443215],[99.287463,10.436502],[99.291671,10.434303],[99.298793,10.434881],[99.301815,10.443099]]],[[[99.490333,10.858953],[99.483534,10.857217],[99.481052,10.850967],[99.47447,10.844948],[99.470153,10.836499],[99.477491,10.839045],[99.489901,10.852124],[99.490333,10.858953]]],[[[99.153763,11.03372],[99.148367,11.033257],[99.145885,11.029438],[99.130994,11.030942],[99.118261,11.021452],[99.113944,11.019831],[99.107793,11.013813],[99.103801,11.012771],[99.10175,11.00004],[99.095708,10.983373],[99.092578,10.978975],[99.093657,10.973304],[99.089773,10.96717],[99.083514,10.96335],[99.080708,10.956174],[99.060961,10.951313],[99.057939,10.947494],[99.054378,10.948304],[99.050493,10.954785],[99.050062,10.961614],[99.040242,10.961614],[99.033552,10.964045],[99.030206,10.969137],[99.023948,10.970642],[99.018552,10.964739],[99.015747,10.958721],[99.014668,10.948767],[99.01197,10.942864],[99.003121,10.93511],[99.003661,10.929786],[98.999344,10.923999],[98.999344,10.915202],[98.997402,10.911036],[99.003121,10.907101],[99.00269,10.899462],[99.005819,10.892749],[99.003121,10.884184],[99.01197,10.871684],[99.010999,10.856522],[99.00215,10.84842],[98.996755,10.846916],[98.989093,10.840666],[98.980136,10.830712],[98.973014,10.832217],[98.971288,10.828629],[98.96449,10.82261],[98.965245,10.820296],[98.957799,10.811847],[98.954778,10.813467],[98.945929,10.811962],[98.93557,10.814509],[98.937296,10.817865],[98.931793,10.819833],[98.92316,10.827124],[98.92111,10.820527],[98.912585,10.810805],[98.913664,10.806175],[98.910859,10.802935],[98.905247,10.791824],[98.902873,10.789624],[98.893917,10.790435],[98.885392,10.784185],[98.885176,10.780018],[98.889169,10.777819],[98.888845,10.772148],[98.891974,10.768907],[98.894241,10.76231],[98.893485,10.757796],[98.899528,10.751662],[98.909995,10.752588],[98.91442,10.747727],[98.909456,10.733375],[98.905571,10.729787],[98.906434,10.725967],[98.901902,10.719139],[98.899852,10.708722],[98.895751,10.700968],[98.890032,10.696107],[98.891651,10.688815],[98.895643,10.681986],[98.902442,10.686732],[98.904384,10.691477],[98.90924,10.691824],[98.910751,10.685806],[98.908161,10.68106],[98.912585,10.679671],[98.920678,10.68025],[98.924995,10.677935],[98.929743,10.672727],[98.929203,10.667172],[98.926182,10.661153],[98.925318,10.655829],[98.927261,10.650042],[98.938483,10.650042],[98.947224,10.644602],[98.947764,10.639741],[98.950893,10.637079],[98.948843,10.627357],[98.946253,10.622149],[98.944958,10.61451],[98.947116,10.610806],[98.953591,10.612774],[98.957368,10.615783],[98.961252,10.60826],[98.964921,10.604788],[98.9619,10.596917],[98.960065,10.584765],[98.956612,10.579325],[98.941073,10.569834],[98.944742,10.561964],[98.943771,10.558955],[98.947548,10.553631],[98.951756,10.551895],[98.954346,10.547612],[98.962763,10.541709],[98.962547,10.539626],[98.953591,10.536038],[98.946685,10.52701],[98.945066,10.517636],[98.935894,10.513237],[98.925426,10.513585],[98.917981,10.50745],[98.914096,10.500275],[98.911938,10.491594],[98.900068,10.486733],[98.894456,10.482914],[98.89478,10.47539],[98.890464,10.469719],[98.890464,10.466826],[98.884421,10.456525],[98.895751,10.440668],[98.896399,10.434303],[98.893701,10.429442],[98.894996,10.421687],[98.893701,10.416942],[98.898881,10.412428],[98.904276,10.411039],[98.904708,10.406409],[98.90147,10.400159],[98.915499,10.395298],[98.919707,10.396687],[98.92834,10.395298],[98.929203,10.386155],[98.937188,10.38384],[98.937404,10.37759],[98.93244,10.370993],[98.930714,10.364859],[98.942044,10.359072],[98.943447,10.351433],[98.940857,10.348192],[98.94021,10.341364],[98.931793,10.33141],[98.930714,10.326433],[98.925534,10.323192],[98.923592,10.319257],[98.918089,10.315785],[98.91442,10.30479],[98.910751,10.300507],[98.904276,10.297035],[98.90406,10.292405],[98.900607,10.289049],[98.901363,10.284767],[98.899852,10.277707],[98.901794,10.273771],[98.90924,10.267869],[98.903952,10.254327],[98.89532,10.251202],[98.895428,10.247267],[98.900176,10.245068],[98.898017,10.239512],[98.890464,10.23604],[98.889277,10.232105],[98.891435,10.227244],[98.891111,10.222499],[98.884529,10.214975],[98.880968,10.213471],[98.875141,10.204327],[98.875356,10.194027],[98.871148,10.185693],[98.87773,10.18199],[98.87827,10.17817],[98.883018,10.176087],[98.888953,10.169258],[98.888845,10.160462],[98.884097,10.156411],[98.873414,10.156064],[98.869529,10.153865],[98.869853,10.144953],[98.868019,10.141133],[98.868666,10.133726],[98.862515,10.133032],[98.85917,10.130022],[98.860573,10.125971],[98.85863,10.119143],[98.863055,10.115555],[98.866184,10.104559],[98.863055,10.098888],[98.862731,10.093217],[98.856148,10.084074],[98.850537,10.085578],[98.846221,10.078055],[98.835538,10.066597],[98.838991,10.06324],[98.845142,10.062314],[98.854638,10.06324],[98.859278,10.061388],[98.861976,10.064398],[98.867047,10.062893],[98.881291,10.064629],[98.888629,10.061388],[98.892082,10.064513],[98.902981,10.054676],[98.900607,10.045764],[98.906326,10.033958],[98.904168,10.026435],[98.895212,10.021342],[98.887334,10.014167],[98.883881,10.005833],[98.878378,10.003634],[98.875248,10.000046],[98.871364,10.000046],[98.867047,9.995417],[98.861868,9.995185],[98.857551,9.9975],[98.854098,9.993218],[98.84525,9.992523],[98.841689,9.990903],[98.839207,9.985116],[98.835861,9.984537],[98.829603,9.975625],[98.829495,9.97088],[98.821833,9.958959],[98.823128,9.9475],[98.813956,9.936158],[98.809532,9.937315],[98.80187,9.943334],[98.79464,9.940556],[98.789784,9.945301],[98.780612,9.950394],[98.772087,9.945996],[98.767339,9.939861],[98.761836,9.937547],[98.754066,9.931528],[98.751368,9.917524],[98.744786,9.915903],[98.742951,9.911737],[98.736693,9.905371],[98.73065,9.903635],[98.727412,9.898311],[98.720722,9.893913],[98.719319,9.882107],[98.721585,9.877015],[98.719751,9.872269],[98.721154,9.867524],[98.718564,9.864168],[98.701514,9.84808],[98.692666,9.833265],[98.681443,9.833612],[98.679393,9.828635],[98.670976,9.822501],[98.663314,9.813705],[98.663098,9.808381],[98.657487,9.806298],[98.645293,9.791367],[98.641948,9.793335],[98.635258,9.788358],[98.630402,9.778404],[98.633207,9.767409],[98.628352,9.764515],[98.632452,9.757571],[98.631805,9.751668],[98.634287,9.743104],[98.641517,9.739168],[98.642056,9.73477],[98.638279,9.730141],[98.637848,9.723543],[98.640114,9.717178],[98.639358,9.71359],[98.643783,9.70734],[98.649718,9.701784],[98.64702,9.690905],[98.657379,9.687433],[98.660185,9.678636],[98.653818,9.671692],[98.653063,9.666368],[98.647775,9.662201],[98.653171,9.658961],[98.654681,9.653058],[98.660509,9.655257],[98.667307,9.653868],[98.672379,9.654794],[98.678745,9.651669],[98.679716,9.648891],[98.685759,9.647502],[98.688241,9.641252],[98.695687,9.639516],[98.697198,9.635697],[98.703888,9.632225],[98.714571,9.628752],[98.720506,9.628984],[98.729139,9.614401],[98.734103,9.613475],[98.736909,9.610003],[98.736801,9.603521],[98.739606,9.600859],[98.747484,9.602942],[98.750397,9.611507],[98.755685,9.614516],[98.763778,9.625512],[98.768526,9.633961],[98.767447,9.640558],[98.764318,9.641831],[98.766907,9.654447],[98.768526,9.66903],[98.767123,9.679678],[98.76885,9.686738],[98.777806,9.687896],[98.778993,9.691021],[98.787302,9.693567],[98.789676,9.684308],[98.796798,9.687548],[98.80241,9.687433],[98.810826,9.692641],[98.815359,9.69727],[98.819136,9.704331],[98.832948,9.705257],[98.834459,9.701321],[98.849674,9.70653],[98.858091,9.712895],[98.862191,9.719608],[98.862623,9.726205],[98.870716,9.730604],[98.875141,9.731414],[98.881939,9.726437],[98.895751,9.720071],[98.899312,9.71984],[98.903413,9.724354],[98.910427,9.723196],[98.91388,9.719956],[98.915499,9.714631],[98.918628,9.712548],[98.920786,9.70734],[98.926721,9.700858],[98.93298,9.695997],[98.93244,9.689284],[98.935138,9.688127],[98.939239,9.68153],[98.948303,9.681993],[98.950461,9.678636],[98.955965,9.681067],[98.963195,9.680951],[98.968806,9.677363],[98.978194,9.681414],[98.979813,9.672965],[98.987258,9.674701],[98.993841,9.680372],[98.997942,9.690558],[99.002582,9.691715],[99.010675,9.699007],[99.019416,9.694724],[99.025243,9.698196],[99.027832,9.694956],[99.034307,9.69403],[99.039379,9.688359],[99.039487,9.684539],[99.051357,9.689284],[99.058479,9.688706],[99.063551,9.698428],[99.067435,9.7019],[99.072183,9.697965],[99.079197,9.69646],[99.091823,9.70572],[99.110275,9.705604],[99.113728,9.703636],[99.121606,9.70352],[99.134555,9.707571],[99.141137,9.704678],[99.146317,9.698659],[99.156029,9.695766],[99.156245,9.702132],[99.159266,9.702132],[99.157648,9.711969],[99.151065,9.726668],[99.146425,9.741367],[99.140922,9.79264],[99.13844,9.811853],[99.139519,9.825858],[99.142864,9.83558],[99.149339,9.844723],[99.153871,9.844723],[99.158942,9.848427],[99.162072,9.847385],[99.162827,9.857802],[99.165417,9.860117],[99.158403,9.885927],[99.157108,9.90294],[99.161209,9.908496],[99.161964,9.920764],[99.160453,9.934885],[99.160453,9.949121],[99.152792,9.968565],[99.150849,9.97794],[99.150418,9.985695],[99.151497,9.994259],[99.155381,10.004444],[99.15959,10.01081],[99.164985,10.013472],[99.169841,10.007569],[99.176208,10.007454],[99.178906,10.012199],[99.179337,10.018796],[99.173402,10.023426],[99.174913,10.030833],[99.179985,10.030833],[99.182467,10.036852],[99.182251,10.04287],[99.175992,10.040555],[99.166928,10.045764],[99.160345,10.054907],[99.153871,10.065902],[99.151605,10.072268],[99.156568,10.076898],[99.156892,10.081296],[99.154626,10.088124],[99.151605,10.089976],[99.148152,10.1078],[99.147612,10.119374],[99.148907,10.127129],[99.155381,10.143101],[99.164122,10.150045],[99.168223,10.149004],[99.172215,10.15699],[99.172539,10.16324],[99.177071,10.174929],[99.182467,10.179096],[99.185704,10.191364],[99.191855,10.205832],[99.190236,10.208957],[99.196495,10.216364],[99.20502,10.21648],[99.213653,10.209651],[99.219048,10.212082],[99.223149,10.216712],[99.229084,10.218332],[99.23545,10.224235],[99.241817,10.225971],[99.245378,10.230022],[99.246781,10.235693],[99.24009,10.237198],[99.223472,10.225624],[99.217861,10.230022],[99.218832,10.23604],[99.210415,10.23766],[99.203077,10.251549],[99.207718,10.267869],[99.202106,10.272151],[99.194013,10.265207],[99.187754,10.26729],[99.185812,10.276086],[99.181496,10.274697],[99.164014,10.280716],[99.16423,10.28604],[99.157971,10.291827],[99.15182,10.301317],[99.148691,10.31185],[99.150633,10.315901],[99.150202,10.321919],[99.153871,10.329095],[99.146857,10.341479],[99.148367,10.349697],[99.151928,10.348771],[99.161424,10.359072],[99.160885,10.362891],[99.167467,10.363586],[99.183654,10.369836],[99.196927,10.373192],[99.205775,10.372382],[99.211279,10.369488],[99.223257,10.361387],[99.230486,10.355368],[99.232105,10.350507],[99.238796,10.34391],[99.247644,10.358262],[99.254011,10.363007],[99.261025,10.363586],[99.263399,10.357683],[99.270089,10.358262],[99.273434,10.354326],[99.277643,10.354789],[99.278938,10.35965],[99.283686,10.362891],[99.285628,10.367521],[99.283686,10.375275],[99.284117,10.383377],[99.279909,10.396571],[99.28347,10.403863],[99.283686,10.411386],[99.280449,10.411039],[99.275808,10.415206],[99.275161,10.423192],[99.265233,10.426664],[99.259298,10.431872],[99.250666,10.442636],[99.242896,10.44634],[99.236421,10.454673],[99.230594,10.465205],[99.228328,10.472728],[99.227357,10.480714],[99.229731,10.491941],[99.232105,10.495645],[99.237501,10.496108],[99.240846,10.493214],[99.246457,10.493909],[99.260917,10.501895],[99.26491,10.511849],[99.25973,10.511501],[99.25045,10.506987],[99.243436,10.508029],[99.237501,10.520645],[99.237501,10.531409],[99.240306,10.538584],[99.243328,10.542057],[99.252068,10.542288],[99.258111,10.537543],[99.270629,10.541131],[99.273866,10.542983],[99.27678,10.554788],[99.273758,10.561617],[99.275161,10.571339],[99.28142,10.584533],[99.280233,10.590899],[99.28088,10.599927],[99.285952,10.611269],[99.289081,10.612542],[99.29588,10.620644],[99.301491,10.638237],[99.305915,10.642982],[99.307426,10.650505],[99.315627,10.664625],[99.320483,10.670991],[99.326742,10.676662],[99.333972,10.680945],[99.341633,10.683144],[99.347892,10.683375],[99.353072,10.681523],[99.358035,10.676547],[99.358791,10.671107],[99.365481,10.670991],[99.367855,10.676431],[99.361489,10.678051],[99.358683,10.683722],[99.359115,10.690898],[99.366345,10.702125],[99.373574,10.708144],[99.379617,10.707912],[99.386631,10.722611],[99.390085,10.736153],[99.393322,10.74356],[99.40325,10.751546],[99.406918,10.759648],[99.411774,10.766592],[99.411235,10.771338],[99.413177,10.777125],[99.417494,10.782333],[99.417494,10.785689],[99.423429,10.795527],[99.423429,10.80062],[99.427098,10.807564],[99.427853,10.815203],[99.431846,10.824809],[99.434867,10.841823],[99.435191,10.85224],[99.433788,10.856175],[99.438644,10.860805],[99.44145,10.871916],[99.455586,10.87342],[99.468211,10.873073],[99.475441,10.885341],[99.483858,10.888235],[99.497131,10.875156],[99.501663,10.862888],[99.509432,10.872494],[99.510727,10.87886],[99.507814,10.884184],[99.513749,10.891128],[99.518065,10.893212],[99.51936,10.898999],[99.517526,10.901777],[99.510619,10.903281],[99.50749,10.913119],[99.499721,10.918327],[99.495836,10.925156],[99.49044,10.941012],[99.489146,10.954207],[99.489901,10.967633],[99.492059,10.978628],[99.495296,10.987077],[99.502526,10.991822],[99.493678,10.988582],[99.483426,10.990318],[99.475441,10.989507],[99.46929,10.993443],[99.464542,10.989739],[99.459794,10.988929],[99.456881,10.982795],[99.451701,10.981058],[99.448248,10.97747],[99.436054,10.972146],[99.427421,10.971221],[99.42645,10.968211],[99.420839,10.966012],[99.415659,10.959647],[99.406918,10.954785],[99.40066,10.95791],[99.39084,10.959184],[99.382099,10.962424],[99.374222,10.97041],[99.370121,10.968674],[99.349511,10.972262],[99.344655,10.975619],[99.33872,10.970989],[99.336777,10.964392],[99.330519,10.967748],[99.32113,10.970642],[99.318864,10.968674],[99.311419,10.968558],[99.304081,10.965781],[99.299764,10.96879],[99.289297,10.968906],[99.281204,10.958489],[99.275808,10.963697],[99.266312,10.968558],[99.259298,10.967633],[99.254982,10.969253],[99.249802,10.968674],[99.246241,10.972494],[99.241062,10.971915],[99.240522,10.977933],[99.232105,10.97747],[99.229407,10.980827],[99.222825,10.983605],[99.215271,10.982679],[99.206638,10.98997],[99.203077,10.989044],[99.198545,10.991475],[99.200164,10.997031],[99.195308,10.998304],[99.186136,10.995873],[99.178474,11.000734],[99.172,11.002818],[99.158942,11.012424],[99.154087,11.012192],[99.147288,11.016475],[99.151065,11.019137],[99.151928,11.0321],[99.153763,11.03372]]]]}},{"type":"Feature","id":"TH90","bbox":[100.054699,6.290117,101.105198,7.938949],"properties":{"ADM1_PCODE":"TH90","ADM1_TH":"สงขลา","ADM1_EN":"Songkhla"},"geometry":{"type":"Polygon","coordinates":[[[100.336559,7.931773],[100.3344,7.935592],[100.326307,7.938949],[100.321667,7.936634],[100.311847,7.935939],[100.309905,7.928416],[100.306884,7.922514],[100.308178,7.913717],[100.294582,7.916032],[100.279906,7.91337],[100.265878,7.914643],[100.266418,7.904805],[100.256058,7.902143],[100.256598,7.898208],[100.250663,7.894273],[100.243325,7.893347],[100.24203,7.886634],[100.235447,7.883046],[100.223254,7.88212],[100.1775,7.876449],[100.190341,7.821357],[100.199729,7.783278],[100.202643,7.774135],[100.208254,7.751797],[100.216779,7.728302],[100.220016,7.695316],[100.226059,7.64115],[100.228757,7.614066],[100.233289,7.575641],[100.235447,7.546937],[100.238469,7.536752],[100.255842,7.504345],[100.260698,7.49659],[100.273108,7.49659],[100.295985,7.495433],[100.30915,7.504808],[100.355659,7.52784],[100.386413,7.511868],[100.387708,7.497053],[100.382636,7.425063],[100.386197,7.416383],[100.396233,7.405387],[100.39947,7.398327],[100.399902,7.38629],[100.401412,7.377031],[100.409829,7.350874],[100.410692,7.339763],[100.414793,7.329346],[100.420189,7.31974],[100.428174,7.310596],[100.428498,7.305388],[100.425692,7.292194],[100.42785,7.283745],[100.424289,7.279346],[100.416088,7.2768],[100.410045,7.272634],[100.408642,7.265342],[100.402168,7.262448],[100.399146,7.26349],[100.393967,7.270087],[100.384794,7.276337],[100.38296,7.28062],[100.384794,7.288027],[100.378643,7.302379],[100.379722,7.307471],[100.374651,7.310249],[100.373895,7.304346],[100.362457,7.30261],[100.358356,7.300295],[100.356522,7.295897],[100.35868,7.285481],[100.361486,7.280851],[100.347889,7.277379],[100.343573,7.273791],[100.339688,7.26511],[100.340659,7.248097],[100.333537,7.243004],[100.334616,7.239532],[100.317027,7.231546],[100.313574,7.227379],[100.312063,7.220551],[100.305697,7.209324],[100.300625,7.209092],[100.292963,7.211407],[100.279906,7.210828],[100.271058,7.207588],[100.269331,7.204],[100.261669,7.201338],[100.257677,7.19694],[100.254116,7.198907],[100.248073,7.198676],[100.244404,7.19393],[100.240627,7.192426],[100.23275,7.194162],[100.215376,7.189301],[100.212786,7.185944],[100.207715,7.186523],[100.201456,7.18444],[100.196924,7.180736],[100.19401,7.182125],[100.186996,7.176685],[100.179874,7.176222],[100.17232,7.172287],[100.171026,7.166153],[100.166062,7.162912],[100.164767,7.158861],[100.15635,7.148792],[100.152789,7.151107],[100.147717,7.148907],[100.139624,7.152611],[100.135847,7.152611],[100.133797,7.158861],[100.129049,7.159093],[100.123653,7.165574],[100.119661,7.164532],[100.111136,7.165806],[100.104553,7.160944],[100.096136,7.15157],[100.083943,7.146245],[100.074986,7.147171],[100.068619,7.138722],[100.062792,7.137449],[100.062792,7.131315],[100.060095,7.12657],[100.067864,7.118005],[100.067756,7.111871],[100.057181,7.107588],[100.054699,7.094857],[100.057721,7.090227],[100.063008,7.076223],[100.060526,7.071246],[100.063656,7.068005],[100.063871,7.056778],[100.074015,7.049487],[100.072396,7.043353],[100.078763,7.04289],[100.078331,7.037566],[100.074878,7.033167],[100.067325,7.033167],[100.067001,7.027612],[100.063332,7.017543],[100.066245,7.012797],[100.077792,7.00539],[100.083403,6.995899],[100.079734,6.988608],[100.081029,6.980043],[100.079087,6.969048],[100.079087,6.963261],[100.094626,6.965228],[100.099158,6.957937],[100.101424,6.949372],[100.105956,6.948562],[100.119769,6.936177],[100.121927,6.923793],[100.137574,6.922057],[100.145883,6.925182],[100.156781,6.919742],[100.167465,6.911988],[100.173939,6.913261],[100.177824,6.911756],[100.18268,6.913145],[100.19865,6.907474],[100.201348,6.898793],[100.207175,6.895784],[100.208686,6.888608],[100.211599,6.887567],[100.213866,6.882243],[100.218722,6.879465],[100.217427,6.86627],[100.211276,6.857821],[100.209981,6.843122],[100.202103,6.839997],[100.198974,6.836178],[100.195197,6.826919],[100.196384,6.815576],[100.19142,6.810252],[100.19142,6.799836],[100.195629,6.796016],[100.192931,6.791155],[100.193794,6.787104],[100.198974,6.783401],[100.198974,6.776688],[100.210844,6.770091],[100.215592,6.759442],[100.215592,6.75597],[100.207391,6.748679],[100.206096,6.736526],[100.206851,6.730044],[100.20437,6.726688],[100.204801,6.72229],[100.214081,6.719859],[100.215053,6.713146],[100.218398,6.709558],[100.218182,6.70354],[100.227031,6.695901],[100.237606,6.692313],[100.243541,6.693239],[100.249476,6.698447],[100.252929,6.703771],[100.252281,6.708054],[100.257245,6.711295],[100.261454,6.707128],[100.263828,6.699142],[100.274727,6.706318],[100.289618,6.7106],[100.29469,6.704697],[100.291021,6.699142],[100.290481,6.688841],[100.294798,6.679813],[100.297927,6.677961],[100.303215,6.678887],[100.305804,6.668587],[100.30915,6.666619],[100.315624,6.667892],[100.318754,6.66442],[100.325228,6.665577],[100.327494,6.663841],[100.323825,6.657013],[100.319401,6.654003],[100.322207,6.649142],[100.321775,6.642314],[100.317135,6.639999],[100.316164,6.636527],[100.321559,6.634328],[100.32307,6.62611],[100.325984,6.621596],[100.319293,6.615925],[100.305373,6.610138],[100.306236,6.605624],[100.312279,6.603193],[100.315732,6.604119],[100.320804,6.591041],[100.325552,6.585601],[100.334832,6.584907],[100.34217,6.578541],[100.341522,6.5753],[100.345191,6.571133],[100.351234,6.57287],[100.353932,6.567777],[100.353393,6.561527],[100.359112,6.556203],[100.359651,6.548217],[100.368932,6.539073],[100.372816,6.544976],[100.381557,6.541967],[100.388139,6.534907],[100.395801,6.533749],[100.402168,6.536296],[100.40357,6.529467],[100.408211,6.528888],[100.411772,6.522638],[100.414901,6.523564],[100.417922,6.518935],[100.423534,6.517546],[100.428282,6.522754],[100.431735,6.522407],[100.439504,6.527152],[100.446303,6.526226],[100.45364,6.526921],[100.456662,6.531898],[100.459899,6.531319],[100.462597,6.525185],[100.473064,6.522754],[100.482021,6.524375],[100.486661,6.523449],[100.488711,6.526226],[100.495294,6.522754],[100.492272,6.51662],[100.493567,6.509097],[100.499502,6.504004],[100.501336,6.500185],[100.515365,6.493935],[100.519034,6.48919],[100.531983,6.490347],[100.536947,6.487338],[100.542774,6.491504],[100.547845,6.485254],[100.553888,6.492662],[100.563169,6.496018],[100.565543,6.490926],[100.570399,6.487916],[100.572665,6.483171],[100.584858,6.47831],[100.589822,6.479699],[100.598995,6.474954],[100.601261,6.47044],[100.608167,6.472407],[100.614102,6.465694],[100.614641,6.461991],[100.62608,6.45794],[100.646583,6.458518],[100.645827,6.453542],[100.64259,6.450995],[100.645611,6.447292],[100.650252,6.446366],[100.653057,6.443125],[100.662122,6.451111],[100.672157,6.451921],[100.67561,6.453657],[100.684675,6.454352],[100.686293,6.465347],[100.694494,6.465231],[100.698163,6.471134],[100.708954,6.47044],[100.712515,6.482014],[100.719637,6.486875],[100.72309,6.495208],[100.729025,6.495324],[100.729781,6.500532],[100.734313,6.510023],[100.738414,6.510254],[100.743162,6.498912],[100.738845,6.489884],[100.742082,6.484676],[100.743377,6.470671],[100.752658,6.458518],[100.765499,6.455625],[100.77111,6.457361],[100.775966,6.463495],[100.783304,6.454352],[100.786433,6.454931],[100.791397,6.448681],[100.810281,6.44463],[100.812116,6.441505],[100.813734,6.431898],[100.821504,6.414653],[100.823554,6.407477],[100.821396,6.40169],[100.821504,6.391621],[100.823986,6.381088],[100.820641,6.373913],[100.822259,6.361181],[100.82118,6.357825],[100.827547,6.352153],[100.828302,6.347755],[100.834561,6.340695],[100.840172,6.326922],[100.839956,6.322755],[100.849021,6.314769],[100.848805,6.310371],[100.841035,6.306089],[100.841035,6.300418],[100.844273,6.295325],[100.8501,6.290117],[100.860135,6.294283],[100.865855,6.295441],[100.870603,6.293705],[100.878372,6.296367],[100.888731,6.295672],[100.890566,6.299376],[100.897688,6.303658],[100.912148,6.303427],[100.910961,6.306205],[100.915061,6.311181],[100.915817,6.316274],[100.920133,6.320209],[100.927039,6.318936],[100.924665,6.324029],[100.92855,6.325302],[100.928766,6.330857],[100.920241,6.344399],[100.920889,6.354931],[100.926392,6.354352],[100.925313,6.358982],[100.927255,6.367894],[100.922291,6.374723],[100.922723,6.382246],[100.919486,6.383403],[100.920133,6.388959],[100.91722,6.398797],[100.919594,6.40956],[100.919809,6.418357],[100.9265,6.43294],[100.9306,6.436875],[100.932866,6.444514],[100.937938,6.443125],[100.942686,6.444398],[100.949053,6.442431],[100.95283,6.445093],[100.952074,6.449491],[100.960383,6.45088],[100.961247,6.461065],[100.963836,6.468125],[100.968369,6.466505],[100.972793,6.467662],[100.97193,6.476227],[100.975491,6.479467],[100.976786,6.486296],[100.986497,6.484328],[100.989735,6.48537],[100.999231,6.479004],[101.013367,6.483981],[101.020597,6.487685],[101.022431,6.482245],[101.034193,6.485717],[101.042718,6.485833],[101.04261,6.50493],[101.0411,6.509328],[101.03592,6.514884],[101.036999,6.520092],[101.044229,6.524837],[101.044445,6.533402],[101.04315,6.541736],[101.057286,6.542083],[101.069264,6.54405],[101.074767,6.553194],[101.079731,6.553888],[101.08394,6.570555],[101.087069,6.573448],[101.087393,6.578772],[101.084911,6.58942],[101.087069,6.60111],[101.091817,6.604119],[101.089551,6.609096],[101.090846,6.614652],[101.098508,6.621249],[101.103579,6.627962],[101.105198,6.629582],[101.102284,6.636411],[101.090091,6.642198],[101.081674,6.643239],[101.07412,6.641851],[101.06894,6.644165],[101.061818,6.655739],[101.048869,6.663263],[101.063545,6.684443],[101.059768,6.688147],[101.061279,6.697406],[101.0602,6.706202],[101.057394,6.712568],[101.046171,6.709674],[101.039373,6.706318],[101.039589,6.719049],[101.032683,6.718123],[101.020057,6.722521],[101.017467,6.726341],[101.023295,6.729466],[101.022863,6.732938],[101.030201,6.737568],[101.03128,6.747637],[101.027503,6.75435],[101.031388,6.757359],[101.027179,6.768586],[101.029661,6.775183],[101.028582,6.779581],[101.033438,6.78178],[101.040452,6.790461],[101.041855,6.795322],[101.053725,6.801225],[101.044229,6.808748],[101.042179,6.817544],[101.04315,6.828886],[101.049193,6.834326],[101.043474,6.842775],[101.048114,6.846826],[101.056207,6.850877],[101.063221,6.851803],[101.066135,6.857127],[101.044121,6.854118],[101.040884,6.853076],[101.020705,6.85296],[101.012504,6.854233],[100.996317,6.858863],[100.985418,6.86303],[100.954125,6.879465],[100.946247,6.882706],[100.928334,6.894164],[100.910421,6.90759],[100.894559,6.920784],[100.875027,6.938145],[100.849884,6.961409],[100.845891,6.959441],[100.838877,6.960367],[100.831432,6.951918],[100.826899,6.951455],[100.812979,6.95377],[100.803591,6.958052],[100.791073,6.965344],[100.775319,6.976686],[100.75719,6.993121],[100.74996,7.000876],[100.73032,7.024256],[100.720501,7.036987],[100.706472,7.056315],[100.697624,7.071362],[100.689962,7.077264],[100.65705,7.126454],[100.64313,7.148213],[100.622843,7.182356],[100.617231,7.182472],[100.610757,7.191268],[100.596836,7.215342],[100.590793,7.214185],[100.585074,7.220435],[100.58065,7.230851],[100.572557,7.222402],[100.564679,7.229578],[100.561334,7.237449],[100.562845,7.241847],[100.558528,7.249138],[100.553349,7.252148],[100.545579,7.259323],[100.534896,7.272634],[100.517307,7.300874],[100.505869,7.322054],[100.49184,7.350989],[100.484503,7.367772],[100.466697,7.412795],[100.452453,7.45423],[100.440368,7.493813],[100.429577,7.532586],[100.423318,7.557585],[100.406808,7.626219],[100.394938,7.678765],[100.392672,7.684436],[100.387816,7.705733],[100.37314,7.763255],[100.357925,7.827607],[100.344112,7.893579],[100.336559,7.931773]]]}},{"type":"Feature","id":"TH91","bbox":[99.153655,6.422639,100.218722,7.203652],"properties":{"ADM1_PCODE":"TH91","ADM1_TH":"สตูล","ADM1_EN":"Satun"},"geometry":{"type":"MultiPolygon","coordinates":[[[[100.06549,6.459329],[100.073691,6.465231],[100.070238,6.470208],[100.06549,6.459329]]],[[[99.31444,6.485833],[99.314116,6.493935],[99.311203,6.498102],[99.304836,6.499375],[99.293074,6.490231],[99.288758,6.488842],[99.284657,6.483866],[99.288758,6.482361],[99.303649,6.48456],[99.306886,6.47993],[99.310447,6.479699],[99.31444,6.485833]]],[[[99.161209,6.538726],[99.158295,6.541736],[99.153655,6.533634],[99.155381,6.525648],[99.158619,6.522175],[99.165741,6.523449],[99.167467,6.520671],[99.175884,6.516388],[99.18387,6.520208],[99.184517,6.523449],[99.175021,6.526458],[99.173726,6.530509],[99.168546,6.532245],[99.164122,6.538032],[99.161209,6.538726]]],[[[99.349834,6.556897],[99.351345,6.561643],[99.343252,6.571828],[99.340878,6.569397],[99.345518,6.561411],[99.349834,6.556897]]],[[[99.292858,6.566967],[99.290484,6.570208],[99.277751,6.577036],[99.274082,6.569976],[99.274298,6.554698],[99.276132,6.548448],[99.282283,6.538148],[99.286491,6.518819],[99.285089,6.511296],[99.288002,6.509097],[99.301491,6.508981],[99.305591,6.507824],[99.313361,6.509444],[99.318325,6.515115],[99.323073,6.523333],[99.323397,6.532476],[99.32167,6.539421],[99.321562,6.546828],[99.324044,6.553078],[99.313577,6.557129],[99.314872,6.564536],[99.308613,6.561759],[99.301383,6.566157],[99.296959,6.564652],[99.292858,6.566967]]],[[[99.453859,6.577383],[99.449651,6.573217],[99.448895,6.56824],[99.445766,6.565925],[99.444147,6.559559],[99.451809,6.564305],[99.456773,6.575879],[99.453859,6.577383]]],[[[99.249694,6.581782],[99.240306,6.581434],[99.236206,6.577615],[99.227141,6.579467],[99.22153,6.575879],[99.205128,6.574721],[99.203077,6.575879],[99.191747,6.574953],[99.189913,6.561296],[99.182575,6.556782],[99.179337,6.546018],[99.172,6.550647],[99.164878,6.552615],[99.16682,6.544513],[99.171784,6.541157],[99.183114,6.540231],[99.186567,6.544398],[99.191747,6.546712],[99.200703,6.542314],[99.215595,6.540694],[99.217753,6.538032],[99.227573,6.542893],[99.227573,6.546134],[99.234911,6.549953],[99.247644,6.55493],[99.25714,6.55574],[99.258975,6.560138],[99.258219,6.569976],[99.256061,6.575647],[99.249694,6.581782]]],[[[99.457636,6.578541],[99.455909,6.587453],[99.451269,6.586527],[99.453859,6.579814],[99.457636,6.578541]]],[[[99.864239,6.670091],[99.848268,6.667313],[99.844384,6.65898],[99.846865,6.65273],[99.853556,6.661874],[99.862512,6.664767],[99.864239,6.670091]]],[[[99.866613,6.686642],[99.862512,6.686063],[99.859815,6.67854],[99.86262,6.675878],[99.866073,6.680623],[99.866613,6.686642]]],[[[99.887008,6.70898],[99.875785,6.706202],[99.873519,6.70354],[99.877943,6.700068],[99.887979,6.707128],[99.887008,6.70898]]],[[[99.908913,6.70273],[99.907187,6.690461],[99.909992,6.688725],[99.915064,6.695554],[99.913014,6.702383],[99.908913,6.70273]]],[[[99.87967,6.711295],[99.8869,6.712799],[99.872872,6.717545],[99.873951,6.711295],[99.87967,6.711295]]],[[[99.818485,6.719859],[99.808665,6.716734],[99.809097,6.711642],[99.815032,6.714883],[99.818485,6.719859]]],[[[99.853016,6.732244],[99.847837,6.731549],[99.845571,6.720901],[99.842873,6.715924],[99.842225,6.707475],[99.847081,6.704003],[99.856038,6.707359],[99.864023,6.705045],[99.866289,6.710137],[99.862296,6.717545],[99.862081,6.725646],[99.859707,6.730855],[99.853016,6.732244]]],[[[99.648959,6.73722],[99.646693,6.740461],[99.64173,6.738725],[99.639463,6.732591],[99.639787,6.720322],[99.64324,6.713841],[99.640435,6.705276],[99.644427,6.700531],[99.63914,6.67692],[99.63601,6.670554],[99.629212,6.66905],[99.62727,6.663494],[99.62414,6.662337],[99.618313,6.664536],[99.614213,6.660716],[99.614213,6.651573],[99.617774,6.644513],[99.615939,6.632476],[99.612594,6.618355],[99.608817,6.614073],[99.604069,6.614767],[99.600076,6.612337],[99.595868,6.603772],[99.595652,6.598101],[99.603422,6.582823],[99.610436,6.575184],[99.613781,6.566388],[99.618853,6.564536],[99.623709,6.566967],[99.62727,6.563495],[99.632126,6.554235],[99.635363,6.552615],[99.639679,6.545439],[99.639248,6.535833],[99.642377,6.529814],[99.644751,6.518935],[99.648528,6.514768],[99.653276,6.503889],[99.661369,6.505393],[99.666009,6.513958],[99.669354,6.517083],[99.669031,6.524143],[99.667088,6.52912],[99.670757,6.530393],[99.674534,6.537569],[99.680469,6.535138],[99.684462,6.536643],[99.689425,6.530393],[99.694066,6.537222],[99.69385,6.541504],[99.697842,6.543009],[99.698274,6.556782],[99.693418,6.558865],[99.690936,6.570671],[99.694281,6.573448],[99.695361,6.583749],[99.692555,6.604814],[99.687699,6.603772],[99.682843,6.610369],[99.679282,6.618587],[99.677663,6.63074],[99.680793,6.633054],[99.679929,6.637221],[99.684246,6.644513],[99.683706,6.650068],[99.685001,6.658864],[99.682303,6.678887],[99.684138,6.685022],[99.679822,6.69104],[99.678311,6.697059],[99.672592,6.700878],[99.669246,6.697059],[99.664714,6.703656],[99.663311,6.71685],[99.658887,6.721017],[99.656621,6.728193],[99.648959,6.73722]]],[[[99.776616,6.781317],[99.777695,6.78641],[99.771329,6.791502],[99.767552,6.784327],[99.77025,6.779581],[99.776616,6.781317]]],[[[99.681764,6.832359],[99.677124,6.822752],[99.682088,6.821132],[99.683167,6.829002],[99.681764,6.832359]]],[[[99.591228,6.832359],[99.585185,6.832822],[99.586911,6.828308],[99.591228,6.832359]]],[[[99.537273,6.833053],[99.531986,6.831201],[99.527993,6.834095],[99.525403,6.826687],[99.537813,6.824836],[99.54364,6.831548],[99.537273,6.833053]]],[[[99.696548,6.852729],[99.689318,6.848909],[99.68662,6.843122],[99.68349,6.84046],[99.685217,6.822984],[99.686728,6.818586],[99.693418,6.815229],[99.69849,6.831896],[99.695037,6.847521],[99.696548,6.852729]]],[[[99.593818,6.85134],[99.596623,6.853308],[99.594897,6.858284],[99.589825,6.858516],[99.593818,6.85134]]],[[[99.698058,7.092889],[99.6959,7.08745],[99.70054,7.085829],[99.702159,7.0915],[99.698058,7.092889]]],[[[99.948516,7.203652],[99.946034,7.203537],[99.941934,7.196129],[99.93492,7.190458],[99.930064,7.191963],[99.924668,7.190111],[99.916467,7.19231],[99.907618,7.189185],[99.899957,7.188722],[99.895856,7.186639],[99.890461,7.186754],[99.884957,7.184324],[99.874167,7.175643],[99.872008,7.171245],[99.867908,7.170782],[99.863699,7.173329],[99.858735,7.171245],[99.85388,7.164185],[99.846002,7.162449],[99.843952,7.157241],[99.830895,7.142079],[99.831326,7.138028],[99.826255,7.137681],[99.803702,7.129],[99.798846,7.128653],[99.787731,7.138259],[99.786976,7.130389],[99.784817,7.12738],[99.779962,7.127843],[99.763343,7.123908],[99.754171,7.124949],[99.745862,7.129695],[99.73928,7.131894],[99.735934,7.125875],[99.738201,7.119857],[99.734963,7.109903],[99.729999,7.111176],[99.723309,7.109209],[99.713597,7.102496],[99.712194,7.098908],[99.716079,7.091153],[99.711871,7.085598],[99.710576,7.079348],[99.703562,7.069163],[99.698598,7.073445],[99.694605,7.073676],[99.692879,7.068931],[99.682519,7.0562],[99.679606,7.057126],[99.675505,7.052033],[99.67011,7.042427],[99.670002,7.039765],[99.677124,7.021246],[99.683383,7.011756],[99.679282,7.008515],[99.673887,7.008399],[99.670218,7.001686],[99.670757,6.997635],[99.676153,6.981663],[99.678527,6.978422],[99.685217,6.976802],[99.682843,6.971478],[99.682303,6.964302],[99.684138,6.958862],[99.691907,6.967659],[99.701511,6.969626],[99.706151,6.963724],[99.707662,6.955043],[99.702914,6.951455],[99.695037,6.955853],[99.690289,6.954117],[99.681116,6.944163],[99.681009,6.938261],[99.682519,6.923909],[99.685649,6.911178],[99.684677,6.906895],[99.679929,6.905506],[99.680793,6.899256],[99.68457,6.896594],[99.692879,6.875182],[99.696763,6.87009],[99.699677,6.855391],[99.703238,6.859095],[99.708202,6.858284],[99.712194,6.860136],[99.720611,6.857127],[99.72223,6.854812],[99.735934,6.849372],[99.750718,6.839997],[99.753308,6.833169],[99.758488,6.838146],[99.763559,6.834905],[99.768199,6.837451],[99.77176,6.842775],[99.778343,6.839072],[99.783415,6.834095],[99.792587,6.821711],[99.800464,6.805854],[99.804025,6.788609],[99.804781,6.780739],[99.806831,6.774026],[99.812874,6.770438],[99.822262,6.7731],[99.825391,6.776572],[99.832729,6.774952],[99.838125,6.778887],[99.841902,6.779118],[99.844599,6.771827],[99.854743,6.763146],[99.856901,6.759095],[99.866505,6.746017],[99.869958,6.744049],[99.868447,6.738493],[99.872008,6.728424],[99.876325,6.721364],[99.891648,6.7231],[99.903194,6.721364],[99.905137,6.724489],[99.915172,6.723795],[99.917007,6.72067],[99.913446,6.710484],[99.907403,6.706434],[99.913122,6.703887],[99.919165,6.698216],[99.923805,6.688494],[99.923481,6.683748],[99.91992,6.676225],[99.923805,6.671017],[99.927905,6.668934],[99.931359,6.660832],[99.934704,6.657476],[99.946034,6.662337],[99.947113,6.66442],[99.956286,6.662452],[99.956286,6.658517],[99.960494,6.652151],[99.963839,6.643355],[99.963839,6.638494],[99.973983,6.628078],[99.969019,6.620786],[99.959739,6.616619],[99.954235,6.620091],[99.949811,6.616851],[99.950998,6.609212],[99.948948,6.602846],[99.948516,6.590694],[99.951106,6.584096],[99.954667,6.585832],[99.957473,6.590462],[99.964703,6.591967],[99.973335,6.596828],[99.976896,6.603772],[99.986932,6.60817],[99.992112,6.608865],[99.997615,6.605161],[99.995673,6.597754],[99.98963,6.594629],[99.999989,6.57611],[100.005169,6.564189],[100.019413,6.547291],[100.02729,6.540231],[100.042074,6.528541],[100.052649,6.519166],[100.064411,6.516273],[100.069051,6.526342],[100.068188,6.530972],[100.075741,6.546134],[100.077684,6.557129],[100.079087,6.558286],[100.088367,6.551226],[100.095381,6.54243],[100.099374,6.529583],[100.09905,6.518935],[100.093007,6.512453],[100.091065,6.502268],[100.084806,6.494745],[100.098942,6.496828],[100.101856,6.495324],[100.102719,6.488148],[100.106927,6.481435],[100.110704,6.470671],[100.111999,6.463032],[100.114157,6.459329],[100.114913,6.448796],[100.119121,6.442431],[100.117718,6.432245],[100.12074,6.422639],[100.133365,6.429121],[100.134876,6.43375],[100.135307,6.444398],[100.142537,6.447986],[100.147393,6.452037],[100.144588,6.463495],[100.151494,6.472523],[100.151062,6.476342],[100.157968,6.479004],[100.154515,6.486759],[100.159587,6.487453],[100.159911,6.503426],[100.156674,6.516504],[100.156781,6.533749],[100.153652,6.549259],[100.153113,6.555972],[100.159155,6.563032],[100.159155,6.571365],[100.162609,6.575879],[100.165198,6.570439],[100.169407,6.574721],[100.176421,6.572291],[100.182356,6.576689],[100.180953,6.5878],[100.178255,6.591272],[100.180522,6.597754],[100.178903,6.604235],[100.169731,6.608749],[100.168112,6.622406],[100.168759,6.641272],[100.167572,6.648101],[100.174371,6.650763],[100.181061,6.655392],[100.179119,6.662684],[100.180198,6.681086],[100.175018,6.683401],[100.171349,6.693702],[100.177284,6.694975],[100.187859,6.718818],[100.198435,6.722406],[100.20437,6.726688],[100.206851,6.730044],[100.206096,6.736526],[100.207391,6.748679],[100.215592,6.75597],[100.215592,6.759442],[100.210844,6.770091],[100.198974,6.776688],[100.198974,6.783401],[100.193794,6.787104],[100.192931,6.791155],[100.195629,6.796016],[100.19142,6.799836],[100.19142,6.810252],[100.196384,6.815576],[100.195197,6.826919],[100.198974,6.836178],[100.202103,6.839997],[100.209981,6.843122],[100.211276,6.857821],[100.217427,6.86627],[100.218722,6.879465],[100.213866,6.882243],[100.211599,6.887567],[100.208686,6.888608],[100.207175,6.895784],[100.201348,6.898793],[100.19865,6.907474],[100.18268,6.913145],[100.177824,6.911756],[100.173939,6.913261],[100.167465,6.911988],[100.156781,6.919742],[100.145883,6.925182],[100.137574,6.922057],[100.121927,6.923793],[100.119769,6.936177],[100.105956,6.948562],[100.101424,6.949372],[100.099158,6.957937],[100.094626,6.965228],[100.079087,6.963261],[100.079087,6.969048],[100.081029,6.980043],[100.079734,6.988608],[100.083403,6.995899],[100.077792,7.00539],[100.066245,7.012797],[100.063332,7.017543],[100.067001,7.027612],[100.067325,7.033167],[100.074878,7.033167],[100.078331,7.037566],[100.078763,7.04289],[100.072396,7.043353],[100.074015,7.049487],[100.063871,7.056778],[100.063656,7.068005],[100.060526,7.071246],[100.063008,7.076223],[100.057721,7.090227],[100.054699,7.094857],[100.057181,7.107588],[100.054052,7.109556],[100.049627,7.107704],[100.038189,7.108746],[100.036894,7.101338],[100.034196,7.10076],[100.031067,7.093237],[100.025456,7.092311],[100.026858,7.100412],[100.013046,7.109324],[100.001068,7.112797],[99.989953,7.124949],[99.984882,7.138954],[99.980134,7.142079],[99.978731,7.147519],[99.971825,7.150181],[99.969127,7.166153],[99.964487,7.167079],[99.960926,7.171245],[99.958552,7.17819],[99.960602,7.182009],[99.956609,7.189879],[99.959847,7.196592],[99.958768,7.199023],[99.948516,7.203652]]]]}},{"type":"Feature","id":"TH92","bbox":[99.052652,7.021709,99.949056,8.011749],"properties":{"ADM1_PCODE":"TH92","ADM1_TH":"ตรัง","ADM1_EN":"Trang"},"geometry":{"type":"MultiPolygon","coordinates":[[[[99.475765,7.021709],[99.475441,7.038029],[99.473283,7.047519],[99.469722,7.049371],[99.472743,7.036755],[99.472096,7.0312],[99.475765,7.021709]]],[[[99.428932,7.103306],[99.430874,7.109324],[99.426234,7.109093],[99.428932,7.103306]]],[[[99.555078,7.126801],[99.554431,7.122172],[99.556697,7.117658],[99.557884,7.109672],[99.563927,7.104232],[99.565222,7.094047],[99.579789,7.090575],[99.587019,7.090922],[99.593926,7.089301],[99.608385,7.080042],[99.612594,7.079348],[99.615723,7.082588],[99.607846,7.092658],[99.596731,7.103885],[99.58335,7.113375],[99.577631,7.110829],[99.570725,7.112797],[99.555078,7.126801]]],[[[99.065061,7.205157],[99.065277,7.21349],[99.058155,7.216615],[99.052652,7.204926],[99.053839,7.198213],[99.059018,7.196129],[99.062903,7.197171],[99.065061,7.205157]]],[[[99.080169,7.228421],[99.072075,7.228537],[99.064953,7.221013],[99.062579,7.2165],[99.08114,7.219972],[99.083945,7.223328],[99.080169,7.228421]]],[[[99.397962,7.267309],[99.387495,7.27761],[99.382639,7.276106],[99.374977,7.266962],[99.368719,7.267078],[99.367316,7.259671],[99.371416,7.243467],[99.36505,7.224833],[99.370121,7.219162],[99.373359,7.21187],[99.380049,7.207588],[99.387495,7.207125],[99.394077,7.210597],[99.393861,7.226338],[99.401199,7.230851],[99.409616,7.240574],[99.416954,7.241152],[99.425263,7.246361],[99.435191,7.246592],[99.447277,7.250064],[99.450514,7.25481],[99.447385,7.25724],[99.437888,7.258745],[99.429687,7.266962],[99.422997,7.266384],[99.410803,7.26268],[99.40271,7.262448],[99.397962,7.267309]]],[[[99.248076,7.33305],[99.248292,7.320087],[99.252392,7.309323],[99.250773,7.306082],[99.254334,7.300295],[99.259622,7.308629],[99.25304,7.317888],[99.248076,7.33305]]],[[[99.291779,7.390225],[99.286599,7.389647],[99.284441,7.379114],[99.283902,7.365341],[99.288973,7.365573],[99.296959,7.353999],[99.301923,7.353536],[99.305699,7.359901],[99.304189,7.363605],[99.306131,7.369276],[99.314764,7.374369],[99.305915,7.376105],[99.299333,7.385017],[99.298469,7.389762],[99.291779,7.390225]]],[[[99.210955,7.416151],[99.207718,7.424716],[99.201027,7.434091],[99.197142,7.420896],[99.197898,7.403767],[99.199409,7.398096],[99.209768,7.401915],[99.217322,7.401568],[99.210955,7.416151]]],[[[99.304728,7.496012],[99.298254,7.49578],[99.301059,7.490919],[99.304728,7.496012]]],[[[99.738201,7.858972],[99.73464,7.868116],[99.738956,7.874597],[99.735395,7.878648],[99.731618,7.888949],[99.733237,7.895546],[99.731618,7.900639],[99.733992,7.91175],[99.738956,7.91719],[99.740359,7.92668],[99.732481,7.932351],[99.726546,7.939875],[99.730539,7.952953],[99.737445,7.949018],[99.741546,7.952606],[99.743057,7.959666],[99.748452,7.969157],[99.753524,7.971587],[99.752768,7.978184],[99.756977,7.983161],[99.752768,7.986171],[99.74802,7.982583],[99.744351,7.987675],[99.74651,7.990569],[99.753092,7.993578],[99.755034,8.00087],[99.753092,8.007814],[99.745754,8.006078],[99.73874,8.00793],[99.736582,8.002953],[99.731186,8.002027],[99.727625,7.997976],[99.712086,7.990916],[99.70831,7.991958],[99.698922,7.990916],[99.692663,7.997166],[99.689425,7.995314],[99.685325,7.99867],[99.678742,8.000407],[99.673671,8.007582],[99.666549,8.006888],[99.661477,8.011518],[99.650902,8.01036],[99.645183,8.011749],[99.639032,8.008508],[99.631478,8.009666],[99.626838,8.003647],[99.623709,8.002258],[99.62004,7.993346],[99.615831,7.988254],[99.609896,7.985592],[99.602666,7.985592],[99.606011,7.980731],[99.602558,7.978647],[99.594573,7.963717],[99.596947,7.959666],[99.594357,7.956888],[99.585509,7.956425],[99.583458,7.949597],[99.580113,7.94462],[99.570186,7.945662],[99.56533,7.934551],[99.560689,7.932814],[99.56274,7.924365],[99.556157,7.917537],[99.547632,7.918347],[99.542777,7.910014],[99.54051,7.90087],[99.535762,7.898671],[99.533604,7.891264],[99.535654,7.880384],[99.527022,7.878764],[99.524324,7.875176],[99.517202,7.876102],[99.509756,7.884319],[99.503066,7.886518],[99.496375,7.882699],[99.488606,7.886981],[99.484721,7.882236],[99.479002,7.882468],[99.475441,7.888486],[99.47393,7.898903],[99.470046,7.903995],[99.462168,7.898324],[99.45947,7.892074],[99.455801,7.889065],[99.443068,7.886171],[99.443284,7.880268],[99.434543,7.876796],[99.427098,7.875407],[99.423429,7.883046],[99.41976,7.883972],[99.419112,7.89381],[99.414256,7.899481],[99.416522,7.903532],[99.416846,7.91094],[99.418896,7.913949],[99.420731,7.925639],[99.41663,7.924134],[99.397962,7.924597],[99.389221,7.932004],[99.383718,7.933509],[99.37638,7.940916],[99.365265,7.944967],[99.364942,7.937675],[99.355661,7.932467],[99.333756,7.928764],[99.335159,7.919852],[99.338396,7.909782],[99.330087,7.891148],[99.332029,7.883046],[99.326202,7.876912],[99.322425,7.870894],[99.314872,7.865801],[99.29739,7.863949],[99.287463,7.859088],[99.285089,7.85388],[99.279909,7.850523],[99.278398,7.844505],[99.284225,7.835709],[99.288002,7.833394],[99.289945,7.82888],[99.294153,7.825176],[99.293614,7.819736],[99.287139,7.817653],[99.287139,7.810014],[99.292642,7.810709],[99.303217,7.808162],[99.302678,7.801218],[99.299764,7.794505],[99.301599,7.791264],[99.288218,7.774945],[99.289081,7.762445],[99.291887,7.760362],[99.305484,7.755964],[99.306778,7.752839],[99.308181,7.73814],[99.311311,7.737445],[99.312713,7.729228],[99.307318,7.719158],[99.310771,7.710709],[99.309692,7.705733],[99.304297,7.697515],[99.296203,7.689992],[99.285304,7.684784],[99.28552,7.679344],[99.279585,7.680964],[99.275701,7.679344],[99.270845,7.674136],[99.259514,7.657353],[99.261241,7.654691],[99.254982,7.649599],[99.251853,7.638951],[99.253795,7.630386],[99.244407,7.630386],[99.238364,7.633627],[99.234479,7.627724],[99.246457,7.625988],[99.251097,7.621937],[99.261133,7.616729],[99.265449,7.621705],[99.26955,7.621474],[99.273327,7.627955],[99.278182,7.628071],[99.282067,7.617654],[99.279154,7.600872],[99.281743,7.593812],[99.289297,7.583164],[99.290484,7.576104],[99.295556,7.567539],[99.295556,7.560016],[99.304297,7.551683],[99.313793,7.537331],[99.30775,7.53247],[99.307642,7.525525],[99.305052,7.519275],[99.297175,7.513836],[99.293398,7.513025],[99.289297,7.520317],[99.285304,7.517192],[99.293182,7.501914],[99.299872,7.503072],[99.307965,7.513025],[99.311634,7.512447],[99.311634,7.507701],[99.321886,7.501104],[99.326742,7.495086],[99.331274,7.484438],[99.33408,7.472632],[99.337856,7.465456],[99.344763,7.440225],[99.346489,7.422633],[99.345194,7.414415],[99.349187,7.402147],[99.346813,7.3996],[99.338072,7.383744],[99.338936,7.377841],[99.349511,7.369161],[99.357712,7.361059],[99.363107,7.357934],[99.360517,7.351915],[99.370121,7.340226],[99.375193,7.339994],[99.387818,7.323559],[99.395048,7.308976],[99.399149,7.305041],[99.402602,7.306545],[99.403573,7.317193],[99.411451,7.315573],[99.416738,7.307587],[99.419436,7.298907],[99.429579,7.300064],[99.438968,7.29555],[99.447924,7.293004],[99.450298,7.290226],[99.463895,7.287795],[99.472096,7.284555],[99.478247,7.289995],[99.484397,7.292657],[99.486556,7.308397],[99.508245,7.30805],[99.519468,7.298444],[99.524648,7.296476],[99.536086,7.295782],[99.537057,7.294045],[99.534252,7.283397],[99.532093,7.281777],[99.529719,7.269161],[99.527022,7.262911],[99.523461,7.259671],[99.522382,7.249717],[99.526806,7.243583],[99.540295,7.231893],[99.545258,7.224023],[99.558208,7.208861],[99.563387,7.198097],[99.568999,7.182356],[99.573639,7.172055],[99.5772,7.157704],[99.57925,7.156894],[99.585077,7.147171],[99.591875,7.151801],[99.595221,7.158051],[99.601156,7.153884],[99.599969,7.149949],[99.602235,7.144162],[99.599861,7.139648],[99.604069,7.136639],[99.613133,7.138607],[99.619284,7.144278],[99.62932,7.156199],[99.633313,7.158861],[99.637737,7.164764],[99.645183,7.166731],[99.65975,7.164532],[99.661909,7.155389],[99.665578,7.149255],[99.667952,7.141963],[99.669139,7.131315],[99.670973,7.125297],[99.668923,7.121824],[99.67162,7.117658],[99.677663,7.119972],[99.682843,7.124023],[99.689857,7.124371],[99.698598,7.130852],[99.716727,7.130621],[99.720072,7.128422],[99.729892,7.131084],[99.73464,7.136176],[99.73928,7.131894],[99.745862,7.129695],[99.754171,7.124949],[99.763343,7.123908],[99.779962,7.127843],[99.784817,7.12738],[99.786976,7.130389],[99.787731,7.138259],[99.798846,7.128653],[99.803702,7.129],[99.826255,7.137681],[99.831326,7.138028],[99.830895,7.142079],[99.843952,7.157241],[99.846002,7.162449],[99.85388,7.164185],[99.858735,7.171245],[99.863699,7.173329],[99.867908,7.170782],[99.872008,7.171245],[99.874167,7.175643],[99.884957,7.184324],[99.890461,7.186754],[99.895856,7.186639],[99.899957,7.188722],[99.907618,7.189185],[99.916467,7.19231],[99.924668,7.190111],[99.930064,7.191963],[99.93492,7.190458],[99.941934,7.196129],[99.946034,7.203537],[99.948516,7.203652],[99.944092,7.213838],[99.948192,7.212912],[99.949056,7.217426],[99.947113,7.22275],[99.943013,7.226338],[99.939775,7.235597],[99.934164,7.239879],[99.932222,7.246592],[99.936107,7.253536],[99.942473,7.257703],[99.947113,7.265805],[99.941394,7.278536],[99.941934,7.286638],[99.93956,7.303305],[99.937294,7.307008],[99.939775,7.310133],[99.939236,7.316962],[99.912474,7.319624],[99.909129,7.326221],[99.908698,7.331429],[99.905676,7.333397],[99.90287,7.343003],[99.905029,7.34879],[99.903734,7.355735],[99.899957,7.357702],[99.896396,7.363142],[99.896396,7.36754],[99.900173,7.372054],[99.901252,7.380966],[99.897475,7.384091],[99.892943,7.393235],[99.894238,7.397864],[99.891324,7.403304],[99.887224,7.405272],[99.885281,7.41291],[99.877404,7.416961],[99.875785,7.422285],[99.872116,7.425179],[99.872008,7.430503],[99.864994,7.439878],[99.860894,7.440688],[99.859707,7.446475],[99.862836,7.450063],[99.859383,7.453188],[99.857441,7.460711],[99.848808,7.465225],[99.847621,7.47078],[99.850103,7.476683],[99.85334,7.478535],[99.852477,7.48409],[99.846002,7.490456],[99.842333,7.499252],[99.834887,7.500757],[99.833053,7.503998],[99.823449,7.507701],[99.820428,7.512563],[99.821399,7.517887],[99.818701,7.521474],[99.82496,7.523442],[99.829492,7.527146],[99.829276,7.532354],[99.837477,7.542076],[99.835319,7.550294],[99.827334,7.552377],[99.821399,7.558974],[99.812011,7.573789],[99.807802,7.57622],[99.803594,7.582817],[99.799169,7.583974],[99.797335,7.589182],[99.80068,7.5974],[99.800464,7.60446],[99.806399,7.612215],[99.806723,7.619275],[99.809421,7.622284],[99.801867,7.626219],[99.798522,7.629576],[99.79604,7.638256],[99.790645,7.640918],[99.787731,7.644622],[99.794745,7.645779],[99.808989,7.644853],[99.808773,7.647284],[99.814924,7.650293],[99.817406,7.658974],[99.816759,7.665571],[99.819456,7.668696],[99.816543,7.673904],[99.818377,7.677839],[99.816327,7.683163],[99.801759,7.686983],[99.802191,7.691497],[99.79863,7.697399],[99.79194,7.700061],[99.789026,7.711751],[99.789026,7.71858],[99.785033,7.725987],[99.783738,7.734783],[99.788163,7.742191],[99.783091,7.747862],[99.780933,7.753186],[99.783307,7.759552],[99.776832,7.760362],[99.773379,7.765686],[99.768307,7.767885],[99.768739,7.773556],[99.76561,7.776797],[99.766365,7.780385],[99.771113,7.784436],[99.771005,7.788024],[99.763883,7.799598],[99.758272,7.803649],[99.758703,7.811635],[99.756221,7.818926],[99.752121,7.826218],[99.751473,7.832468],[99.740359,7.839644],[99.737337,7.844968],[99.732805,7.849019],[99.732913,7.853648],[99.738201,7.858972]]]]}},{"type":"Feature","id":"TH93","bbox":[99.732805,7.092311,100.428498,7.905731],"properties":{"ADM1_PCODE":"TH93","ADM1_TH":"พัทลุง","ADM1_EN":"Phatthalung"},"geometry":{"type":"Polygon","coordinates":[[[100.1775,7.876449],[100.171349,7.873324],[100.160774,7.872861],[100.145451,7.871009],[100.139732,7.868463],[100.131207,7.876796],[100.123869,7.878532],[100.110057,7.879227],[100.098187,7.87587],[100.097755,7.872745],[100.092144,7.870662],[100.087072,7.861056],[100.08459,7.859898],[100.076605,7.850176],[100.072073,7.846588],[100.07272,7.840801],[100.064411,7.843579],[100.055994,7.838139],[100.051138,7.842884],[100.0397,7.842653],[100.033765,7.846704],[100.029772,7.847167],[100.018981,7.845083],[100.010348,7.848324],[99.995565,7.8555],[99.981321,7.865801],[99.976357,7.871819],[99.965998,7.876565],[99.966321,7.885824],[99.963731,7.891611],[99.964271,7.901796],[99.962436,7.905731],[99.958012,7.904805],[99.952401,7.90006],[99.947761,7.886981],[99.939991,7.879458],[99.936862,7.879227],[99.929848,7.874713],[99.923157,7.864991],[99.902115,7.880268],[99.884957,7.890106],[99.883123,7.893463],[99.867368,7.886981],[99.862081,7.886518],[99.858951,7.889065],[99.850211,7.887792],[99.841794,7.891148],[99.837154,7.885592],[99.826039,7.886171],[99.81978,7.883972],[99.808989,7.892653],[99.802083,7.887676],[99.800249,7.882699],[99.792695,7.882236],[99.782336,7.87888],[99.768523,7.865222],[99.766149,7.865685],[99.761401,7.860361],[99.756221,7.857468],[99.747157,7.856195],[99.738201,7.858972],[99.732913,7.853648],[99.732805,7.849019],[99.737337,7.844968],[99.740359,7.839644],[99.751473,7.832468],[99.752121,7.826218],[99.756221,7.818926],[99.758703,7.811635],[99.758272,7.803649],[99.763883,7.799598],[99.771005,7.788024],[99.771113,7.784436],[99.766365,7.780385],[99.76561,7.776797],[99.768739,7.773556],[99.768307,7.767885],[99.773379,7.765686],[99.776832,7.760362],[99.783307,7.759552],[99.780933,7.753186],[99.783091,7.747862],[99.788163,7.742191],[99.783738,7.734783],[99.785033,7.725987],[99.789026,7.71858],[99.789026,7.711751],[99.79194,7.700061],[99.79863,7.697399],[99.802191,7.691497],[99.801759,7.686983],[99.816327,7.683163],[99.818377,7.677839],[99.816543,7.673904],[99.819456,7.668696],[99.816759,7.665571],[99.817406,7.658974],[99.814924,7.650293],[99.808773,7.647284],[99.808989,7.644853],[99.794745,7.645779],[99.787731,7.644622],[99.790645,7.640918],[99.79604,7.638256],[99.798522,7.629576],[99.801867,7.626219],[99.809421,7.622284],[99.806723,7.619275],[99.806399,7.612215],[99.800464,7.60446],[99.80068,7.5974],[99.797335,7.589182],[99.799169,7.583974],[99.803594,7.582817],[99.807802,7.57622],[99.812011,7.573789],[99.821399,7.558974],[99.827334,7.552377],[99.835319,7.550294],[99.837477,7.542076],[99.829276,7.532354],[99.829492,7.527146],[99.82496,7.523442],[99.818701,7.521474],[99.821399,7.517887],[99.820428,7.512563],[99.823449,7.507701],[99.833053,7.503998],[99.834887,7.500757],[99.842333,7.499252],[99.846002,7.490456],[99.852477,7.48409],[99.85334,7.478535],[99.850103,7.476683],[99.847621,7.47078],[99.848808,7.465225],[99.857441,7.460711],[99.859383,7.453188],[99.862836,7.450063],[99.859707,7.446475],[99.860894,7.440688],[99.864994,7.439878],[99.872008,7.430503],[99.872116,7.425179],[99.875785,7.422285],[99.877404,7.416961],[99.885281,7.41291],[99.887224,7.405272],[99.891324,7.403304],[99.894238,7.397864],[99.892943,7.393235],[99.897475,7.384091],[99.901252,7.380966],[99.900173,7.372054],[99.896396,7.36754],[99.896396,7.363142],[99.899957,7.357702],[99.903734,7.355735],[99.905029,7.34879],[99.90287,7.343003],[99.905676,7.333397],[99.908698,7.331429],[99.909129,7.326221],[99.912474,7.319624],[99.939236,7.316962],[99.939775,7.310133],[99.937294,7.307008],[99.93956,7.303305],[99.941934,7.286638],[99.941394,7.278536],[99.947113,7.265805],[99.942473,7.257703],[99.936107,7.253536],[99.932222,7.246592],[99.934164,7.239879],[99.939775,7.235597],[99.943013,7.226338],[99.947113,7.22275],[99.949056,7.217426],[99.948192,7.212912],[99.944092,7.213838],[99.948516,7.203652],[99.958768,7.199023],[99.959847,7.196592],[99.956609,7.189879],[99.960602,7.182009],[99.958552,7.17819],[99.960926,7.171245],[99.964487,7.167079],[99.969127,7.166153],[99.971825,7.150181],[99.978731,7.147519],[99.980134,7.142079],[99.984882,7.138954],[99.989953,7.124949],[100.001068,7.112797],[100.013046,7.109324],[100.026858,7.100412],[100.025456,7.092311],[100.031067,7.093237],[100.034196,7.10076],[100.036894,7.101338],[100.038189,7.108746],[100.049627,7.107704],[100.054052,7.109556],[100.057181,7.107588],[100.067756,7.111871],[100.067864,7.118005],[100.060095,7.12657],[100.062792,7.131315],[100.062792,7.137449],[100.068619,7.138722],[100.074986,7.147171],[100.083943,7.146245],[100.096136,7.15157],[100.104553,7.160944],[100.111136,7.165806],[100.119661,7.164532],[100.123653,7.165574],[100.129049,7.159093],[100.133797,7.158861],[100.135847,7.152611],[100.139624,7.152611],[100.147717,7.148907],[100.152789,7.151107],[100.15635,7.148792],[100.164767,7.158861],[100.166062,7.162912],[100.171026,7.166153],[100.17232,7.172287],[100.179874,7.176222],[100.186996,7.176685],[100.19401,7.182125],[100.196924,7.180736],[100.201456,7.18444],[100.207715,7.186523],[100.212786,7.185944],[100.215376,7.189301],[100.23275,7.194162],[100.240627,7.192426],[100.244404,7.19393],[100.248073,7.198676],[100.254116,7.198907],[100.257677,7.19694],[100.261669,7.201338],[100.269331,7.204],[100.271058,7.207588],[100.279906,7.210828],[100.292963,7.211407],[100.300625,7.209092],[100.305697,7.209324],[100.312063,7.220551],[100.313574,7.227379],[100.317027,7.231546],[100.334616,7.239532],[100.333537,7.243004],[100.340659,7.248097],[100.339688,7.26511],[100.343573,7.273791],[100.347889,7.277379],[100.361486,7.280851],[100.35868,7.285481],[100.356522,7.295897],[100.358356,7.300295],[100.362457,7.30261],[100.373895,7.304346],[100.374651,7.310249],[100.379722,7.307471],[100.378643,7.302379],[100.384794,7.288027],[100.38296,7.28062],[100.384794,7.276337],[100.393967,7.270087],[100.399146,7.26349],[100.402168,7.262448],[100.408642,7.265342],[100.410045,7.272634],[100.416088,7.2768],[100.424289,7.279346],[100.42785,7.283745],[100.425692,7.292194],[100.428498,7.305388],[100.428174,7.310596],[100.420189,7.31974],[100.414793,7.329346],[100.410692,7.339763],[100.409829,7.350874],[100.401412,7.377031],[100.399902,7.38629],[100.39947,7.398327],[100.396233,7.405387],[100.386197,7.416383],[100.382636,7.425063],[100.387708,7.497053],[100.386413,7.511868],[100.355659,7.52784],[100.30915,7.504808],[100.295985,7.495433],[100.273108,7.49659],[100.260698,7.49659],[100.255842,7.504345],[100.238469,7.536752],[100.235447,7.546937],[100.233289,7.575641],[100.228757,7.614066],[100.226059,7.64115],[100.220016,7.695316],[100.216779,7.728302],[100.208254,7.751797],[100.202643,7.774135],[100.199729,7.783278],[100.190341,7.821357],[100.1775,7.876449]]]}},{"type":"Feature","id":"TH94","bbox":[101.017467,6.549837,101.724814,6.952034],"properties":{"ADM1_PCODE":"TH94","ADM1_TH":"ปัตตานี","ADM1_EN":"Pattani"},"geometry":{"type":"Polygon","coordinates":[[[101.724814,6.576805],[101.705175,6.607129],[101.685211,6.640115],[101.667838,6.664651],[101.659205,6.679813],[101.646688,6.703424],[101.640645,6.715693],[101.63622,6.717776],[101.628991,6.724142],[101.584208,6.80053],[101.56964,6.825993],[101.557554,6.845437],[101.550217,6.846132],[101.547627,6.844511],[101.537915,6.851571],[101.529066,6.860831],[101.526369,6.864997],[101.522268,6.86222],[101.515578,6.862335],[101.508779,6.86546],[101.487629,6.870437],[101.481694,6.870784],[101.47209,6.876687],[101.462378,6.881432],[101.451911,6.883516],[101.44371,6.886293],[101.439933,6.885136],[101.420617,6.88803],[101.402165,6.891502],[101.389971,6.894974],[101.385763,6.894974],[101.36213,6.902034],[101.354037,6.905738],[101.344325,6.911756],[101.334829,6.918932],[101.319938,6.933168],[101.309902,6.940228],[101.287133,6.951224],[101.278177,6.952034],[101.267062,6.947057],[101.260156,6.94671],[101.248825,6.943353],[101.239977,6.937219],[101.246991,6.93583],[101.251092,6.938608],[101.257566,6.938376],[101.261019,6.941733],[101.272781,6.944163],[101.275047,6.94127],[101.280011,6.947636],[101.286054,6.944974],[101.285838,6.937566],[101.293824,6.938376],[101.298572,6.934557],[101.301377,6.927728],[101.307528,6.92877],[101.3126,6.922983],[101.31983,6.92715],[101.324794,6.927613],[101.328247,6.921826],[101.328571,6.913955],[101.330405,6.910252],[101.339146,6.913029],[101.342922,6.910599],[101.341628,6.899719],[101.345297,6.896594],[101.346699,6.890113],[101.344541,6.886062],[101.340009,6.884789],[101.333534,6.876803],[101.333642,6.869743],[101.329973,6.871016],[101.321664,6.878539],[101.318751,6.878539],[101.309147,6.886409],[101.296306,6.879812],[101.290371,6.877844],[101.283572,6.882358],[101.284436,6.89127],[101.27235,6.892428],[101.266846,6.900182],[101.262638,6.902844],[101.252494,6.90134],[101.24343,6.896016],[101.238466,6.887798],[101.224762,6.877381],[101.21764,6.874025],[101.206957,6.871247],[101.198108,6.867775],[101.183109,6.864534],[101.169728,6.86384],[101.1598,6.860368],[101.141348,6.860715],[101.132283,6.859442],[101.116852,6.861062],[101.102824,6.860946],[101.066135,6.857127],[101.063221,6.851803],[101.056207,6.850877],[101.048114,6.846826],[101.043474,6.842775],[101.049193,6.834326],[101.04315,6.828886],[101.042179,6.817544],[101.044229,6.808748],[101.053725,6.801225],[101.041855,6.795322],[101.040452,6.790461],[101.033438,6.78178],[101.028582,6.779581],[101.029661,6.775183],[101.027179,6.768586],[101.031388,6.757359],[101.027503,6.75435],[101.03128,6.747637],[101.030201,6.737568],[101.022863,6.732938],[101.023295,6.729466],[101.017467,6.726341],[101.020057,6.722521],[101.032683,6.718123],[101.039589,6.719049],[101.039373,6.706318],[101.046171,6.709674],[101.057394,6.712568],[101.0602,6.706202],[101.061279,6.697406],[101.059768,6.688147],[101.063545,6.684443],[101.048869,6.663263],[101.061818,6.655739],[101.06894,6.644165],[101.07412,6.641851],[101.081674,6.643239],[101.090091,6.642198],[101.102284,6.636411],[101.105198,6.629582],[101.103579,6.627962],[101.111349,6.628425],[101.127104,6.612916],[101.132175,6.609675],[101.138326,6.608517],[101.147498,6.610601],[101.156779,6.607244],[101.161095,6.603425],[101.169944,6.604004],[101.176202,6.599837],[101.18559,6.599721],[101.199079,6.597291],[101.212784,6.595786],[101.218934,6.598448],[101.225625,6.608865],[101.231884,6.61523],[101.238898,6.633865],[101.248933,6.644165],[101.254868,6.641156],[101.27181,6.64648],[101.277961,6.655624],[101.278069,6.66442],[101.283356,6.675068],[101.279795,6.679235],[101.290802,6.682823],[101.297708,6.675994],[101.291881,6.672637],[101.289184,6.664767],[101.291989,6.658749],[101.296521,6.653656],[101.299003,6.647175],[101.297924,6.632823],[101.302996,6.622522],[101.300622,6.617777],[101.295766,6.617892],[101.292529,6.614189],[101.293392,6.601689],[101.297385,6.595786],[101.300082,6.585948],[101.298032,6.583749],[101.298572,6.577846],[101.301377,6.575532],[101.300406,6.570786],[101.306665,6.564652],[101.312816,6.566157],[101.325333,6.572291],[101.331376,6.566272],[101.339793,6.562337],[101.347778,6.556782],[101.356735,6.557476],[101.359109,6.55493],[101.364396,6.56361],[101.371626,6.567893],[101.383604,6.569745],[101.389,6.56905],[101.396554,6.571596],[101.400438,6.576458],[101.406265,6.579351],[101.416301,6.58942],[101.422668,6.593703],[101.429574,6.593587],[101.437883,6.590809],[101.439501,6.587106],[101.445868,6.582476],[101.448134,6.577962],[101.452451,6.577036],[101.459788,6.588957],[101.45817,6.597291],[101.468961,6.596943],[101.476838,6.59405],[101.477054,6.597522],[101.483097,6.599374],[101.489787,6.604119],[101.499068,6.600647],[101.503708,6.604582],[101.510182,6.601573],[101.519678,6.590925],[101.522052,6.583633],[101.517196,6.577731],[101.526045,6.571712],[101.529498,6.562684],[101.536728,6.555972],[101.550001,6.555277],[101.563382,6.549837],[101.574388,6.555046],[101.58205,6.556319],[101.586906,6.562569],[101.592409,6.565578],[101.594567,6.567777],[101.59392,6.574027],[101.596834,6.578194],[101.595215,6.582592],[101.587769,6.590115],[101.579136,6.592661],[101.573633,6.601457],[101.57687,6.609096],[101.576978,6.619397],[101.585287,6.62611],[101.596834,6.623679],[101.601689,6.624953],[101.604819,6.631203],[101.613452,6.63317],[101.615933,6.629235],[101.620358,6.629351],[101.626077,6.633054],[101.627156,6.624605],[101.630501,6.627846],[101.632983,6.623101],[101.638271,6.618587],[101.642911,6.620323],[101.647011,6.614767],[101.652515,6.60111],[101.656292,6.595439],[101.661363,6.593124],[101.660284,6.587106],[101.665464,6.584675],[101.66568,6.577846],[101.670536,6.573448],[101.687909,6.57287],[101.702693,6.568356],[101.706793,6.56824],[101.715318,6.571249],[101.724814,6.576805]]]}},{"type":"Feature","id":"TH95","bbox":[100.834777,5.613038,101.608811,6.682823],"properties":{"ADM1_PCODE":"TH95","ADM1_TH":"ยะลา","ADM1_EN":"Yala"},"geometry":{"type":"Polygon","coordinates":[[[101.592409,6.565578],[101.586906,6.562569],[101.58205,6.556319],[101.574388,6.555046],[101.563382,6.549837],[101.550001,6.555277],[101.536728,6.555972],[101.529498,6.562684],[101.526045,6.571712],[101.517196,6.577731],[101.522052,6.583633],[101.519678,6.590925],[101.510182,6.601573],[101.503708,6.604582],[101.499068,6.600647],[101.489787,6.604119],[101.483097,6.599374],[101.477054,6.597522],[101.476838,6.59405],[101.468961,6.596943],[101.45817,6.597291],[101.459788,6.588957],[101.452451,6.577036],[101.448134,6.577962],[101.445868,6.582476],[101.439501,6.587106],[101.437883,6.590809],[101.429574,6.593587],[101.422668,6.593703],[101.416301,6.58942],[101.406265,6.579351],[101.400438,6.576458],[101.396554,6.571596],[101.389,6.56905],[101.383604,6.569745],[101.371626,6.567893],[101.364396,6.56361],[101.359109,6.55493],[101.356735,6.557476],[101.347778,6.556782],[101.339793,6.562337],[101.331376,6.566272],[101.325333,6.572291],[101.312816,6.566157],[101.306665,6.564652],[101.300406,6.570786],[101.301377,6.575532],[101.298572,6.577846],[101.298032,6.583749],[101.300082,6.585948],[101.297385,6.595786],[101.293392,6.601689],[101.292529,6.614189],[101.295766,6.617892],[101.300622,6.617777],[101.302996,6.622522],[101.297924,6.632823],[101.299003,6.647175],[101.296521,6.653656],[101.291989,6.658749],[101.289184,6.664767],[101.291881,6.672637],[101.297708,6.675994],[101.290802,6.682823],[101.279795,6.679235],[101.283356,6.675068],[101.278069,6.66442],[101.277961,6.655624],[101.27181,6.64648],[101.254868,6.641156],[101.248933,6.644165],[101.238898,6.633865],[101.231884,6.61523],[101.225625,6.608865],[101.218934,6.598448],[101.212784,6.595786],[101.199079,6.597291],[101.18559,6.599721],[101.176202,6.599837],[101.169944,6.604004],[101.161095,6.603425],[101.156779,6.607244],[101.147498,6.610601],[101.138326,6.608517],[101.132175,6.609675],[101.127104,6.612916],[101.111349,6.628425],[101.103579,6.627962],[101.098508,6.621249],[101.090846,6.614652],[101.089551,6.609096],[101.091817,6.604119],[101.087069,6.60111],[101.084911,6.58942],[101.087393,6.578772],[101.087069,6.573448],[101.08394,6.570555],[101.079731,6.553888],[101.074767,6.553194],[101.069264,6.54405],[101.057286,6.542083],[101.04315,6.541736],[101.044445,6.533402],[101.044229,6.524837],[101.036999,6.520092],[101.03592,6.514884],[101.0411,6.509328],[101.04261,6.50493],[101.042718,6.485833],[101.034193,6.485717],[101.022431,6.482245],[101.020597,6.487685],[101.013367,6.483981],[100.999231,6.479004],[100.989735,6.48537],[100.986497,6.484328],[100.976786,6.486296],[100.975491,6.479467],[100.97193,6.476227],[100.972793,6.467662],[100.968369,6.466505],[100.963836,6.468125],[100.961247,6.461065],[100.960383,6.45088],[100.952074,6.449491],[100.95283,6.445093],[100.949053,6.442431],[100.942686,6.444398],[100.937938,6.443125],[100.932866,6.444514],[100.9306,6.436875],[100.9265,6.43294],[100.919809,6.418357],[100.919594,6.40956],[100.91722,6.398797],[100.920133,6.388959],[100.919486,6.383403],[100.922723,6.382246],[100.922291,6.374723],[100.927255,6.367894],[100.925313,6.358982],[100.926392,6.354352],[100.920889,6.354931],[100.920241,6.344399],[100.928766,6.330857],[100.92855,6.325302],[100.924665,6.324029],[100.927039,6.318936],[100.920133,6.320209],[100.915817,6.316274],[100.915061,6.311181],[100.910961,6.306205],[100.912148,6.303427],[100.897688,6.303658],[100.890566,6.299376],[100.888731,6.295672],[100.878372,6.296367],[100.870603,6.293705],[100.865855,6.295441],[100.860135,6.294283],[100.8501,6.290117],[100.844273,6.295325],[100.841035,6.300418],[100.837906,6.300186],[100.834777,6.295672],[100.836287,6.2922],[100.835208,6.28595],[100.84492,6.262339],[100.845891,6.257015],[100.844165,6.249724],[100.850747,6.233751],[100.854956,6.231552],[100.860135,6.236066],[100.866178,6.237802],[100.869739,6.24139],[100.865855,6.244168],[100.869632,6.253543],[100.870387,6.263612],[100.875027,6.262686],[100.875567,6.258867],[100.880854,6.254469],[100.883983,6.255048],[100.885926,6.250186],[100.891321,6.249955],[100.892616,6.239307],[100.902112,6.233636],[100.907292,6.236992],[100.908479,6.241159],[100.917435,6.247872],[100.922399,6.244515],[100.943765,6.243242],[100.947218,6.252617],[100.9456,6.257478],[100.946679,6.263149],[100.954772,6.265464],[100.956175,6.268705],[100.9647,6.272061],[100.96729,6.274723],[100.967074,6.283057],[100.972361,6.282362],[100.976678,6.279353],[100.984016,6.277848],[100.989735,6.265927],[100.99362,6.263149],[101.004303,6.258867],[101.007971,6.255973],[101.012612,6.248798],[101.018007,6.246599],[101.022108,6.249724],[101.027719,6.244978],[101.032035,6.244862],[101.039481,6.249724],[101.042934,6.249724],[101.050164,6.254469],[101.059876,6.253543],[101.063653,6.259446],[101.066998,6.255973],[101.073041,6.25771],[101.075631,6.255742],[101.082105,6.259446],[101.094623,6.260372],[101.101961,6.254469],[101.111996,6.251228],[101.111133,6.247872],[101.104982,6.239654],[101.112859,6.226923],[101.112752,6.222756],[101.118579,6.212571],[101.11491,6.204701],[101.122356,6.201228],[101.126456,6.194168],[101.11642,6.184446],[101.10768,6.179585],[101.095378,6.179006],[101.093004,6.176576],[101.085343,6.178659],[101.081997,6.174493],[101.074767,6.170326],[101.075739,6.160719],[101.070775,6.159446],[101.065163,6.152965],[101.060415,6.150534],[101.058473,6.143011],[101.061818,6.140812],[101.071099,6.139886],[101.074444,6.135951],[101.088688,6.134447],[101.094299,6.128891],[101.105198,6.123451],[101.107356,6.11697],[101.113831,6.113035],[101.118255,6.114886],[101.123543,6.110373],[101.127104,6.104354],[101.127211,6.097641],[101.114694,6.091507],[101.116528,6.085836],[101.115341,6.080396],[101.110054,6.074146],[101.110701,6.066276],[101.104227,6.063151],[101.104227,6.059331],[101.100126,6.050998],[101.113615,6.039308],[101.111349,6.031322],[101.107572,6.028197],[101.11027,6.023452],[101.108327,6.018012],[101.112212,6.008521],[101.108543,6.005975],[101.106061,5.999378],[101.106817,5.990813],[101.113831,5.988846],[101.1175,5.983637],[101.122679,5.982017],[101.123866,5.977156],[101.119658,5.974378],[101.114694,5.967434],[101.113399,5.960142],[101.109298,5.959216],[101.101205,5.95204],[101.095486,5.950188],[101.099479,5.942318],[101.09268,5.933638],[101.091925,5.926462],[101.088904,5.921138],[101.086422,5.910837],[101.075739,5.918013],[101.070343,5.917434],[101.061602,5.919402],[101.056747,5.916508],[101.055128,5.91211],[101.050704,5.910605],[101.0452,5.915814],[101.037754,5.917897],[101.025561,5.912226],[101.029122,5.901693],[101.024158,5.89718],[101.022755,5.892318],[101.018439,5.886068],[101.014338,5.883175],[101.014122,5.877041],[101.008943,5.8738],[101.00959,5.857481],[101.006245,5.852272],[101.008835,5.84556],[101.009051,5.836763],[101.006892,5.832134],[101.001281,5.828199],[100.998907,5.818592],[100.99254,5.812689],[100.983368,5.808291],[100.988332,5.796833],[100.988548,5.784796],[100.995454,5.784796],[100.997828,5.780051],[101.0029,5.780166],[101.006892,5.774842],[101.007432,5.769981],[101.01736,5.767319],[101.021784,5.754241],[101.027395,5.75019],[101.033978,5.738153],[101.037431,5.736995],[101.042287,5.740699],[101.049732,5.740005],[101.057178,5.744287],[101.060308,5.744171],[101.062358,5.726695],[101.067753,5.728315],[101.07617,5.724958],[101.083076,5.720329],[101.080163,5.713384],[101.08394,5.71188],[101.089443,5.703547],[101.095486,5.702968],[101.094407,5.696718],[101.10455,5.684102],[101.110378,5.681672],[101.118687,5.670445],[101.119442,5.663616],[101.125269,5.652852],[101.12473,5.646834],[101.128614,5.641163],[101.127859,5.634334],[101.12937,5.625885],[101.135628,5.613038],[101.144261,5.615584],[101.144153,5.623107],[101.151383,5.622413],[101.156239,5.626695],[101.163469,5.63063],[101.168433,5.636186],[101.167138,5.64232],[101.171994,5.647876],[101.17426,5.647413],[101.18872,5.650885],[101.196058,5.649727],[101.203072,5.654473],[101.204583,5.660376],[101.209331,5.659565],[101.21451,5.661996],[101.217424,5.6657],[101.218827,5.673107],[101.22174,5.675306],[101.219366,5.680283],[101.218179,5.687922],[101.233286,5.688269],[101.242675,5.692436],[101.246128,5.697065],[101.25066,5.699727],[101.248825,5.704588],[101.251523,5.708523],[101.259724,5.712111],[101.260803,5.71813],[101.25789,5.719519],[101.258969,5.734796],[101.254545,5.742551],[101.2553,5.751579],[101.249905,5.760028],[101.254868,5.772991],[101.259616,5.778662],[101.257998,5.787574],[101.262422,5.794402],[101.263609,5.801],[101.269544,5.803893],[101.271271,5.806787],[101.278608,5.812342],[101.291126,5.816393],[101.295982,5.812226],[101.304507,5.814194],[101.306557,5.805051],[101.31465,5.802736],[101.320909,5.812574],[101.324362,5.813731],[101.333211,5.810606],[101.337959,5.807134],[101.345512,5.809101],[101.347994,5.816277],[101.347023,5.823222],[101.358246,5.83306],[101.361375,5.831439],[101.373569,5.832365],[101.373569,5.836879],[101.379935,5.850999],[101.385978,5.85343],[101.389431,5.858522],[101.389216,5.865583],[101.39159,5.875883],[101.397417,5.87299],[101.402812,5.874263],[101.406265,5.872295],[101.414466,5.873916],[101.417272,5.876694],[101.424718,5.874263],[101.428818,5.874842],[101.431192,5.871485],[101.437559,5.872411],[101.446947,5.870791],[101.45504,5.867782],[101.459033,5.873569],[101.46486,5.876809],[101.47468,5.870328],[101.478888,5.87299],[101.484823,5.870328],[101.488061,5.883754],[101.494104,5.881902],[101.498744,5.88792],[101.502197,5.889656],[101.498744,5.899726],[101.493564,5.898337],[101.489895,5.90123],[101.492161,5.906092],[101.490003,5.914309],[101.492377,5.922179],[101.490111,5.93711],[101.494212,5.941161],[101.497125,5.947874],[101.49173,5.94961],[101.490974,5.954702],[101.486226,5.956323],[101.484608,5.961531],[101.485579,5.968823],[101.483529,5.971716],[101.484176,5.97785],[101.478888,5.976461],[101.476838,5.979818],[101.475651,5.988267],[101.478133,5.999031],[101.477594,6.005628],[101.482449,6.012572],[101.47727,6.025535],[101.47932,6.029586],[101.478025,6.035257],[101.47414,6.040003],[101.477594,6.041855],[101.478457,6.04741],[101.475651,6.06535],[101.466803,6.080164],[101.460868,6.077387],[101.452559,6.078544],[101.446516,6.082132],[101.444573,6.086646],[101.437235,6.096947],[101.437991,6.10447],[101.441012,6.109447],[101.436048,6.11697],[101.437559,6.122873],[101.435401,6.128775],[101.429682,6.129701],[101.427416,6.140581],[101.422883,6.144053],[101.416517,6.142896],[101.411121,6.15146],[101.411661,6.157132],[101.398712,6.157826],[101.393856,6.159794],[101.386734,6.167432],[101.386086,6.181668],[101.383712,6.188844],[101.380475,6.193242],[101.371411,6.209562],[101.377993,6.214654],[101.394611,6.222872],[101.397093,6.229353],[101.403352,6.23977],[101.395043,6.245788],[101.396769,6.253659],[101.400978,6.259793],[101.400115,6.265348],[101.402596,6.271135],[101.399791,6.277154],[101.399575,6.281899],[101.394935,6.286182],[101.395474,6.293936],[101.393856,6.301459],[101.397633,6.30551],[101.399791,6.311297],[101.399791,6.317779],[101.389647,6.326459],[101.387597,6.336529],[101.389,6.340348],[101.396769,6.348218],[101.398604,6.359561],[101.404107,6.362917],[101.410366,6.368704],[101.416948,6.372639],[101.419646,6.381783],[101.419538,6.390116],[101.411985,6.395787],[101.413711,6.399144],[101.418567,6.401227],[101.421912,6.406898],[101.42256,6.416736],[101.424826,6.422523],[101.434861,6.429236],[101.442847,6.428195],[101.457307,6.431783],[101.462594,6.424607],[101.469177,6.426227],[101.467666,6.437801],[101.464536,6.442662],[101.465939,6.449259],[101.463026,6.453542],[101.463026,6.45794],[101.466587,6.464653],[101.486766,6.462917],[101.493888,6.456782],[101.502736,6.454352],[101.5077,6.451343],[101.514283,6.458866],[101.523455,6.465694],[101.535757,6.468356],[101.542663,6.480509],[101.552375,6.481782],[101.561439,6.487685],[101.563489,6.494861],[101.568669,6.498565],[101.573633,6.49868],[101.578813,6.504583],[101.58205,6.51199],[101.590791,6.512106],[101.592193,6.518819],[101.590898,6.52287],[101.595107,6.529467],[101.597805,6.529467],[101.603308,6.534907],[101.608811,6.544282],[101.598452,6.551226],[101.597157,6.561064],[101.592409,6.565578]]]}},{"type":"Feature","id":"TH96","bbox":[101.371411,5.732366,102.092893,6.63317],"properties":{"ADM1_PCODE":"TH96","ADM1_TH":"นราธิวาส","ADM1_EN":"Narathiwat"},"geometry":{"type":"Polygon","coordinates":[[[101.724814,6.576805],[101.715318,6.571249],[101.706793,6.56824],[101.702693,6.568356],[101.687909,6.57287],[101.670536,6.573448],[101.66568,6.577846],[101.665464,6.584675],[101.660284,6.587106],[101.661363,6.593124],[101.656292,6.595439],[101.652515,6.60111],[101.647011,6.614767],[101.642911,6.620323],[101.638271,6.618587],[101.632983,6.623101],[101.630501,6.627846],[101.627156,6.624605],[101.626077,6.633054],[101.620358,6.629351],[101.615933,6.629235],[101.613452,6.63317],[101.604819,6.631203],[101.601689,6.624953],[101.596834,6.623679],[101.585287,6.62611],[101.576978,6.619397],[101.57687,6.609096],[101.573633,6.601457],[101.579136,6.592661],[101.587769,6.590115],[101.595215,6.582592],[101.596834,6.578194],[101.59392,6.574027],[101.594567,6.567777],[101.592409,6.565578],[101.597157,6.561064],[101.598452,6.551226],[101.608811,6.544282],[101.603308,6.534907],[101.597805,6.529467],[101.595107,6.529467],[101.590898,6.52287],[101.592193,6.518819],[101.590791,6.512106],[101.58205,6.51199],[101.578813,6.504583],[101.573633,6.49868],[101.568669,6.498565],[101.563489,6.494861],[101.561439,6.487685],[101.552375,6.481782],[101.542663,6.480509],[101.535757,6.468356],[101.523455,6.465694],[101.514283,6.458866],[101.5077,6.451343],[101.502736,6.454352],[101.493888,6.456782],[101.486766,6.462917],[101.466587,6.464653],[101.463026,6.45794],[101.463026,6.453542],[101.465939,6.449259],[101.464536,6.442662],[101.467666,6.437801],[101.469177,6.426227],[101.462594,6.424607],[101.457307,6.431783],[101.442847,6.428195],[101.434861,6.429236],[101.424826,6.422523],[101.42256,6.416736],[101.421912,6.406898],[101.418567,6.401227],[101.413711,6.399144],[101.411985,6.395787],[101.419538,6.390116],[101.419646,6.381783],[101.416948,6.372639],[101.410366,6.368704],[101.404107,6.362917],[101.398604,6.359561],[101.396769,6.348218],[101.389,6.340348],[101.387597,6.336529],[101.389647,6.326459],[101.399791,6.317779],[101.399791,6.311297],[101.397633,6.30551],[101.393856,6.301459],[101.395474,6.293936],[101.394935,6.286182],[101.399575,6.281899],[101.399791,6.277154],[101.402596,6.271135],[101.400115,6.265348],[101.400978,6.259793],[101.396769,6.253659],[101.395043,6.245788],[101.403352,6.23977],[101.397093,6.229353],[101.394611,6.222872],[101.377993,6.214654],[101.371411,6.209562],[101.380475,6.193242],[101.383712,6.188844],[101.386086,6.181668],[101.386734,6.167432],[101.393856,6.159794],[101.398712,6.157826],[101.411661,6.157132],[101.411121,6.15146],[101.416517,6.142896],[101.422883,6.144053],[101.427416,6.140581],[101.429682,6.129701],[101.435401,6.128775],[101.437559,6.122873],[101.436048,6.11697],[101.441012,6.109447],[101.437991,6.10447],[101.437235,6.096947],[101.444573,6.086646],[101.446516,6.082132],[101.452559,6.078544],[101.460868,6.077387],[101.466803,6.080164],[101.475651,6.06535],[101.478457,6.04741],[101.477594,6.041855],[101.47414,6.040003],[101.478025,6.035257],[101.47932,6.029586],[101.47727,6.025535],[101.482449,6.012572],[101.477594,6.005628],[101.478133,5.999031],[101.475651,5.988267],[101.476838,5.979818],[101.478888,5.976461],[101.484176,5.97785],[101.483529,5.971716],[101.485579,5.968823],[101.484608,5.961531],[101.486226,5.956323],[101.490974,5.954702],[101.49173,5.94961],[101.497125,5.947874],[101.494212,5.941161],[101.490111,5.93711],[101.492377,5.922179],[101.490003,5.914309],[101.492161,5.906092],[101.489895,5.90123],[101.493564,5.898337],[101.498744,5.899726],[101.502197,5.889656],[101.507916,5.894402],[101.508132,5.897064],[101.515146,5.903661],[101.517844,5.899842],[101.523671,5.898684],[101.526153,5.909101],[101.540073,5.919054],[101.554101,5.921253],[101.55831,5.91917],[101.572446,5.925652],[101.574928,5.93005],[101.581079,5.934564],[101.587014,5.930744],[101.589388,5.918591],[101.598021,5.911763],[101.608811,5.915003],[101.614854,5.911184],[101.614962,5.901346],[101.618307,5.895675],[101.622084,5.895328],[101.621869,5.885027],[101.623163,5.876925],[101.631041,5.87542],[101.637947,5.870791],[101.641616,5.870328],[101.646904,5.874495],[101.654133,5.877619],[101.65845,5.874957],[101.662442,5.867203],[101.655644,5.857365],[101.660176,5.852041],[101.66104,5.848337],[101.659421,5.841624],[101.656723,5.838499],[101.65845,5.834101],[101.658666,5.825999],[101.657263,5.818708],[101.659421,5.812226],[101.66255,5.81512],[101.667514,5.807828],[101.66514,5.799495],[101.669996,5.795328],[101.668917,5.790583],[101.678737,5.781324],[101.685103,5.78306],[101.687693,5.780629],[101.690067,5.77218],[101.688772,5.764194],[101.690175,5.756092],[101.698376,5.752273],[101.706362,5.754935],[101.709059,5.761301],[101.715102,5.764657],[101.71726,5.780745],[101.716613,5.785606],[101.719095,5.7885],[101.72244,5.780398],[101.725677,5.78468],[101.740569,5.783407],[101.744346,5.794287],[101.748338,5.793129],[101.754166,5.79718],[101.761827,5.79475],[101.766359,5.789194],[101.773697,5.786532],[101.776611,5.782828],[101.774129,5.773916],[101.775424,5.769055],[101.782222,5.761069],[101.792473,5.751],[101.79938,5.75019],[101.803696,5.744403],[101.808444,5.743708],[101.8174,5.732944],[101.823875,5.732366],[101.827868,5.737921],[101.826681,5.747065],[101.823659,5.75343],[101.819343,5.757597],[101.822472,5.761879],[101.830026,5.776463],[101.8324,5.778893],[101.836393,5.789426],[101.841356,5.790583],[101.8556,5.791625],[101.864125,5.794287],[101.863909,5.803314],[101.873837,5.803662],[101.87729,5.806787],[101.879664,5.816393],[101.876859,5.820212],[101.88042,5.832597],[101.884844,5.835027],[101.886786,5.839194],[101.891858,5.838268],[101.895419,5.843939],[101.905239,5.841393],[101.917217,5.843013],[101.923691,5.849495],[101.929734,5.852967],[101.927684,5.857481],[101.931353,5.861647],[101.937612,5.861879],[101.943115,5.871832],[101.93923,5.879356],[101.940525,5.885258],[101.933511,5.899726],[101.932972,5.906902],[101.927144,5.910721],[101.921857,5.911184],[101.921533,5.918476],[101.923583,5.923915],[101.929087,5.925883],[101.92995,5.931207],[101.929087,5.944749],[101.929734,5.949378],[101.936533,5.947874],[101.943762,5.953661],[101.941388,5.959448],[101.942899,5.965119],[101.941065,5.967549],[101.944302,5.97704],[101.943007,5.982017],[101.945489,5.986531],[101.949158,5.983869],[101.955525,5.995559],[101.964697,5.997179],[101.965668,6.000883],[101.972466,6.005512],[101.971171,6.019169],[101.976135,6.023336],[101.978294,6.027503],[101.984121,6.029818],[101.987682,6.036878],[101.993401,6.040813],[101.999012,6.039655],[102.004192,6.044169],[102.003113,6.049841],[102.011853,6.051114],[102.015954,6.053891],[102.019515,6.052155],[102.02286,6.062225],[102.029658,6.065697],[102.039694,6.073336],[102.044334,6.074609],[102.049838,6.079123],[102.054262,6.080396],[102.057391,6.085373],[102.059226,6.096831],[102.061276,6.102965],[102.066887,6.108984],[102.070232,6.108636],[102.072822,6.117317],[102.078218,6.123104],[102.082858,6.136761],[102.092893,6.145789],[102.091491,6.154122],[102.088037,6.159215],[102.083937,6.16153],[102.085771,6.165233],[102.078434,6.172988],[102.0807,6.180858],[102.077462,6.191275],[102.07757,6.198104],[102.079944,6.201807],[102.079081,6.210256],[102.080268,6.224376],[102.083937,6.229585],[102.091922,6.236066],[102.089117,6.244862],[102.081779,6.249955],[102.069477,6.256784],[102.060413,6.263612],[102.011961,6.295904],[101.999875,6.30308],[101.97279,6.322293],[101.952719,6.338612],[101.943547,6.347408],[101.941496,6.347987],[101.934051,6.357015],[101.912037,6.379815],[101.886247,6.410139],[101.874916,6.424375],[101.859485,6.428889],[101.856032,6.4275],[101.847184,6.432361],[101.837472,6.440463],[101.832939,6.44625],[101.824199,6.447639],[101.816321,6.452847],[101.800675,6.470092],[101.790639,6.482824],[101.779201,6.498796],[101.773589,6.505509],[101.752871,6.53456],[101.740785,6.55331],[101.724814,6.576805]]]}}]}
